{
  "iter_idx": 30,
  "n0_value": 0,
  "mode": "windows",
  "is_final_mlp": true,
  "orig_indices": [
    26,
    56,
    86,
    116,
    146,
    176,
    206,
    236,
    266,
    296,
    326,
    356,
    386,
    416,
    446,
    476
  ],
  "input_dim": 16,
  "hidden_sizes": [
    10,
    10,
    10
  ],
  "mlp_mode": "mlp_transfer",
  "mlp_metrics": {
    "train_mse": 67.62432861328125,
    "val_mse": 94.53665161132812,
    "train_rmse": 8.22340128008364,
    "val_rmse": 9.72299602032872,
    "train_mae": 6.964191913604736,
    "val_mae": 8.430730819702148,
    "train_r2": 0.01870143413543701,
    "val_r2": -0.19112396240234375
  },
  "mlp_train_time": 3.5186014401260763
}