{
  "iter_idx": 28,
  "n0_value": 2,
  "mode": "windows",
  "baseline_mode": "capped",
  "baseline_slack": 0.0,
  "baseline_mae_clusters": 5.043528446554835,
  "baseline_mae_floor": 5.043528446554835,
  "summary_1": [
    {
      "Solver Status": "Normal",
      "Model Status": "OptimalGlobal",
      "Objective": 6.76756229709889,
      "Num of Equations": 6200,
      "Num of Variables": 4652,
      "Model Type": "MIP",
      "Solver": "GUROBI",
      "Solver Time": 0.59
    }
  ],
  "summary_2": [
    {
      "Solver Status": "Resource",
      "Model Status": "Feasible",
      "Objective": 5.9388087520123,
      "Num of Equations": 8121,
      "Num of Variables": 5622,
      "Model Type": "MIP",
      "Solver": "GUROBI",
      "Solver Time": 60.129
    }
  ],
  "selection_df": [
    {
      "w": "1",
      "level": 1.0,
      "marginal": -0.0,
      "lower": 0.0,
      "upper": 1.0,
      "scale": 1.0
    },
    {
      "w": "2",
      "level": 1.0,
      "marginal": -0.0,
      "lower": 0.0,
      "upper": 1.0,
      "scale": 1.0
    },
    {
      "w": "3",
      "level": 0.0,
      "marginal": -0.0,
      "lower": 0.0,
      "upper": 1.0,
      "scale": 1.0
    }
  ],
  "selected_original": [
    0,
    26
  ],
  "selection_vector": [
    1,
    0,
    0,
    0,
    0,
    0,
    0,
    0,
    0,
    0,
    0,
    0,
    0,
    0,
    0,
    0,
    0,
    0,
    0,
    0,
    0,
    0,
    0,
    0,
    0,
    0,
    1,
    0,
    0,
    0
  ],
  "importance_vector": [
    52.289665106091874,
    0.0,
    0.0,
    0.0,
    0.0,
    0.0,
    0.0,
    0.0,
    0.0,
    0.0,
    0.0,
    0.0,
    0.0,
    0.0,
    0.0,
    0.0,
    0.0,
    0.0,
    0.0,
    0.0,
    0.0,
    0.0,
    0.0,
    0.0,
    0.0,
    0.0,
    46.19086342563508,
    0.0,
    0.0,
    0.0
  ],
  "importance_vector_norm": [
    0.5309645052244616,
    0.0,
    0.0,
    0.0,
    0.0,
    0.0,
    0.0,
    0.0,
    0.0,
    0.0,
    0.0,
    0.0,
    0.0,
    0.0,
    0.0,
    0.0,
    0.0,
    0.0,
    0.0,
    0.0,
    0.0,
    0.0,
    0.0,
    0.0,
    0.0,
    0.0,
    0.46903549477553846,
    0.0,
    0.0,
    0.0
  ],
  "selected_sensors": [
    1,
    2,
    3,
    4,
    5,
    6,
    7,
    8,
    9,
    10,
    11,
    12,
    13,
    14,
    15,
    16
  ],
  "selected_windows": [
    1,
    27
  ],
  "X_train_shape_next": [
    100,
    16,
    2
  ],
  "X_val_shape_next": [
    100,
    16,
    2
  ],
  "M_curr": 16,
  "W_curr": 3,
  "input_dim": 48,
  "orig_indices": [
    0,
    26,
    27,
    30,
    56,
    57,
    60,
    86,
    87,
    90,
    116,
    117,
    120,
    146,
    147,
    150,
    176,
    177,
    180,
    206,
    207,
    210,
    236,
    237,
    240,
    266,
    267,
    270,
    296,
    297,
    300,
    326,
    327,
    330,
    356,
    357,
    360,
    386,
    387,
    390,
    416,
    417,
    420,
    446,
    447,
    450,
    476,
    477
  ],
  "surrogate_from_baseline": false,
  "hidden_sizes": [
    10,
    10,
    10
  ],
  "mlp_mode": "mlp_transfer",
  "mlp_metrics": {
    "train_mse": 49.77165603637695,
    "val_mse": 68.87435150146484,
    "train_rmse": 7.054902978523302,
    "val_rmse": 8.299057265826333,
    "train_mae": 5.982761383056641,
    "val_mae": 7.195581436157227,
    "train_r2": 0.2777620553970337,
    "val_r2": 0.13221073150634766
  },
  "mlp_train_time": 3.525403087027371
}