{
  "iter_idx": 27,
  "n0_value": 3,
  "mode": "windows",
  "baseline_mode": "capped",
  "baseline_slack": 0.0,
  "baseline_mae_clusters": 5.043528446554835,
  "baseline_mae_floor": 5.043528446554835,
  "summary_1": [
    {
      "Solver Status": "Normal",
      "Model Status": "OptimalGlobal",
      "Objective": 6.91837178786747,
      "Num of Equations": 6216,
      "Num of Variables": 4669,
      "Model Type": "MIP",
      "Solver": "GUROBI",
      "Solver Time": 1.096
    }
  ],
  "summary_2": [
    {
      "Solver Status": "Normal",
      "Model Status": "OptimalGlobal",
      "Objective": 5.04352844655484,
      "Num of Equations": 8777,
      "Num of Variables": 5959,
      "Model Type": "MIP",
      "Solver": "GUROBI",
      "Solver Time": 52.032
    }
  ],
  "selection_df": [
    {
      "w": "1",
      "level": 1.0,
      "marginal": -0.0,
      "lower": 0.0,
      "upper": 1.0,
      "scale": 1.0
    },
    {
      "w": "2",
      "level": 0.0,
      "marginal": -0.0,
      "lower": 0.0,
      "upper": 1.0,
      "scale": 1.0
    },
    {
      "w": "3",
      "level": 1.0,
      "marginal": -0.0,
      "lower": 0.0,
      "upper": 1.0,
      "scale": 1.0
    },
    {
      "w": "4",
      "level": 1.0,
      "marginal": -0.0,
      "lower": 0.0,
      "upper": 1.0,
      "scale": 1.0
    }
  ],
  "selected_original": [
    0,
    26,
    27
  ],
  "selection_vector": [
    1,
    0,
    0,
    0,
    0,
    0,
    0,
    0,
    0,
    0,
    0,
    0,
    0,
    0,
    0,
    0,
    0,
    0,
    0,
    0,
    0,
    0,
    0,
    0,
    0,
    0,
    1,
    1,
    0,
    0
  ],
  "importance_vector": [
    46.42110469748678,
    0.0,
    0.0,
    0.0,
    0.0,
    0.0,
    0.0,
    0.0,
    0.0,
    0.0,
    0.0,
    0.0,
    0.0,
    0.0,
    0.0,
    0.0,
    0.0,
    0.0,
    0.0,
    0.0,
    0.0,
    0.0,
    0.0,
    0.0,
    0.0,
    0.0,
    44.35746471398769,
    44.42697349040591,
    0.0,
    0.0
  ],
  "importance_vector_norm": [
    0.34333729003384794,
    0.0,
    0.0,
    0.0,
    0.0,
    0.0,
    0.0,
    0.0,
    0.0,
    0.0,
    0.0,
    0.0,
    0.0,
    0.0,
    0.0,
    0.0,
    0.0,
    0.0,
    0.0,
    0.0,
    0.0,
    0.0,
    0.0,
    0.0,
    0.0,
    0.0,
    0.32807430643711266,
    0.32858840352903934,
    0.0,
    0.0
  ],
  "selected_sensors": [
    1,
    2,
    3,
    4,
    5,
    6,
    7,
    8,
    9,
    10,
    11,
    12,
    13,
    14,
    15,
    16
  ],
  "selected_windows": [
    1,
    27,
    28
  ],
  "X_train_shape_next": [
    100,
    16,
    3
  ],
  "X_val_shape_next": [
    100,
    16,
    3
  ],
  "M_curr": 16,
  "W_curr": 4,
  "input_dim": 64,
  "orig_indices": [
    0,
    7,
    26,
    27,
    30,
    37,
    56,
    57,
    60,
    67,
    86,
    87,
    90,
    97,
    116,
    117,
    120,
    127,
    146,
    147,
    150,
    157,
    176,
    177,
    180,
    187,
    206,
    207,
    210,
    217,
    236,
    237,
    240,
    247,
    266,
    267,
    270,
    277,
    296,
    297,
    300,
    307,
    326,
    327,
    330,
    337,
    356,
    357,
    360,
    367,
    386,
    387,
    390,
    397,
    416,
    417,
    420,
    427,
    446,
    447,
    450,
    457,
    476,
    477
  ],
  "surrogate_from_baseline": false,
  "hidden_sizes": [
    10,
    10,
    10
  ],
  "mlp_mode": "mlp_transfer",
  "mlp_metrics": {
    "train_mse": 43.14308547973633,
    "val_mse": 59.353946685791016,
    "train_rmse": 6.568339628835915,
    "val_rmse": 7.704151263169163,
    "train_mae": 5.495080947875977,
    "val_mae": 6.585528373718262,
    "train_r2": 0.37394940853118896,
    "val_r2": 0.25216400623321533
  },
  "mlp_train_time": 3.597804535878822
}