{
  "iter_idx": 29,
  "n0_value": 1,
  "mode": "windows",
  "baseline_mode": "capped",
  "baseline_slack": 0.0,
  "baseline_mae_clusters": 4.250129940801639,
  "baseline_mae_floor": 4.250129940801639,
  "summary_1": [
    {
      "Solver Status": "Normal",
      "Model Status": "OptimalGlobal",
      "Objective": 3.74417621576357,
      "Num of Equations": 4182,
      "Num of Variables": 3133,
      "Model Type": "MIP",
      "Solver": "GUROBI",
      "Solver Time": 0.035
    }
  ],
  "summary_2": [
    {
      "Solver Status": "Normal",
      "Model Status": "OptimalGlobal",
      "Objective": 4.25012994080164,
      "Num of Equations": 5383,
      "Num of Variables": 3743,
      "Model Type": "MIP",
      "Solver": "GUROBI",
      "Solver Time": 6.636
    }
  ],
  "selection_df": [
    {
      "w": "1",
      "level": 0.0,
      "marginal": -0.0,
      "lower": 0.0,
      "upper": 1.0,
      "scale": 1.0
    },
    {
      "w": "2",
      "level": 1.0,
      "marginal": -0.0,
      "lower": 0.0,
      "upper": 1.0,
      "scale": 1.0
    }
  ],
  "selected_original": [
    29
  ],
  "selection_vector": [
    0,
    0,
    0,
    0,
    0,
    0,
    0,
    0,
    0,
    0,
    0,
    0,
    0,
    0,
    0,
    0,
    0,
    0,
    0,
    0,
    0,
    0,
    0,
    0,
    0,
    0,
    0,
    0,
    0,
    1
  ],
  "importance_vector": [
    0.0,
    0.0,
    0.0,
    0.0,
    0.0,
    0.0,
    0.0,
    0.0,
    0.0,
    0.0,
    0.0,
    0.0,
    0.0,
    0.0,
    0.0,
    0.0,
    0.0,
    0.0,
    0.0,
    0.0,
    0.0,
    0.0,
    0.0,
    0.0,
    0.0,
    0.0,
    0.0,
    0.0,
    0.0,
    42.75896978646794
  ],
  "importance_vector_norm": [
    0.0,
    0.0,
    0.0,
    0.0,
    0.0,
    0.0,
    0.0,
    0.0,
    0.0,
    0.0,
    0.0,
    0.0,
    0.0,
    0.0,
    0.0,
    0.0,
    0.0,
    0.0,
    0.0,
    0.0,
    0.0,
    0.0,
    0.0,
    0.0,
    0.0,
    0.0,
    0.0,
    0.0,
    0.0,
    1.0
  ],
  "selected_sensors": [
    1,
    2,
    3,
    4,
    5,
    6,
    7,
    8,
    9,
    10,
    11,
    12,
    13,
    14,
    15
  ],
  "selected_windows": [
    30
  ],
  "X_train_shape_next": [
    100,
    15,
    1
  ],
  "X_val_shape_next": [
    100,
    15,
    1
  ],
  "M_curr": 15,
  "W_curr": 2,
  "input_dim": 30,
  "orig_indices": [
    18,
    29,
    48,
    59,
    78,
    89,
    108,
    119,
    138,
    149,
    168,
    179,
    198,
    209,
    228,
    239,
    258,
    269,
    288,
    299,
    318,
    329,
    348,
    359,
    378,
    389,
    408,
    419,
    438,
    449
  ],
  "surrogate_from_baseline": false,
  "hidden_sizes": [
    10,
    10
  ],
  "mlp_mode": "mlp_transfer",
  "mlp_metrics": {
    "train_mse": 18.154876708984375,
    "val_mse": 48.537872314453125,
    "train_rmse": 4.260853988226348,
    "val_rmse": 6.966912681701496,
    "train_mae": 3.530698299407959,
    "val_mae": 5.342827320098877,
    "train_r2": 0.7365540266036987,
    "val_r2": 0.3884422183036804
  },
  "mlp_train_time": 3.4862882390152663
}