{
  "iter_idx": 27,
  "n0_value": 3,
  "mode": "windows",
  "baseline_mode": "capped",
  "baseline_slack": 0.0,
  "baseline_mae_clusters": 4.250129940801639,
  "baseline_mae_floor": 4.250129940801639,
  "summary_1": [
    {
      "Solver Status": "Normal",
      "Model Status": "OptimalGlobal",
      "Objective": 4.44759038221556,
      "Num of Equations": 4212,
      "Num of Variables": 3165,
      "Model Type": "MIP",
      "Solver": "GUROBI",
      "Solver Time": 0.368
    }
  ],
  "summary_2": [
    {
      "Solver Status": "Normal",
      "Model Status": "OptimalGlobal",
      "Objective": 4.25012994080164,
      "Num of Equations": 6613,
      "Num of Variables": 4375,
      "Model Type": "MIP",
      "Solver": "GUROBI",
      "Solver Time": 7.146
    }
  ],
  "selection_df": [
    {
      "w": "1",
      "level": 0.0,
      "marginal": -0.0,
      "lower": 0.0,
      "upper": 1.0,
      "scale": 1.0
    },
    {
      "w": "2",
      "level": 1.0,
      "marginal": -0.0,
      "lower": 0.0,
      "upper": 1.0,
      "scale": 1.0
    },
    {
      "w": "3",
      "level": 1.0,
      "marginal": -0.0,
      "lower": 0.0,
      "upper": 1.0,
      "scale": 1.0
    },
    {
      "w": "4",
      "level": 1.0,
      "marginal": -0.0,
      "lower": 0.0,
      "upper": 1.0,
      "scale": 1.0
    }
  ],
  "selected_original": [
    8,
    18,
    29
  ],
  "selection_vector": [
    0,
    0,
    0,
    0,
    0,
    0,
    0,
    0,
    1,
    0,
    0,
    0,
    0,
    0,
    0,
    0,
    0,
    0,
    1,
    0,
    0,
    0,
    0,
    0,
    0,
    0,
    0,
    0,
    0,
    1
  ],
  "importance_vector": [
    0.0,
    0.0,
    0.0,
    0.0,
    0.0,
    0.0,
    0.0,
    0.0,
    32.317613467482495,
    0.0,
    0.0,
    0.0,
    0.0,
    0.0,
    0.0,
    0.0,
    0.0,
    0.0,
    29.851408581686027,
    0.0,
    0.0,
    0.0,
    0.0,
    0.0,
    0.0,
    0.0,
    0.0,
    0.0,
    0.0,
    49.67470876733476
  ],
  "importance_vector_norm": [
    0.0,
    0.0,
    0.0,
    0.0,
    0.0,
    0.0,
    0.0,
    0.0,
    0.28895328537014275,
    0.0,
    0.0,
    0.0,
    0.0,
    0.0,
    0.0,
    0.0,
    0.0,
    0.0,
    0.266902832762811,
    0.0,
    0.0,
    0.0,
    0.0,
    0.0,
    0.0,
    0.0,
    0.0,
    0.0,
    0.0,
    0.44414388186704634
  ],
  "selected_sensors": [
    1,
    2,
    3,
    4,
    5,
    6,
    7,
    8,
    9,
    10,
    11,
    12,
    13,
    14,
    15
  ],
  "selected_windows": [
    9,
    19,
    30
  ],
  "X_train_shape_next": [
    100,
    15,
    3
  ],
  "X_val_shape_next": [
    100,
    15,
    3
  ],
  "M_curr": 15,
  "W_curr": 4,
  "input_dim": 60,
  "orig_indices": [
    5,
    8,
    18,
    29,
    35,
    38,
    48,
    59,
    65,
    68,
    78,
    89,
    95,
    98,
    108,
    119,
    125,
    128,
    138,
    149,
    155,
    158,
    168,
    179,
    185,
    188,
    198,
    209,
    215,
    218,
    228,
    239,
    245,
    248,
    258,
    269,
    275,
    278,
    288,
    299,
    305,
    308,
    318,
    329,
    335,
    338,
    348,
    359,
    365,
    368,
    378,
    389,
    395,
    398,
    408,
    419,
    425,
    428,
    438,
    449
  ],
  "surrogate_from_baseline": false,
  "hidden_sizes": [
    10,
    10
  ],
  "mlp_mode": "mlp_transfer",
  "mlp_metrics": {
    "train_mse": 10.828289031982422,
    "val_mse": 41.4085807800293,
    "train_rmse": 3.290636569416687,
    "val_rmse": 6.434949943863534,
    "train_mae": 2.6288809776306152,
    "val_mae": 4.568464756011963,
    "train_r2": 0.8428703546524048,
    "val_r2": 0.47826844453811646
  },
  "mlp_train_time": 3.5990296208765358
}