{
  "iter_idx": 30,
  "n0_value": 0,
  "mode": "windows",
  "is_final_mlp": true,
  "orig_indices": [
    29,
    59,
    89,
    119,
    149,
    179,
    209,
    239,
    269,
    299,
    329,
    359,
    389,
    419,
    449
  ],
  "input_dim": 15,
  "hidden_sizes": [
    10,
    10
  ],
  "mlp_mode": "mlp_transfer",
  "mlp_metrics": {
    "train_mse": 17.757326126098633,
    "val_mse": 43.187721252441406,
    "train_rmse": 4.213944248100423,
    "val_rmse": 6.571736547704983,
    "train_mae": 3.397387981414795,
    "val_mae": 5.131015777587891,
    "train_r2": 0.7423229217529297,
    "val_r2": 0.4558519721031189
  },
  "mlp_train_time": 3.4466884911525995
}