{
  "iter_idx": 28,
  "n0_value": 2,
  "mode": "windows",
  "baseline_mode": "capped",
  "baseline_slack": 0.0,
  "baseline_mae_clusters": 4.250129940801639,
  "baseline_mae_floor": 4.250129940801639,
  "summary_1": [
    {
      "Solver Status": "Normal",
      "Model Status": "OptimalGlobal",
      "Objective": 4.5152590202794,
      "Num of Equations": 4197,
      "Num of Variables": 3149,
      "Model Type": "MIP",
      "Solver": "GUROBI",
      "Solver Time": 0.239
    }
  ],
  "summary_2": [
    {
      "Solver Status": "Normal",
      "Model Status": "OptimalGlobal",
      "Objective": 4.25012994080164,
      "Num of Equations": 5998,
      "Num of Variables": 4059,
      "Model Type": "MIP",
      "Solver": "GUROBI",
      "Solver Time": 6.964
    }
  ],
  "selection_df": [
    {
      "w": "1",
      "level": 0.0,
      "marginal": -0.0,
      "lower": 0.0,
      "upper": 1.0,
      "scale": 1.0
    },
    {
      "w": "2",
      "level": 1.0,
      "marginal": -0.0,
      "lower": 0.0,
      "upper": 1.0,
      "scale": 1.0
    },
    {
      "w": "3",
      "level": 1.0,
      "marginal": -0.0,
      "lower": 0.0,
      "upper": 1.0,
      "scale": 1.0
    }
  ],
  "selected_original": [
    18,
    29
  ],
  "selection_vector": [
    0,
    0,
    0,
    0,
    0,
    0,
    0,
    0,
    0,
    0,
    0,
    0,
    0,
    0,
    0,
    0,
    0,
    0,
    1,
    0,
    0,
    0,
    0,
    0,
    0,
    0,
    0,
    0,
    0,
    1
  ],
  "importance_vector": [
    0.0,
    0.0,
    0.0,
    0.0,
    0.0,
    0.0,
    0.0,
    0.0,
    0.0,
    0.0,
    0.0,
    0.0,
    0.0,
    0.0,
    0.0,
    0.0,
    0.0,
    0.0,
    30.508737302495774,
    0.0,
    0.0,
    0.0,
    0.0,
    0.0,
    0.0,
    0.0,
    0.0,
    0.0,
    0.0,
    50.12305545872676
  ],
  "importance_vector_norm": [
    0.0,
    0.0,
    0.0,
    0.0,
    0.0,
    0.0,
    0.0,
    0.0,
    0.0,
    0.0,
    0.0,
    0.0,
    0.0,
    0.0,
    0.0,
    0.0,
    0.0,
    0.0,
    0.378371065031907,
    0.0,
    0.0,
    0.0,
    0.0,
    0.0,
    0.0,
    0.0,
    0.0,
    0.0,
    0.0,
    0.6216289349680931
  ],
  "selected_sensors": [
    1,
    2,
    3,
    4,
    5,
    6,
    7,
    8,
    9,
    10,
    11,
    12,
    13,
    14,
    15
  ],
  "selected_windows": [
    19,
    30
  ],
  "X_train_shape_next": [
    100,
    15,
    2
  ],
  "X_val_shape_next": [
    100,
    15,
    2
  ],
  "M_curr": 15,
  "W_curr": 3,
  "input_dim": 45,
  "orig_indices": [
    8,
    18,
    29,
    38,
    48,
    59,
    68,
    78,
    89,
    98,
    108,
    119,
    128,
    138,
    149,
    158,
    168,
    179,
    188,
    198,
    209,
    218,
    228,
    239,
    248,
    258,
    269,
    278,
    288,
    299,
    308,
    318,
    329,
    338,
    348,
    359,
    368,
    378,
    389,
    398,
    408,
    419,
    428,
    438,
    449
  ],
  "surrogate_from_baseline": false,
  "hidden_sizes": [
    10,
    10
  ],
  "mlp_mode": "mlp_transfer",
  "mlp_metrics": {
    "train_mse": 16.080177307128906,
    "val_mse": 49.106048583984375,
    "train_rmse": 4.010009639281296,
    "val_rmse": 7.007570804778527,
    "train_mae": 3.3205642700195312,
    "val_mae": 4.961319446563721,
    "train_r2": 0.7666600942611694,
    "val_r2": 0.38128340244293213
  },
  "mlp_train_time": 3.544699865859002
}