{
  "iter_idx": 30,
  "n0_value": 0,
  "mode": "windows",
  "is_final_mlp": true,
  "orig_indices": [
    1,
    31,
    61,
    91,
    121,
    151,
    181,
    211,
    241,
    271,
    301,
    331,
    361,
    391,
    421,
    451,
    481,
    511,
    541,
    571,
    601
  ],
  "input_dim": 21,
  "hidden_sizes": [
    10,
    10
  ],
  "mlp_mode": "mlp_transfer",
  "mlp_metrics": {
    "train_mse": 174.9097137451172,
    "val_mse": 202.89158630371094,
    "train_rmse": 13.22534361538925,
    "val_rmse": 14.24400176578587,
    "train_mae": 11.198476791381836,
    "val_mae": 12.0860013961792,
    "train_r2": -1.598449945449829,
    "val_r2": -1.701406717300415
  },
  "mlp_train_time": 3.4530775169841945
}