{
  "iter_idx": 16,
  "n0_value": 0,
  "mode": "sensors",
  "is_final_mlp": true,
  "orig_indices": [
    60,
    61,
    62,
    63,
    64,
    65,
    66,
    67,
    68,
    69,
    70,
    71,
    72,
    73,
    74,
    75,
    76,
    77,
    78,
    79,
    80,
    81,
    82,
    83,
    84,
    85,
    86,
    87,
    88,
    89
  ],
  "input_dim": 30,
  "hidden_sizes": [
    10
  ],
  "mlp_mode": "mlp_transfer",
  "mlp_metrics": {
    "train_mse": 231.6971435546875,
    "val_mse": 266.74432373046875,
    "train_rmse": 15.221601215203593,
    "val_rmse": 16.332309197736514,
    "train_mae": 12.689950942993164,
    "val_mae": 13.996818542480469,
    "train_r2": -2.225614070892334,
    "val_r2": -2.77284574508667
  },
  "mlp_train_time": 3.400964926928282
}