{
  "iter_idx": 27,
  "n0_value": 3,
  "mode": "windows",
  "baseline_mode": "capped",
  "baseline_slack": 0.0,
  "baseline_mae_clusters": 6.789968346852255,
  "baseline_mae_floor": 6.789968346852255,
  "summary_1": [
    {
      "Solver Status": "Normal",
      "Model Status": "OptimalGlobal",
      "Objective": 5.40800855572328,
      "Num of Equations": 4216,
      "Num of Variables": 3169,
      "Model Type": "MIP",
      "Solver": "GUROBI",
      "Solver Time": 0.153
    }
  ],
  "summary_2": [
    {
      "Solver Status": "Normal",
      "Model Status": "OptimalGlobal",
      "Objective": 6.78996834685226,
      "Num of Equations": 6777,
      "Num of Variables": 4459,
      "Model Type": "MIP",
      "Solver": "GUROBI",
      "Solver Time": 19.458
    }
  ],
  "selection_df": [
    {
      "w": "1",
      "level": 0.0,
      "marginal": -0.0,
      "lower": 0.0,
      "upper": 1.0,
      "scale": 1.0
    },
    {
      "w": "2",
      "level": 1.0,
      "marginal": -0.0,
      "lower": 0.0,
      "upper": 1.0,
      "scale": 1.0
    },
    {
      "w": "3",
      "level": 1.0,
      "marginal": -0.0,
      "lower": 0.0,
      "upper": 1.0,
      "scale": 1.0
    },
    {
      "w": "4",
      "level": 1.0,
      "marginal": -0.0,
      "lower": 0.0,
      "upper": 1.0,
      "scale": 1.0
    }
  ],
  "selected_original": [
    20,
    25,
    27
  ],
  "selection_vector": [
    0,
    0,
    0,
    0,
    0,
    0,
    0,
    0,
    0,
    0,
    0,
    0,
    0,
    0,
    0,
    0,
    0,
    0,
    0,
    0,
    1,
    0,
    0,
    0,
    0,
    1,
    0,
    1,
    0,
    0
  ],
  "importance_vector": [
    0.0,
    0.0,
    0.0,
    0.0,
    0.0,
    0.0,
    0.0,
    0.0,
    0.0,
    0.0,
    0.0,
    0.0,
    0.0,
    0.0,
    0.0,
    0.0,
    0.0,
    0.0,
    0.0,
    0.0,
    43.942511156752545,
    0.0,
    0.0,
    0.0,
    0.0,
    60.778032964362986,
    0.0,
    59.22858743140848,
    0.0,
    0.0
  ],
  "importance_vector_norm": [
    0.0,
    0.0,
    0.0,
    0.0,
    0.0,
    0.0,
    0.0,
    0.0,
    0.0,
    0.0,
    0.0,
    0.0,
    0.0,
    0.0,
    0.0,
    0.0,
    0.0,
    0.0,
    0.0,
    0.0,
    0.2680252755268471,
    0.0,
    0.0,
    0.0,
    0.0,
    0.37071274723337994,
    0.0,
    0.36126197723977305,
    0.0,
    0.0
  ],
  "selected_sensors": [
    1,
    2,
    3,
    4,
    5,
    6,
    7,
    8,
    9,
    10,
    11,
    12,
    13,
    14,
    15,
    16
  ],
  "selected_windows": [
    21,
    26,
    28
  ],
  "X_train_shape_next": [
    100,
    16,
    3
  ],
  "X_val_shape_next": [
    100,
    16,
    3
  ],
  "M_curr": 16,
  "W_curr": 4,
  "input_dim": 64,
  "orig_indices": [
    19,
    20,
    25,
    27,
    49,
    50,
    55,
    57,
    79,
    80,
    85,
    87,
    109,
    110,
    115,
    117,
    139,
    140,
    145,
    147,
    169,
    170,
    175,
    177,
    199,
    200,
    205,
    207,
    229,
    230,
    235,
    237,
    259,
    260,
    265,
    267,
    289,
    290,
    295,
    297,
    319,
    320,
    325,
    327,
    349,
    350,
    355,
    357,
    379,
    380,
    385,
    387,
    409,
    410,
    415,
    417,
    439,
    440,
    445,
    447,
    469,
    470,
    475,
    477
  ],
  "surrogate_from_baseline": false,
  "hidden_sizes": [
    10,
    10
  ],
  "mlp_mode": "mlp_transfer",
  "mlp_metrics": {
    "train_mse": 70.00405883789062,
    "val_mse": 88.67034149169922,
    "train_rmse": 8.366842823783092,
    "val_rmse": 9.416493056955929,
    "train_mae": 6.689357280731201,
    "val_mae": 7.907796859741211,
    "train_r2": -0.01583099365234375,
    "val_r2": -0.11721086502075195
  },
  "mlp_train_time": 3.533331986051053
}