{
  "iter_idx": 28,
  "n0_value": 2,
  "mode": "windows",
  "baseline_mode": "capped",
  "baseline_slack": 0.0,
  "baseline_mae_clusters": 6.789968346852255,
  "baseline_mae_floor": 6.789968346852255,
  "summary_1": [
    {
      "Solver Status": "Normal",
      "Model Status": "OptimalGlobal",
      "Objective": 5.76033912520117,
      "Num of Equations": 4200,
      "Num of Variables": 3152,
      "Model Type": "MIP",
      "Solver": "GUROBI",
      "Solver Time": 0.096
    }
  ],
  "summary_2": [
    {
      "Solver Status": "Normal",
      "Model Status": "OptimalGlobal",
      "Objective": 6.78996834685226,
      "Num of Equations": 6121,
      "Num of Variables": 4122,
      "Model Type": "MIP",
      "Solver": "GUROBI",
      "Solver Time": 3.285
    }
  ],
  "selection_df": [
    {
      "w": "1",
      "level": 0.0,
      "marginal": -0.0,
      "lower": 0.0,
      "upper": 1.0,
      "scale": 1.0
    },
    {
      "w": "2",
      "level": 1.0,
      "marginal": -0.0,
      "lower": 0.0,
      "upper": 1.0,
      "scale": 1.0
    },
    {
      "w": "3",
      "level": 1.0,
      "marginal": -0.0,
      "lower": 0.0,
      "upper": 1.0,
      "scale": 1.0
    }
  ],
  "selected_original": [
    25,
    27
  ],
  "selection_vector": [
    0,
    0,
    0,
    0,
    0,
    0,
    0,
    0,
    0,
    0,
    0,
    0,
    0,
    0,
    0,
    0,
    0,
    0,
    0,
    0,
    0,
    0,
    0,
    0,
    0,
    1,
    0,
    1,
    0,
    0
  ],
  "importance_vector": [
    0.0,
    0.0,
    0.0,
    0.0,
    0.0,
    0.0,
    0.0,
    0.0,
    0.0,
    0.0,
    0.0,
    0.0,
    0.0,
    0.0,
    0.0,
    0.0,
    0.0,
    0.0,
    0.0,
    0.0,
    0.0,
    0.0,
    0.0,
    0.0,
    0.0,
    51.183629525417494,
    0.0,
    55.98125048166987,
    0.0,
    0.0
  ],
  "importance_vector_norm": [
    0.0,
    0.0,
    0.0,
    0.0,
    0.0,
    0.0,
    0.0,
    0.0,
    0.0,
    0.0,
    0.0,
    0.0,
    0.0,
    0.0,
    0.0,
    0.0,
    0.0,
    0.0,
    0.0,
    0.0,
    0.0,
    0.0,
    0.0,
    0.0,
    0.0,
    0.47761570322322444,
    0.0,
    0.5223842967767756,
    0.0,
    0.0
  ],
  "selected_sensors": [
    1,
    2,
    3,
    4,
    5,
    6,
    7,
    8,
    9,
    10,
    11,
    12,
    13,
    14,
    15,
    16
  ],
  "selected_windows": [
    26,
    28
  ],
  "X_train_shape_next": [
    100,
    16,
    2
  ],
  "X_val_shape_next": [
    100,
    16,
    2
  ],
  "M_curr": 16,
  "W_curr": 3,
  "input_dim": 48,
  "orig_indices": [
    20,
    25,
    27,
    50,
    55,
    57,
    80,
    85,
    87,
    110,
    115,
    117,
    140,
    145,
    147,
    170,
    175,
    177,
    200,
    205,
    207,
    230,
    235,
    237,
    260,
    265,
    267,
    290,
    295,
    297,
    320,
    325,
    327,
    350,
    355,
    357,
    380,
    385,
    387,
    410,
    415,
    417,
    440,
    445,
    447,
    470,
    475,
    477
  ],
  "surrogate_from_baseline": false,
  "hidden_sizes": [
    10,
    10
  ],
  "mlp_mode": "mlp_transfer",
  "mlp_metrics": {
    "train_mse": 76.50640869140625,
    "val_mse": 103.08792877197266,
    "train_rmse": 8.746794195098353,
    "val_rmse": 10.153222580637769,
    "train_mae": 6.944104194641113,
    "val_mae": 8.625887870788574,
    "train_r2": -0.11018669605255127,
    "val_r2": -0.29886674880981445
  },
  "mlp_train_time": 3.397386715048924
}