{
  "iter_idx": 30,
  "n0_value": 0,
  "mode": "windows",
  "is_final_mlp": true,
  "orig_indices": [
    27,
    57,
    87,
    117,
    147,
    177,
    207,
    237,
    267,
    297,
    327,
    357,
    387,
    417,
    447,
    477
  ],
  "input_dim": 16,
  "hidden_sizes": [
    10,
    10
  ],
  "mlp_mode": "mlp_transfer",
  "mlp_metrics": {
    "train_mse": 106.63327026367188,
    "val_mse": 146.5615997314453,
    "train_rmse": 10.326338666907642,
    "val_rmse": 12.106262830925376,
    "train_mae": 8.231708526611328,
    "val_mae": 10.246935844421387,
    "train_r2": -0.547358512878418,
    "val_r2": -0.846617579460144
  },
  "mlp_train_time": 3.4449945650994778
}