{
  "iter_idx": 21,
  "n0_value": 0,
  "mode": "sensors",
  "is_final_mlp": true,
  "orig_indices": [
    510,
    511,
    512,
    513,
    514,
    515,
    516,
    517,
    518,
    519,
    520,
    521,
    522,
    523,
    524,
    525,
    526,
    527,
    528,
    529,
    530,
    531,
    532,
    533,
    534,
    535,
    536,
    537,
    538,
    539
  ],
  "input_dim": 30,
  "hidden_sizes": [
    10,
    10,
    10
  ],
  "mlp_mode": "mlp_transfer",
  "mlp_metrics": {
    "train_mse": 2936.796630859375,
    "val_mse": 2955.92626953125,
    "train_rmse": 54.192219283393214,
    "val_rmse": 54.36843081726058,
    "train_mae": 41.3405647277832,
    "val_mae": 43.55268859863281,
    "train_r2": -42.41136932373047,
    "val_r2": -36.77946853637695
  },
  "mlp_train_time": 3.5315743789542466
}