{
  "iter_idx": 21,
  "n0_value": 0,
  "mode": "sensors",
  "is_final_mlp": true,
  "orig_indices": [
    30,
    31,
    32,
    33,
    34,
    35,
    36,
    37,
    38,
    39,
    40,
    41,
    42,
    43,
    44,
    45,
    46,
    47,
    48,
    49,
    50,
    51,
    52,
    53,
    54,
    55,
    56,
    57,
    58,
    59
  ],
  "input_dim": 30,
  "hidden_sizes": [
    10,
    10
  ],
  "mlp_mode": "mlp_transfer",
  "mlp_metrics": {
    "train_mse": 1151.0504150390625,
    "val_mse": 1278.802490234375,
    "train_rmse": 33.92713390546072,
    "val_rmse": 35.76034801612499,
    "train_mae": 29.232982635498047,
    "val_mae": 30.760324478149414,
    "train_r2": -16.09994888305664,
    "val_r2": -14.599642753601074
  },
  "mlp_train_time": 4.046575665008277
}