{
  "iter_idx": 28,
  "n0_value": 2,
  "mode": "windows",
  "baseline_mode": "capped",
  "baseline_slack": 0.0,
  "baseline_mae_clusters": 6.255401369598266,
  "baseline_mae_floor": 6.255401369598266,
  "summary_1": [
    {
      "Solver Status": "Normal",
      "Model Status": "OptimalGlobal",
      "Objective": 9.97556131038602,
      "Num of Equations": 2200,
      "Num of Variables": 1652,
      "Model Type": "MIP",
      "Solver": "GUROBI",
      "Solver Time": 0.024
    }
  ],
  "summary_2": [
    {
      "Solver Status": "Normal",
      "Model Status": "OptimalGlobal",
      "Objective": 6.25540136959826,
      "Num of Equations": 4121,
      "Num of Variables": 2622,
      "Model Type": "MIP",
      "Solver": "GUROBI",
      "Solver Time": 5.212
    }
  ],
  "selection_df": [
    {
      "w": "1",
      "level": 0.0,
      "marginal": -0.0,
      "lower": 0.0,
      "upper": 1.0,
      "scale": 1.0
    },
    {
      "w": "2",
      "level": 1.0,
      "marginal": -0.0,
      "lower": 0.0,
      "upper": 1.0,
      "scale": 1.0
    },
    {
      "w": "3",
      "level": 1.0,
      "marginal": -0.0,
      "lower": 0.0,
      "upper": 1.0,
      "scale": 1.0
    }
  ],
  "selected_original": [
    28,
    29
  ],
  "selection_vector": [
    0,
    0,
    0,
    0,
    0,
    0,
    0,
    0,
    0,
    0,
    0,
    0,
    0,
    0,
    0,
    0,
    0,
    0,
    0,
    0,
    0,
    0,
    0,
    0,
    0,
    0,
    0,
    0,
    1,
    1
  ],
  "importance_vector": [
    0.0,
    0.0,
    0.0,
    0.0,
    0.0,
    0.0,
    0.0,
    0.0,
    0.0,
    0.0,
    0.0,
    0.0,
    0.0,
    0.0,
    0.0,
    0.0,
    0.0,
    0.0,
    0.0,
    0.0,
    0.0,
    0.0,
    0.0,
    0.0,
    0.0,
    0.0,
    0.0,
    0.0,
    126.32698168516126,
    123.68997047884436
  ],
  "importance_vector_norm": [
    0.0,
    0.0,
    0.0,
    0.0,
    0.0,
    0.0,
    0.0,
    0.0,
    0.0,
    0.0,
    0.0,
    0.0,
    0.0,
    0.0,
    0.0,
    0.0,
    0.0,
    0.0,
    0.0,
    0.0,
    0.0,
    0.0,
    0.0,
    0.0,
    0.0,
    0.0,
    0.0,
    0.0,
    0.5052736648125106,
    0.4947263351874895
  ],
  "selected_sensors": [
    1,
    2,
    3,
    4,
    5,
    6,
    7,
    8,
    9,
    10,
    11,
    12,
    13,
    14,
    15,
    16
  ],
  "selected_windows": [
    29,
    30
  ],
  "X_train_shape_next": [
    100,
    16,
    2
  ],
  "X_val_shape_next": [
    100,
    16,
    2
  ],
  "M_curr": 16,
  "W_curr": 3,
  "input_dim": 48,
  "orig_indices": [
    26,
    28,
    29,
    56,
    58,
    59,
    86,
    88,
    89,
    116,
    118,
    119,
    146,
    148,
    149,
    176,
    178,
    179,
    206,
    208,
    209,
    236,
    238,
    239,
    266,
    268,
    269,
    296,
    298,
    299,
    326,
    328,
    329,
    356,
    358,
    359,
    386,
    388,
    389,
    416,
    418,
    419,
    446,
    448,
    449,
    476,
    478,
    479
  ],
  "surrogate_from_baseline": false,
  "hidden_sizes": [
    10
  ],
  "mlp_mode": "mlp_transfer",
  "mlp_metrics": {
    "train_mse": 219.2513885498047,
    "val_mse": 214.24855041503906,
    "train_rmse": 14.80713978288193,
    "val_rmse": 14.637231651341693,
    "train_mae": 12.058305740356445,
    "val_mae": 11.708940505981445,
    "train_r2": -2.0163562297821045,
    "val_r2": -1.9370238780975342
  },
  "mlp_train_time": 3.4566691261716187
}