{
  "iter_idx": 30,
  "n0_value": 0,
  "mode": "windows",
  "is_final_mlp": true,
  "orig_indices": [
    28,
    58,
    88,
    118,
    148,
    178,
    208,
    238,
    268,
    298,
    328,
    358,
    388,
    418,
    448,
    478
  ],
  "input_dim": 16,
  "hidden_sizes": [
    10
  ],
  "mlp_mode": "mlp_transfer",
  "mlp_metrics": {
    "train_mse": 143.96348571777344,
    "val_mse": 144.86790466308594,
    "train_rmse": 11.998478475113977,
    "val_rmse": 12.036108368699823,
    "train_mae": 9.552605628967285,
    "val_mae": 9.7711181640625,
    "train_r2": -0.9805811643600464,
    "val_r2": -0.9859200716018677
  },
  "mlp_train_time": 3.3887096410617232
}