{
  "iter_idx": 29,
  "n0_value": 1,
  "mode": "windows",
  "baseline_mode": "capped",
  "baseline_slack": 0.0,
  "baseline_mae_clusters": 6.255401369598266,
  "baseline_mae_floor": 6.255401369598266,
  "summary_1": [
    {
      "Solver Status": "Normal",
      "Model Status": "OptimalGlobal",
      "Objective": 10.5346021602927,
      "Num of Equations": 2184,
      "Num of Variables": 1635,
      "Model Type": "MIP",
      "Solver": "GUROBI",
      "Solver Time": 0.014
    }
  ],
  "summary_2": [
    {
      "Solver Status": "Normal",
      "Model Status": "OptimalGlobal",
      "Objective": 6.25540136959826,
      "Num of Equations": 3465,
      "Num of Variables": 2285,
      "Model Type": "MIP",
      "Solver": "GUROBI",
      "Solver Time": 1.708
    }
  ],
  "selection_df": [
    {
      "w": "1",
      "level": 1.0,
      "marginal": -0.0,
      "lower": 0.0,
      "upper": 1.0,
      "scale": 1.0
    },
    {
      "w": "2",
      "level": 0.0,
      "marginal": -0.0,
      "lower": 0.0,
      "upper": 1.0,
      "scale": 1.0
    }
  ],
  "selected_original": [
    28
  ],
  "selection_vector": [
    0,
    0,
    0,
    0,
    0,
    0,
    0,
    0,
    0,
    0,
    0,
    0,
    0,
    0,
    0,
    0,
    0,
    0,
    0,
    0,
    0,
    0,
    0,
    0,
    0,
    0,
    0,
    0,
    1,
    0
  ],
  "importance_vector": [
    0.0,
    0.0,
    0.0,
    0.0,
    0.0,
    0.0,
    0.0,
    0.0,
    0.0,
    0.0,
    0.0,
    0.0,
    0.0,
    0.0,
    0.0,
    0.0,
    0.0,
    0.0,
    0.0,
    0.0,
    0.0,
    0.0,
    0.0,
    0.0,
    0.0,
    0.0,
    0.0,
    0.0,
    96.74359400258813,
    0.0
  ],
  "importance_vector_norm": [
    0.0,
    0.0,
    0.0,
    0.0,
    0.0,
    0.0,
    0.0,
    0.0,
    0.0,
    0.0,
    0.0,
    0.0,
    0.0,
    0.0,
    0.0,
    0.0,
    0.0,
    0.0,
    0.0,
    0.0,
    0.0,
    0.0,
    0.0,
    0.0,
    0.0,
    0.0,
    0.0,
    0.0,
    1.0,
    0.0
  ],
  "selected_sensors": [
    1,
    2,
    3,
    4,
    5,
    6,
    7,
    8,
    9,
    10,
    11,
    12,
    13,
    14,
    15,
    16
  ],
  "selected_windows": [
    29
  ],
  "X_train_shape_next": [
    100,
    16,
    1
  ],
  "X_val_shape_next": [
    100,
    16,
    1
  ],
  "M_curr": 16,
  "W_curr": 2,
  "input_dim": 32,
  "orig_indices": [
    28,
    29,
    58,
    59,
    88,
    89,
    118,
    119,
    148,
    149,
    178,
    179,
    208,
    209,
    238,
    239,
    268,
    269,
    298,
    299,
    328,
    329,
    358,
    359,
    388,
    389,
    418,
    419,
    448,
    449,
    478,
    479
  ],
  "surrogate_from_baseline": false,
  "hidden_sizes": [
    10
  ],
  "mlp_mode": "mlp_transfer",
  "mlp_metrics": {
    "train_mse": 211.26458740234375,
    "val_mse": 211.38021850585938,
    "train_rmse": 14.534943666982123,
    "val_rmse": 14.538920816410666,
    "train_mae": 11.753778457641602,
    "val_mae": 11.89236831665039,
    "train_r2": -1.906477689743042,
    "val_r2": -1.8977034091949463
  },
  "mlp_train_time": 3.5262418971396983
}