{
  "iter_idx": 16,
  "n0_value": 0,
  "mode": "sensors",
  "is_final_mlp": true,
  "orig_indices": [
    420,
    421,
    422,
    423,
    424,
    425,
    426,
    427,
    428,
    429,
    430,
    431,
    432,
    433,
    434,
    435,
    436,
    437,
    438,
    439,
    440,
    441,
    442,
    443,
    444,
    445,
    446,
    447,
    448,
    449
  ],
  "input_dim": 30,
  "hidden_sizes": [
    10,
    10,
    10
  ],
  "mlp_mode": "mlp_transfer",
  "mlp_metrics": {
    "train_mse": 88.8491439819336,
    "val_mse": 87.50251770019531,
    "train_rmse": 9.42598238816165,
    "val_rmse": 9.354278042702992,
    "train_mae": 8.19995403289795,
    "val_mae": 8.190696716308594,
    "train_r2": -0.2369295358657837,
    "val_r2": -0.23764026165008545
  },
  "mlp_train_time": 3.554097179789096
}