{
  "iter_idx": 30,
  "n0_value": 0,
  "mode": "windows",
  "is_final_mlp": true,
  "orig_indices": [
    28,
    58,
    88,
    118,
    148,
    178,
    208,
    238,
    268,
    298,
    328,
    358,
    388,
    418,
    448,
    478,
    508,
    538,
    568,
    598,
    628
  ],
  "input_dim": 21,
  "hidden_sizes": [
    10,
    10
  ],
  "mlp_mode": "mlp_rebuild",
  "mlp_metrics": {
    "train_mse": 1532.08984375,
    "val_mse": 1846.711181640625,
    "train_rmse": 39.141919265028385,
    "val_rmse": 42.97337759172096,
    "train_mae": 28.948495864868164,
    "val_mae": 29.75462532043457,
    "train_r2": 0.5993959903717041,
    "val_r2": 0.5697951912879944
  },
  "mlp_train_time": 19.38295882201055
}