{
  "iter_idx": 29,
  "n0_value": 1,
  "mode": "windows",
  "baseline_mode": "capped",
  "baseline_slack": 0.0,
  "baseline_mae_clusters": 24.803569413216774,
  "baseline_mae_floor": 24.803569413216774,
  "summary_1": [
    {
      "Solver Status": "Normal",
      "Model Status": "OptimalGlobal",
      "Objective": 82.6868590407841,
      "Num of Equations": 4194,
      "Num of Variables": 3145,
      "Model Type": "MIP",
      "Solver": "GUROBI",
      "Solver Time": 0.038
    }
  ],
  "summary_2": [
    {
      "Solver Status": "Resource",
      "Model Status": "Feasible",
      "Objective": 33.1089124103997,
      "Num of Equations": 5875,
      "Num of Variables": 3995,
      "Model Type": "MIP",
      "Solver": "GUROBI",
      "Solver Time": 60.154
    }
  ],
  "selection_df": [
    {
      "w": "1",
      "level": 0.0,
      "marginal": -0.0,
      "lower": 0.0,
      "upper": 1.0,
      "scale": 1.0
    },
    {
      "w": "2",
      "level": 1.0,
      "marginal": -0.0,
      "lower": 0.0,
      "upper": 1.0,
      "scale": 1.0
    }
  ],
  "selected_original": [
    28
  ],
  "selection_vector": [
    0,
    0,
    0,
    0,
    0,
    0,
    0,
    0,
    0,
    0,
    0,
    0,
    0,
    0,
    0,
    0,
    0,
    0,
    0,
    0,
    0,
    0,
    0,
    0,
    0,
    0,
    0,
    0,
    1,
    0
  ],
  "importance_vector": [
    0.0,
    0.0,
    0.0,
    0.0,
    0.0,
    0.0,
    0.0,
    0.0,
    0.0,
    0.0,
    0.0,
    0.0,
    0.0,
    0.0,
    0.0,
    0.0,
    0.0,
    0.0,
    0.0,
    0.0,
    0.0,
    0.0,
    0.0,
    0.0,
    0.0,
    0.0,
    0.0,
    0.0,
    158.63396209236245,
    0.0
  ],
  "importance_vector_norm": [
    0.0,
    0.0,
    0.0,
    0.0,
    0.0,
    0.0,
    0.0,
    0.0,
    0.0,
    0.0,
    0.0,
    0.0,
    0.0,
    0.0,
    0.0,
    0.0,
    0.0,
    0.0,
    0.0,
    0.0,
    0.0,
    0.0,
    0.0,
    0.0,
    0.0,
    0.0,
    0.0,
    0.0,
    1.0,
    0.0
  ],
  "selected_sensors": [
    1,
    2,
    3,
    4,
    5,
    6,
    7,
    8,
    9,
    10,
    11,
    12,
    13,
    14,
    15,
    16,
    17,
    18,
    19,
    20,
    21
  ],
  "selected_windows": [
    29
  ],
  "X_train_shape_next": [
    41513,
    21,
    1
  ],
  "X_val_shape_next": [
    4706,
    21,
    1
  ],
  "M_curr": 21,
  "W_curr": 2,
  "input_dim": 42,
  "orig_indices": [
    23,
    28,
    53,
    58,
    83,
    88,
    113,
    118,
    143,
    148,
    173,
    178,
    203,
    208,
    233,
    238,
    263,
    268,
    293,
    298,
    323,
    328,
    353,
    358,
    383,
    388,
    413,
    418,
    443,
    448,
    473,
    478,
    503,
    508,
    533,
    538,
    563,
    568,
    593,
    598,
    623,
    628
  ],
  "surrogate_from_baseline": false,
  "hidden_sizes": [
    10,
    10
  ],
  "mlp_mode": "mlp_rebuild",
  "mlp_metrics": {
    "train_mse": 1489.9232177734375,
    "val_mse": 1816.0823974609375,
    "train_rmse": 38.599523543347495,
    "val_rmse": 42.61551827047205,
    "train_mae": 28.667213439941406,
    "val_mae": 29.432851791381836,
    "train_r2": 0.6104215383529663,
    "val_r2": 0.5769304037094116
  },
  "mlp_train_time": 18.9715710930177
}