{
  "iter_idx": 27,
  "n0_value": 3,
  "mode": "windows",
  "baseline_mode": "capped",
  "baseline_slack": 0.0,
  "baseline_mae_clusters": 24.803569413216774,
  "baseline_mae_floor": 24.803569413216774,
  "summary_1": [
    {
      "Solver Status": "Normal",
      "Model Status": "OptimalGlobal",
      "Objective": 43.3762918762193,
      "Num of Equations": 4236,
      "Num of Variables": 3189,
      "Model Type": "MIP",
      "Solver": "GUROBI",
      "Solver Time": 0.128
    }
  ],
  "summary_2": [
    {
      "Solver Status": "Normal",
      "Model Status": "OptimalGlobal",
      "Objective": 24.8035694132168,
      "Num of Equations": 7597,
      "Num of Variables": 4879,
      "Model Type": "MIP",
      "Solver": "GUROBI",
      "Solver Time": 37.458
    }
  ],
  "selection_df": [
    {
      "w": "1",
      "level": 1.0,
      "marginal": -0.0,
      "lower": 0.0,
      "upper": 1.0,
      "scale": 1.0
    },
    {
      "w": "2",
      "level": 1.0,
      "marginal": -0.0,
      "lower": 0.0,
      "upper": 1.0,
      "scale": 1.0
    },
    {
      "w": "3",
      "level": 1.0,
      "marginal": -0.0,
      "lower": 0.0,
      "upper": 1.0,
      "scale": 1.0
    },
    {
      "w": "4",
      "level": 0.0,
      "marginal": -0.0,
      "lower": 0.0,
      "upper": 1.0,
      "scale": 1.0
    }
  ],
  "selected_original": [
    18,
    23,
    28
  ],
  "selection_vector": [
    0,
    0,
    0,
    0,
    0,
    0,
    0,
    0,
    0,
    0,
    0,
    0,
    0,
    0,
    0,
    0,
    0,
    0,
    1,
    0,
    0,
    0,
    0,
    1,
    0,
    0,
    0,
    0,
    1,
    0
  ],
  "importance_vector": [
    0.0,
    0.0,
    0.0,
    0.0,
    0.0,
    0.0,
    0.0,
    0.0,
    0.0,
    0.0,
    0.0,
    0.0,
    0.0,
    0.0,
    0.0,
    0.0,
    0.0,
    0.0,
    109.30586829364209,
    0.0,
    0.0,
    0.0,
    0.0,
    109.9951188987285,
    0.0,
    0.0,
    0.0,
    0.0,
    148.87502709340038,
    0.0
  ],
  "importance_vector_norm": [
    0.0,
    0.0,
    0.0,
    0.0,
    0.0,
    0.0,
    0.0,
    0.0,
    0.0,
    0.0,
    0.0,
    0.0,
    0.0,
    0.0,
    0.0,
    0.0,
    0.0,
    0.0,
    0.2968848160999457,
    0.0,
    0.0,
    0.0,
    0.0,
    0.29875688429108926,
    0.0,
    0.0,
    0.0,
    0.0,
    0.4043582996089651,
    0.0
  ],
  "selected_sensors": [
    1,
    2,
    3,
    4,
    5,
    6,
    7,
    8,
    9,
    10,
    11,
    12,
    13,
    14,
    15,
    16,
    17,
    18,
    19,
    20,
    21
  ],
  "selected_windows": [
    19,
    24,
    29
  ],
  "X_train_shape_next": [
    41513,
    21,
    3
  ],
  "X_val_shape_next": [
    4706,
    21,
    3
  ],
  "M_curr": 21,
  "W_curr": 4,
  "input_dim": 84,
  "orig_indices": [
    18,
    23,
    28,
    29,
    48,
    53,
    58,
    59,
    78,
    83,
    88,
    89,
    108,
    113,
    118,
    119,
    138,
    143,
    148,
    149,
    168,
    173,
    178,
    179,
    198,
    203,
    208,
    209,
    228,
    233,
    238,
    239,
    258,
    263,
    268,
    269,
    288,
    293,
    298,
    299,
    318,
    323,
    328,
    329,
    348,
    353,
    358,
    359,
    378,
    383,
    388,
    389,
    408,
    413,
    418,
    419,
    438,
    443,
    448,
    449,
    468,
    473,
    478,
    479,
    498,
    503,
    508,
    509,
    528,
    533,
    538,
    539,
    558,
    563,
    568,
    569,
    588,
    593,
    598,
    599,
    618,
    623,
    628,
    629
  ],
  "surrogate_from_baseline": false,
  "hidden_sizes": [
    10,
    10
  ],
  "mlp_mode": "mlp_rebuild",
  "mlp_metrics": {
    "train_mse": 1460.7733154296875,
    "val_mse": 1827.8436279296875,
    "train_rmse": 38.22006430436358,
    "val_rmse": 42.75328791952366,
    "train_mae": 27.962339401245117,
    "val_mae": 29.06985092163086,
    "train_r2": 0.6180435419082642,
    "val_r2": 0.5741905570030212
  },
  "mlp_train_time": 21.166899458970875
}