{
  "iter_idx": 28,
  "n0_value": 2,
  "mode": "windows",
  "baseline_mode": "capped",
  "baseline_slack": 0.0,
  "baseline_mae_clusters": 24.803569413216774,
  "baseline_mae_floor": 24.803569413216774,
  "summary_1": [
    {
      "Solver Status": "Normal",
      "Model Status": "OptimalGlobal",
      "Objective": 80.5270044065559,
      "Num of Equations": 4215,
      "Num of Variables": 3167,
      "Model Type": "MIP",
      "Solver": "GUROBI",
      "Solver Time": 0.282
    }
  ],
  "summary_2": [
    {
      "Solver Status": "Resource",
      "Model Status": "Feasible",
      "Objective": 38.1618782876754,
      "Num of Equations": 6736,
      "Num of Variables": 4437,
      "Model Type": "MIP",
      "Solver": "GUROBI",
      "Solver Time": 60.242
    }
  ],
  "selection_df": [
    {
      "w": "1",
      "level": 0.0,
      "marginal": -0.0,
      "lower": 0.0,
      "upper": 1.0,
      "scale": 1.0
    },
    {
      "w": "2",
      "level": 1.0,
      "marginal": -0.0,
      "lower": 0.0,
      "upper": 1.0,
      "scale": 1.0
    },
    {
      "w": "3",
      "level": 1.0,
      "marginal": -0.0,
      "lower": 0.0,
      "upper": 1.0,
      "scale": 1.0
    }
  ],
  "selected_original": [
    23,
    28
  ],
  "selection_vector": [
    0,
    0,
    0,
    0,
    0,
    0,
    0,
    0,
    0,
    0,
    0,
    0,
    0,
    0,
    0,
    0,
    0,
    0,
    0,
    0,
    0,
    0,
    0,
    1,
    0,
    0,
    0,
    0,
    1,
    0
  ],
  "importance_vector": [
    0.0,
    0.0,
    0.0,
    0.0,
    0.0,
    0.0,
    0.0,
    0.0,
    0.0,
    0.0,
    0.0,
    0.0,
    0.0,
    0.0,
    0.0,
    0.0,
    0.0,
    0.0,
    0.0,
    0.0,
    0.0,
    0.0,
    0.0,
    136.71072193264692,
    0.0,
    0.0,
    0.0,
    0.0,
    150.9488215779683,
    0.0
  ],
  "importance_vector_norm": [
    0.0,
    0.0,
    0.0,
    0.0,
    0.0,
    0.0,
    0.0,
    0.0,
    0.0,
    0.0,
    0.0,
    0.0,
    0.0,
    0.0,
    0.0,
    0.0,
    0.0,
    0.0,
    0.0,
    0.0,
    0.0,
    0.0,
    0.0,
    0.4752518211779823,
    0.0,
    0.0,
    0.0,
    0.0,
    0.5247481788220177,
    0.0
  ],
  "selected_sensors": [
    1,
    2,
    3,
    4,
    5,
    6,
    7,
    8,
    9,
    10,
    11,
    12,
    13,
    14,
    15,
    16,
    17,
    18,
    19,
    20,
    21
  ],
  "selected_windows": [
    24,
    29
  ],
  "X_train_shape_next": [
    41513,
    21,
    2
  ],
  "X_val_shape_next": [
    4706,
    21,
    2
  ],
  "M_curr": 21,
  "W_curr": 3,
  "input_dim": 63,
  "orig_indices": [
    18,
    23,
    28,
    48,
    53,
    58,
    78,
    83,
    88,
    108,
    113,
    118,
    138,
    143,
    148,
    168,
    173,
    178,
    198,
    203,
    208,
    228,
    233,
    238,
    258,
    263,
    268,
    288,
    293,
    298,
    318,
    323,
    328,
    348,
    353,
    358,
    378,
    383,
    388,
    408,
    413,
    418,
    438,
    443,
    448,
    468,
    473,
    478,
    498,
    503,
    508,
    528,
    533,
    538,
    558,
    563,
    568,
    588,
    593,
    598,
    618,
    623,
    628
  ],
  "surrogate_from_baseline": false,
  "hidden_sizes": [
    10,
    10
  ],
  "mlp_mode": "mlp_rebuild",
  "mlp_metrics": {
    "train_mse": 1511.68701171875,
    "val_mse": 1849.7110595703125,
    "train_rmse": 38.880419387125315,
    "val_rmse": 43.008267339783785,
    "train_mae": 28.996158599853516,
    "val_mae": 29.751384735107422,
    "train_r2": 0.6047308444976807,
    "val_r2": 0.5690963864326477
  },
  "mlp_train_time": 19.769689744978677
}