{
  "iter_idx": 30,
  "n0_value": 0,
  "mode": "windows",
  "is_final_mlp": true,
  "orig_indices": [
    28,
    58,
    88,
    118,
    148,
    178,
    208,
    238,
    268,
    298,
    328,
    358,
    388,
    418,
    448,
    478,
    508,
    538,
    568,
    598,
    628
  ],
  "input_dim": 21,
  "hidden_sizes": [
    10,
    10,
    10
  ],
  "mlp_mode": "mlp_transfer",
  "mlp_metrics": {
    "train_mse": 240.3660888671875,
    "val_mse": 306.73187255859375,
    "train_rmse": 15.503744349904235,
    "val_rmse": 17.5137623758744,
    "train_mae": 12.979035377502441,
    "val_mae": 13.913679122924805,
    "train_r2": -2.22267484664917,
    "val_r2": -3.1595048904418945
  },
  "mlp_train_time": 3.55351984500885
}