{
  "iter_idx": 28,
  "n0_value": 2,
  "mode": "windows",
  "baseline_mode": "capped",
  "baseline_slack": 0.0,
  "baseline_mae_clusters": 7.596079735414844,
  "baseline_mae_floor": 7.596079735414844,
  "summary_1": [
    {
      "Solver Status": "Normal",
      "Model Status": "OptimalGlobal",
      "Objective": 11.1049301013961,
      "Num of Equations": 6215,
      "Num of Variables": 4667,
      "Model Type": "MIP",
      "Solver": "GUROBI",
      "Solver Time": 0.522
    }
  ],
  "summary_2": [
    {
      "Solver Status": "Normal",
      "Model Status": "OptimalGlobal",
      "Objective": 7.59607973541484,
      "Num of Equations": 8736,
      "Num of Variables": 5937,
      "Model Type": "MIP",
      "Solver": "GUROBI",
      "Solver Time": 7.768
    }
  ],
  "selection_df": [
    {
      "w": "1",
      "level": 0.0,
      "marginal": -0.0,
      "lower": 0.0,
      "upper": 1.0,
      "scale": 1.0
    },
    {
      "w": "2",
      "level": 1.0,
      "marginal": -0.0,
      "lower": 0.0,
      "upper": 1.0,
      "scale": 1.0
    },
    {
      "w": "3",
      "level": 1.0,
      "marginal": -0.0,
      "lower": 0.0,
      "upper": 1.0,
      "scale": 1.0
    }
  ],
  "selected_original": [
    14,
    28
  ],
  "selection_vector": [
    0,
    0,
    0,
    0,
    0,
    0,
    0,
    0,
    0,
    0,
    0,
    0,
    0,
    0,
    1,
    0,
    0,
    0,
    0,
    0,
    0,
    0,
    0,
    0,
    0,
    0,
    0,
    0,
    1,
    0
  ],
  "importance_vector": [
    0.0,
    0.0,
    0.0,
    0.0,
    0.0,
    0.0,
    0.0,
    0.0,
    0.0,
    0.0,
    0.0,
    0.0,
    0.0,
    0.0,
    55.992861674581555,
    0.0,
    0.0,
    0.0,
    0.0,
    0.0,
    0.0,
    0.0,
    0.0,
    0.0,
    0.0,
    0.0,
    0.0,
    0.0,
    88.83824310787602,
    0.0
  ],
  "importance_vector_norm": [
    0.0,
    0.0,
    0.0,
    0.0,
    0.0,
    0.0,
    0.0,
    0.0,
    0.0,
    0.0,
    0.0,
    0.0,
    0.0,
    0.0,
    0.38660798561666154,
    0.0,
    0.0,
    0.0,
    0.0,
    0.0,
    0.0,
    0.0,
    0.0,
    0.0,
    0.0,
    0.0,
    0.0,
    0.0,
    0.6133920143833386,
    0.0
  ],
  "selected_sensors": [
    1,
    2,
    3,
    4,
    5,
    6,
    7,
    8,
    9,
    10,
    11,
    12,
    13,
    14,
    15,
    16,
    17,
    18,
    19,
    20,
    21
  ],
  "selected_windows": [
    15,
    29
  ],
  "X_train_shape_next": [
    100,
    21,
    2
  ],
  "X_val_shape_next": [
    100,
    21,
    2
  ],
  "M_curr": 21,
  "W_curr": 3,
  "input_dim": 63,
  "orig_indices": [
    12,
    14,
    28,
    42,
    44,
    58,
    72,
    74,
    88,
    102,
    104,
    118,
    132,
    134,
    148,
    162,
    164,
    178,
    192,
    194,
    208,
    222,
    224,
    238,
    252,
    254,
    268,
    282,
    284,
    298,
    312,
    314,
    328,
    342,
    344,
    358,
    372,
    374,
    388,
    402,
    404,
    418,
    432,
    434,
    448,
    462,
    464,
    478,
    492,
    494,
    508,
    522,
    524,
    538,
    552,
    554,
    568,
    582,
    584,
    598,
    612,
    614,
    628
  ],
  "surrogate_from_baseline": false,
  "hidden_sizes": [
    10,
    10,
    10
  ],
  "mlp_mode": "mlp_transfer",
  "mlp_metrics": {
    "train_mse": 126.23747253417969,
    "val_mse": 234.88087463378906,
    "train_rmse": 11.23554504838015,
    "val_rmse": 15.325823783202946,
    "train_mae": 9.328758239746094,
    "val_mae": 12.561317443847656,
    "train_r2": -0.6925112009048462,
    "val_r2": -2.1851537227630615
  },
  "mlp_train_time": 3.5167970170732588
}