{
  "iter_idx": 16,
  "n0_value": 0,
  "mode": "sensors",
  "is_final_mlp": true,
  "orig_indices": [
    30,
    31,
    32,
    33,
    34,
    35,
    36,
    37,
    38,
    39,
    40,
    41,
    42,
    43,
    44,
    45,
    46,
    47,
    48,
    49,
    50,
    51,
    52,
    53,
    54,
    55,
    56,
    57,
    58,
    59
  ],
  "input_dim": 30,
  "hidden_sizes": [
    10
  ],
  "mlp_mode": "mlp_rebuild",
  "mlp_metrics": {
    "train_mse": 3848.678466796875,
    "val_mse": 2596.682373046875,
    "train_rmse": 62.03771809791907,
    "val_rmse": 50.957652742712504,
    "train_mae": 43.711219787597656,
    "val_mae": 35.80908203125,
    "train_r2": 0.5625657439231873,
    "val_r2": 0.6846485733985901
  },
  "mlp_train_time": 10.271779610018712
}