{
  "iter_idx": 29,
  "n0_value": 1,
  "mode": "windows",
  "baseline_mode": "capped",
  "baseline_slack": 0.0,
  "baseline_mae_clusters": 22.1272364300835,
  "baseline_mae_floor": 22.1272364300835,
  "summary_1": [
    {
      "Solver Status": "Normal",
      "Model Status": "OptimalGlobal",
      "Objective": 21.3021330010508,
      "Num of Equations": 2194,
      "Num of Variables": 1645,
      "Model Type": "MIP",
      "Solver": "GUROBI",
      "Solver Time": 0.016
    }
  ],
  "summary_2": [
    {
      "Solver Status": "Normal",
      "Model Status": "OptimalGlobal",
      "Objective": 22.1272364300835,
      "Num of Equations": 3875,
      "Num of Variables": 2495,
      "Model Type": "MIP",
      "Solver": "GUROBI",
      "Solver Time": 0.119
    }
  ],
  "selection_df": [
    {
      "w": "1",
      "level": 0.0,
      "marginal": -0.0,
      "lower": 0.0,
      "upper": 1.0,
      "scale": 1.0
    },
    {
      "w": "2",
      "level": 1.0,
      "marginal": -0.0,
      "lower": 0.0,
      "upper": 1.0,
      "scale": 1.0
    }
  ],
  "selected_original": [
    1
  ],
  "selection_vector": [
    0,
    1,
    0,
    0,
    0,
    0,
    0,
    0,
    0,
    0,
    0,
    0,
    0,
    0,
    0,
    0,
    0,
    0,
    0,
    0,
    0,
    0,
    0,
    0,
    0,
    0,
    0,
    0,
    0,
    0
  ],
  "importance_vector": [
    0.0,
    107.42224957541049,
    0.0,
    0.0,
    0.0,
    0.0,
    0.0,
    0.0,
    0.0,
    0.0,
    0.0,
    0.0,
    0.0,
    0.0,
    0.0,
    0.0,
    0.0,
    0.0,
    0.0,
    0.0,
    0.0,
    0.0,
    0.0,
    0.0,
    0.0,
    0.0,
    0.0,
    0.0,
    0.0,
    0.0
  ],
  "importance_vector_norm": [
    0.0,
    1.0,
    0.0,
    0.0,
    0.0,
    0.0,
    0.0,
    0.0,
    0.0,
    0.0,
    0.0,
    0.0,
    0.0,
    0.0,
    0.0,
    0.0,
    0.0,
    0.0,
    0.0,
    0.0,
    0.0,
    0.0,
    0.0,
    0.0,
    0.0,
    0.0,
    0.0,
    0.0,
    0.0,
    0.0
  ],
  "selected_sensors": [
    1,
    2,
    3,
    4,
    5,
    6,
    7,
    8,
    9,
    10,
    11,
    12,
    13,
    14,
    15,
    16,
    17,
    18,
    19,
    20,
    21
  ],
  "selected_windows": [
    2
  ],
  "X_train_shape_next": [
    100,
    21,
    1
  ],
  "X_val_shape_next": [
    100,
    21,
    1
  ],
  "M_curr": 21,
  "W_curr": 2,
  "input_dim": 42,
  "orig_indices": [
    0,
    1,
    30,
    31,
    60,
    61,
    90,
    91,
    120,
    121,
    150,
    151,
    180,
    181,
    210,
    211,
    240,
    241,
    270,
    271,
    300,
    301,
    330,
    331,
    360,
    361,
    390,
    391,
    420,
    421,
    450,
    451,
    480,
    481,
    510,
    511,
    540,
    541,
    570,
    571,
    600,
    601
  ],
  "surrogate_from_baseline": false,
  "hidden_sizes": [
    10
  ],
  "mlp_mode": "mlp_transfer",
  "mlp_metrics": {
    "train_mse": 379.29840087890625,
    "val_mse": 437.3095703125,
    "train_rmse": 19.47558473779173,
    "val_rmse": 20.911948027682644,
    "train_mae": 17.008148193359375,
    "val_mae": 17.899120330810547,
    "train_r2": -4.085390090942383,
    "val_r2": -4.930232524871826
  },
  "mlp_train_time": 4.250052055111155
}