{
  "iter_idx": 30,
  "n0_value": 0,
  "mode": "windows",
  "is_final_mlp": true,
  "orig_indices": [
    1,
    31,
    61,
    91,
    121,
    151,
    181,
    211,
    241,
    271,
    301,
    331,
    361,
    391,
    421,
    451,
    481,
    511,
    541,
    571,
    601
  ],
  "input_dim": 21,
  "hidden_sizes": [
    10
  ],
  "mlp_mode": "mlp_transfer",
  "mlp_metrics": {
    "train_mse": 495.5129699707031,
    "val_mse": 554.400634765625,
    "train_rmse": 22.260120618961235,
    "val_rmse": 23.545713723852693,
    "train_mae": 20.017417907714844,
    "val_mae": 20.783309936523438,
    "train_r2": -5.643520832061768,
    "val_r2": -6.51807165145874
  },
  "mlp_train_time": 3.503213280811906
}