{
  "iter_idx": 28,
  "n0_value": 2,
  "mode": "windows",
  "baseline_mode": "capped",
  "baseline_slack": 0.0,
  "baseline_mae_clusters": 2.7730736885635663,
  "baseline_mae_floor": 2.7730736885635663,
  "summary_1": [
    {
      "Solver Status": "Normal",
      "Model Status": "OptimalGlobal",
      "Objective": 6.27784606330194,
      "Num of Equations": 6197,
      "Num of Variables": 4649,
      "Model Type": "MIP",
      "Solver": "GUROBI",
      "Solver Time": 0.526
    }
  ],
  "summary_2": [
    {
      "Solver Status": "Normal",
      "Model Status": "OptimalGlobal",
      "Objective": 2.77307368856356,
      "Num of Equations": 7998,
      "Num of Variables": 5559,
      "Model Type": "MIP",
      "Solver": "GUROBI",
      "Solver Time": 13.092
    }
  ],
  "selection_df": [
    {
      "w": "1",
      "level": 1.0,
      "marginal": -0.0,
      "lower": 0.0,
      "upper": 1.0,
      "scale": 1.0
    },
    {
      "w": "2",
      "level": 0.0,
      "marginal": -0.0,
      "lower": 0.0,
      "upper": 1.0,
      "scale": 1.0
    },
    {
      "w": "3",
      "level": 1.0,
      "marginal": -0.0,
      "lower": 0.0,
      "upper": 1.0,
      "scale": 1.0
    }
  ],
  "selected_original": [
    0,
    29
  ],
  "selection_vector": [
    1,
    0,
    0,
    0,
    0,
    0,
    0,
    0,
    0,
    0,
    0,
    0,
    0,
    0,
    0,
    0,
    0,
    0,
    0,
    0,
    0,
    0,
    0,
    0,
    0,
    0,
    0,
    0,
    0,
    1
  ],
  "importance_vector": [
    34.83309509101024,
    0.0,
    0.0,
    0.0,
    0.0,
    0.0,
    0.0,
    0.0,
    0.0,
    0.0,
    0.0,
    0.0,
    0.0,
    0.0,
    0.0,
    0.0,
    0.0,
    0.0,
    0.0,
    0.0,
    0.0,
    0.0,
    0.0,
    0.0,
    0.0,
    0.0,
    0.0,
    0.0,
    0.0,
    42.52080486994549
  ],
  "importance_vector_norm": [
    0.45030819530226907,
    0.0,
    0.0,
    0.0,
    0.0,
    0.0,
    0.0,
    0.0,
    0.0,
    0.0,
    0.0,
    0.0,
    0.0,
    0.0,
    0.0,
    0.0,
    0.0,
    0.0,
    0.0,
    0.0,
    0.0,
    0.0,
    0.0,
    0.0,
    0.0,
    0.0,
    0.0,
    0.0,
    0.0,
    0.5496918046977308
  ],
  "selected_sensors": [
    1,
    2,
    3,
    4,
    5,
    6,
    7,
    8,
    9,
    10,
    11,
    12,
    13,
    14,
    15
  ],
  "selected_windows": [
    1,
    30
  ],
  "X_train_shape_next": [
    100,
    15,
    2
  ],
  "X_val_shape_next": [
    100,
    15,
    2
  ],
  "M_curr": 15,
  "W_curr": 3,
  "input_dim": 45,
  "orig_indices": [
    0,
    27,
    29,
    30,
    57,
    59,
    60,
    87,
    89,
    90,
    117,
    119,
    120,
    147,
    149,
    150,
    177,
    179,
    180,
    207,
    209,
    210,
    237,
    239,
    240,
    267,
    269,
    270,
    297,
    299,
    300,
    327,
    329,
    330,
    357,
    359,
    360,
    387,
    389,
    390,
    417,
    419,
    420,
    447,
    449
  ],
  "surrogate_from_baseline": false,
  "hidden_sizes": [
    10,
    10,
    10
  ],
  "mlp_mode": "mlp_transfer",
  "mlp_metrics": {
    "train_mse": 57.43118667602539,
    "val_mse": 119.6463851928711,
    "train_rmse": 7.578336669482651,
    "val_rmse": 10.938299008203748,
    "train_mae": 6.349486827850342,
    "val_mae": 7.875524520874023,
    "train_r2": 0.16661441326141357,
    "val_r2": -0.5074965953826904
  },
  "mlp_train_time": 3.605524737155065
}