{
  "iter_idx": 30,
  "n0_value": 0,
  "mode": "windows",
  "is_final_mlp": true,
  "orig_indices": [
    29,
    59,
    89,
    119,
    149,
    179,
    209,
    239,
    269,
    299,
    329,
    359,
    389,
    419,
    449
  ],
  "input_dim": 15,
  "hidden_sizes": [
    10,
    10,
    10
  ],
  "mlp_mode": "mlp_transfer",
  "mlp_metrics": {
    "train_mse": 162.83348083496094,
    "val_mse": 261.48834228515625,
    "train_rmse": 12.760622274597777,
    "val_rmse": 16.170601172657626,
    "train_mae": 11.702071189880371,
    "val_mae": 13.046690940856934,
    "train_r2": -1.3628814220428467,
    "val_r2": -2.2946486473083496
  },
  "mlp_train_time": 3.521493849111721
}