{
  "iter_idx": 30,
  "n0_value": 0,
  "mode": "windows",
  "is_final_mlp": true,
  "orig_indices": [
    29,
    59,
    89,
    119,
    149,
    179,
    209,
    239,
    269,
    299,
    329,
    359,
    389,
    419,
    449
  ],
  "input_dim": 15,
  "hidden_sizes": [
    10
  ],
  "mlp_mode": "mlp_transfer",
  "mlp_metrics": {
    "train_mse": 31.216184616088867,
    "val_mse": 37.816219329833984,
    "train_rmse": 5.587144585214245,
    "val_rmse": 6.149489355209421,
    "train_mae": 4.591808319091797,
    "val_mae": 5.161634922027588,
    "train_r2": 0.5537970066070557,
    "val_r2": 0.4958449602127075
  },
  "mlp_train_time": 3.3570545420516282
}