{
  "iter_idx": 29,
  "n0_value": 1,
  "mode": "windows",
  "baseline_mode": "capped",
  "baseline_slack": 0.0,
  "baseline_mae_clusters": 9.970166157482865,
  "baseline_mae_floor": 9.970166157482865,
  "summary_1": [
    {
      "Solver Status": "Normal",
      "Model Status": "OptimalGlobal",
      "Objective": 4.92208904553053,
      "Num of Equations": 2182,
      "Num of Variables": 1633,
      "Model Type": "MIP",
      "Solver": "GUROBI",
      "Solver Time": 0.02
    }
  ],
  "summary_2": [
    {
      "Solver Status": "Normal",
      "Model Status": "OptimalGlobal",
      "Objective": 9.97016615748287,
      "Num of Equations": 3383,
      "Num of Variables": 2243,
      "Model Type": "MIP",
      "Solver": "GUROBI",
      "Solver Time": 0.346
    }
  ],
  "selection_df": [
    {
      "w": "1",
      "level": 0.0,
      "marginal": -0.0,
      "lower": 0.0,
      "upper": 1.0,
      "scale": 1.0
    },
    {
      "w": "2",
      "level": 1.0,
      "marginal": -0.0,
      "lower": 0.0,
      "upper": 1.0,
      "scale": 1.0
    }
  ],
  "selected_original": [
    29
  ],
  "selection_vector": [
    0,
    0,
    0,
    0,
    0,
    0,
    0,
    0,
    0,
    0,
    0,
    0,
    0,
    0,
    0,
    0,
    0,
    0,
    0,
    0,
    0,
    0,
    0,
    0,
    0,
    0,
    0,
    0,
    0,
    1
  ],
  "importance_vector": [
    0.0,
    0.0,
    0.0,
    0.0,
    0.0,
    0.0,
    0.0,
    0.0,
    0.0,
    0.0,
    0.0,
    0.0,
    0.0,
    0.0,
    0.0,
    0.0,
    0.0,
    0.0,
    0.0,
    0.0,
    0.0,
    0.0,
    0.0,
    0.0,
    0.0,
    0.0,
    0.0,
    0.0,
    0.0,
    76.71999507048608
  ],
  "importance_vector_norm": [
    0.0,
    0.0,
    0.0,
    0.0,
    0.0,
    0.0,
    0.0,
    0.0,
    0.0,
    0.0,
    0.0,
    0.0,
    0.0,
    0.0,
    0.0,
    0.0,
    0.0,
    0.0,
    0.0,
    0.0,
    0.0,
    0.0,
    0.0,
    0.0,
    0.0,
    0.0,
    0.0,
    0.0,
    0.0,
    1.0
  ],
  "selected_sensors": [
    1,
    2,
    3,
    4,
    5,
    6,
    7,
    8,
    9,
    10,
    11,
    12,
    13,
    14,
    15
  ],
  "selected_windows": [
    30
  ],
  "X_train_shape_next": [
    100,
    15,
    1
  ],
  "X_val_shape_next": [
    100,
    15,
    1
  ],
  "M_curr": 15,
  "W_curr": 2,
  "input_dim": 30,
  "orig_indices": [
    2,
    29,
    32,
    59,
    62,
    89,
    92,
    119,
    122,
    149,
    152,
    179,
    182,
    209,
    212,
    239,
    242,
    269,
    272,
    299,
    302,
    329,
    332,
    359,
    362,
    389,
    392,
    419,
    422,
    449
  ],
  "surrogate_from_baseline": false,
  "hidden_sizes": [
    10
  ],
  "mlp_mode": "mlp_transfer",
  "mlp_metrics": {
    "train_mse": 33.19419479370117,
    "val_mse": 66.32239532470703,
    "train_rmse": 5.761440340201499,
    "val_rmse": 8.143856293225404,
    "train_mae": 4.877955436706543,
    "val_mae": 6.461501598358154,
    "train_r2": 0.5255234241485596,
    "val_r2": 0.11580866575241089
  },
  "mlp_train_time": 3.514042231021449
}