{
  "iter_idx": 28,
  "n0_value": 2,
  "mode": "windows",
  "baseline_mode": "capped",
  "baseline_slack": 0.0,
  "baseline_mae_clusters": 9.970166157482865,
  "baseline_mae_floor": 9.970166157482865,
  "summary_1": [
    {
      "Solver Status": "Normal",
      "Model Status": "OptimalGlobal",
      "Objective": 5.42795983319877,
      "Num of Equations": 2197,
      "Num of Variables": 1649,
      "Model Type": "MIP",
      "Solver": "GUROBI",
      "Solver Time": 0.036
    }
  ],
  "summary_2": [
    {
      "Solver Status": "Normal",
      "Model Status": "OptimalGlobal",
      "Objective": 9.97016615748286,
      "Num of Equations": 3998,
      "Num of Variables": 2559,
      "Model Type": "MIP",
      "Solver": "GUROBI",
      "Solver Time": 0.463
    }
  ],
  "selection_df": [
    {
      "w": "1",
      "level": 1.0,
      "marginal": -0.0,
      "lower": 0.0,
      "upper": 1.0,
      "scale": 1.0
    },
    {
      "w": "2",
      "level": 0.0,
      "marginal": -0.0,
      "lower": 0.0,
      "upper": 1.0,
      "scale": 1.0
    },
    {
      "w": "3",
      "level": 1.0,
      "marginal": -0.0,
      "lower": 0.0,
      "upper": 1.0,
      "scale": 1.0
    }
  ],
  "selected_original": [
    2,
    29
  ],
  "selection_vector": [
    0,
    0,
    1,
    0,
    0,
    0,
    0,
    0,
    0,
    0,
    0,
    0,
    0,
    0,
    0,
    0,
    0,
    0,
    0,
    0,
    0,
    0,
    0,
    0,
    0,
    0,
    0,
    0,
    0,
    1
  ],
  "importance_vector": [
    0.0,
    0.0,
    61.31952342135513,
    0.0,
    0.0,
    0.0,
    0.0,
    0.0,
    0.0,
    0.0,
    0.0,
    0.0,
    0.0,
    0.0,
    0.0,
    0.0,
    0.0,
    0.0,
    0.0,
    0.0,
    0.0,
    0.0,
    0.0,
    0.0,
    0.0,
    0.0,
    0.0,
    0.0,
    0.0,
    73.13323155724994
  ],
  "importance_vector_norm": [
    0.0,
    0.0,
    0.45606743745126427,
    0.0,
    0.0,
    0.0,
    0.0,
    0.0,
    0.0,
    0.0,
    0.0,
    0.0,
    0.0,
    0.0,
    0.0,
    0.0,
    0.0,
    0.0,
    0.0,
    0.0,
    0.0,
    0.0,
    0.0,
    0.0,
    0.0,
    0.0,
    0.0,
    0.0,
    0.0,
    0.5439325625487357
  ],
  "selected_sensors": [
    1,
    2,
    3,
    4,
    5,
    6,
    7,
    8,
    9,
    10,
    11,
    12,
    13,
    14,
    15
  ],
  "selected_windows": [
    3,
    30
  ],
  "X_train_shape_next": [
    100,
    15,
    2
  ],
  "X_val_shape_next": [
    100,
    15,
    2
  ],
  "M_curr": 15,
  "W_curr": 3,
  "input_dim": 45,
  "orig_indices": [
    2,
    28,
    29,
    32,
    58,
    59,
    62,
    88,
    89,
    92,
    118,
    119,
    122,
    148,
    149,
    152,
    178,
    179,
    182,
    208,
    209,
    212,
    238,
    239,
    242,
    268,
    269,
    272,
    298,
    299,
    302,
    328,
    329,
    332,
    358,
    359,
    362,
    388,
    389,
    392,
    418,
    419,
    422,
    448,
    449
  ],
  "surrogate_from_baseline": false,
  "hidden_sizes": [
    10
  ],
  "mlp_mode": "mlp_transfer",
  "mlp_metrics": {
    "train_mse": 23.461929321289062,
    "val_mse": 52.014625549316406,
    "train_rmse": 4.84375157510055,
    "val_rmse": 7.212116579015928,
    "train_mae": 4.007246971130371,
    "val_mae": 5.547029495239258,
    "train_r2": 0.6646360158920288,
    "val_r2": 0.3065558075904846
  },
  "mlp_train_time": 3.412982420064509
}