{
  "loss": [
    7961.9091796875,
    3875.42919921875,
    3144.318603515625,
    2813.552001953125,
    2714.663330078125,
    2643.036376953125,
    2565.26025390625,
    2491.336669921875,
    2418.144775390625,
    2330.935791015625,
    2248.92431640625,
    2169.180419921875,
    2087.788818359375,
    2005.4476318359375,
    1924.070068359375,
    1845.40234375,
    1773.31689453125,
    1711.478271484375,
    1659.6624755859375,
    1614.928466796875,
    1574.81005859375,
    1538.01416015625,
    1503.9993896484375,
    1472.26904296875,
    1442.8070068359375,
    1415.283447265625,
    1389.4310302734375,
    1365.1075439453125,
    1342.0653076171875,
    1320.1448974609375
  ],
  "mae": [
    71.54560089111328,
    47.58443069458008,
    43.78584289550781,
    41.595008850097656,
    40.87604904174805,
    40.1898307800293,
    39.41251754760742,
    38.68413162231445,
    37.95500946044922,
    37.085838317871094,
    36.242820739746094,
    35.39800262451172,
    34.50792694091797,
    33.53669357299805,
    32.5152587890625,
    31.533002853393555,
    30.666107177734375,
    29.929229736328125,
    29.35618782043457,
    28.913753509521484,
    28.49003791809082,
    28.080663681030273,
    27.686037063598633,
    27.313539505004883,
    26.96442413330078,
    26.63812828063965,
    26.330183029174805,
    26.038650512695312,
    25.763147354125977,
    25.500316619873047
  ],
  "val_loss": [
    6642.83154296875,
    5053.69287109375,
    4393.30712890625,
    4039.72802734375,
    3892.20703125,
    3796.468017578125,
    3707.590087890625,
    3622.52783203125,
    3534.727783203125,
    3431.83251953125,
    3345.678466796875,
    3265.837158203125,
    3176.338623046875,
    3075.150390625,
    2956.798828125,
    2832.585205078125,
    2714.296630859375,
    2620.537841796875,
    2539.52099609375,
    2471.527587890625,
    2417.1455078125,
    2366.631103515625,
    2323.05712890625,
    2282.11376953125,
    2243.861083984375,
    2208.236328125,
    2176.70068359375,
    2146.613037109375,
    2118.614990234375,
    2092.622802734375
  ],
  "val_mae": [
    60.37623977661133,
    54.836429595947266,
    52.052818298339844,
    50.985633850097656,
    50.42177200317383,
    49.87557601928711,
    49.339054107666016,
    48.7690544128418,
    48.12532043457031,
    47.38430404663086,
    46.73143005371094,
    46.10169982910156,
    45.34871292114258,
    44.40924072265625,
    43.18199157714844,
    41.86241912841797,
    40.521121978759766,
    39.50887680053711,
    38.71328353881836,
    38.075069427490234,
    37.573368072509766,
    37.06313705444336,
    36.57652282714844,
    36.090518951416016,
    35.61976623535156,
    35.17669677734375,
    34.74705505371094,
    34.3165168762207,
    33.904563903808594,
    33.503700256347656
  ]
}