{
  "iter_idx": 21,
  "n0_value": 0,
  "mode": "sensors",
  "is_final_mlp": true,
  "orig_indices": [
    30,
    31,
    32,
    33,
    34,
    35,
    36,
    37,
    38,
    39,
    40,
    41,
    42,
    43,
    44,
    45,
    46,
    47,
    48,
    49,
    50,
    51,
    52,
    53,
    54,
    55,
    56,
    57,
    58,
    59
  ],
  "input_dim": 30,
  "hidden_sizes": [
    10,
    10
  ],
  "mlp_mode": "mlp_transfer",
  "mlp_metrics": {
    "train_mse": 2739.646240234375,
    "val_mse": 3753.04541015625,
    "train_rmse": 52.34163008766898,
    "val_rmse": 61.26210419301846,
    "train_mae": 46.38037109375,
    "val_mae": 53.29140090942383,
    "train_r2": -33.862823486328125,
    "val_r2": -57.640323638916016
  },
  "mlp_train_time": 3.552092764992267
}