{
  "iter_idx": 21,
  "n0_value": 0,
  "mode": "sensors",
  "is_final_mlp": true,
  "orig_indices": [
    30,
    31,
    32,
    33,
    34,
    35,
    36,
    37,
    38,
    39,
    40,
    41,
    42,
    43,
    44,
    45,
    46,
    47,
    48,
    49,
    50,
    51,
    52,
    53,
    54,
    55,
    56,
    57,
    58,
    59
  ],
  "input_dim": 30,
  "hidden_sizes": [
    10
  ],
  "mlp_mode": "mlp_transfer",
  "mlp_metrics": {
    "train_mse": 659.7296752929688,
    "val_mse": 629.9470825195312,
    "train_rmse": 25.685203431021698,
    "val_rmse": 25.09874663244225,
    "train_mae": 21.84979248046875,
    "val_mae": 20.715803146362305,
    "train_r2": -8.800910949707031,
    "val_r2": -6.684493541717529
  },
  "mlp_train_time": 3.3823491979856044
}