{
  "iter_idx": 28,
  "n0_value": 2,
  "mode": "windows",
  "baseline_mode": "capped",
  "baseline_slack": 0.0,
  "baseline_mae_clusters": 7.709689922897971,
  "baseline_mae_floor": 7.709689922897971,
  "summary_1": [
    {
      "Solver Status": "Normal",
      "Model Status": "OptimalGlobal",
      "Objective": 10.0624149325618,
      "Num of Equations": 4200,
      "Num of Variables": 3152,
      "Model Type": "MIP",
      "Solver": "GUROBI",
      "Solver Time": 0.23
    }
  ],
  "summary_2": [
    {
      "Solver Status": "Normal",
      "Model Status": "OptimalGlobal",
      "Objective": 7.70968992289797,
      "Num of Equations": 6121,
      "Num of Variables": 4122,
      "Model Type": "MIP",
      "Solver": "GUROBI",
      "Solver Time": 21.143
    }
  ],
  "selection_df": [
    {
      "w": "1",
      "level": 1.0,
      "marginal": -0.0,
      "lower": 0.0,
      "upper": 1.0,
      "scale": 1.0
    },
    {
      "w": "2",
      "level": 1.0,
      "marginal": -0.0,
      "lower": 0.0,
      "upper": 1.0,
      "scale": 1.0
    },
    {
      "w": "3",
      "level": 0.0,
      "marginal": -0.0,
      "lower": 0.0,
      "upper": 1.0,
      "scale": 1.0
    }
  ],
  "selected_original": [
    1,
    5
  ],
  "selection_vector": [
    0,
    1,
    0,
    0,
    0,
    1,
    0,
    0,
    0,
    0,
    0,
    0,
    0,
    0,
    0,
    0,
    0,
    0,
    0,
    0,
    0,
    0,
    0,
    0,
    0,
    0,
    0,
    0,
    0,
    0
  ],
  "importance_vector": [
    0.0,
    45.79062123917801,
    0.0,
    0.0,
    0.0,
    42.50991429138128,
    0.0,
    0.0,
    0.0,
    0.0,
    0.0,
    0.0,
    0.0,
    0.0,
    0.0,
    0.0,
    0.0,
    0.0,
    0.0,
    0.0,
    0.0,
    0.0,
    0.0,
    0.0,
    0.0,
    0.0,
    0.0,
    0.0,
    0.0,
    0.0
  ],
  "importance_vector_norm": [
    0.0,
    0.5185769368672817,
    0.0,
    0.0,
    0.0,
    0.48142306313271827,
    0.0,
    0.0,
    0.0,
    0.0,
    0.0,
    0.0,
    0.0,
    0.0,
    0.0,
    0.0,
    0.0,
    0.0,
    0.0,
    0.0,
    0.0,
    0.0,
    0.0,
    0.0,
    0.0,
    0.0,
    0.0,
    0.0,
    0.0,
    0.0
  ],
  "selected_sensors": [
    1,
    2,
    3,
    4,
    5,
    6,
    7,
    8,
    9,
    10,
    11,
    12,
    13,
    14,
    15,
    16
  ],
  "selected_windows": [
    2,
    6
  ],
  "X_train_shape_next": [
    100,
    16,
    2
  ],
  "X_val_shape_next": [
    100,
    16,
    2
  ],
  "M_curr": 16,
  "W_curr": 3,
  "input_dim": 48,
  "orig_indices": [
    1,
    5,
    25,
    31,
    35,
    55,
    61,
    65,
    85,
    91,
    95,
    115,
    121,
    125,
    145,
    151,
    155,
    175,
    181,
    185,
    205,
    211,
    215,
    235,
    241,
    245,
    265,
    271,
    275,
    295,
    301,
    305,
    325,
    331,
    335,
    355,
    361,
    365,
    385,
    391,
    395,
    415,
    421,
    425,
    445,
    451,
    455,
    475
  ],
  "surrogate_from_baseline": false,
  "hidden_sizes": [
    10,
    10
  ],
  "mlp_mode": "mlp_transfer",
  "mlp_metrics": {
    "train_mse": 53.827842712402344,
    "val_mse": 63.13248062133789,
    "train_rmse": 7.3367460575109416,
    "val_rmse": 7.945595045139029,
    "train_mae": 5.711859703063965,
    "val_mae": 6.438365936279297,
    "train_r2": 0.2594621181488037,
    "val_r2": 0.134549081325531
  },
  "mlp_train_time": 3.461004886077717
}