{
  "iter_idx": 30,
  "n0_value": 0,
  "mode": "windows",
  "is_final_mlp": true,
  "orig_indices": [
    1,
    31,
    61,
    91,
    121,
    151,
    181,
    211,
    241,
    271,
    301,
    331,
    361,
    391,
    421,
    451
  ],
  "input_dim": 16,
  "hidden_sizes": [
    10,
    10
  ],
  "mlp_mode": "mlp_transfer",
  "mlp_metrics": {
    "train_mse": 143.5755615234375,
    "val_mse": 191.81793212890625,
    "train_rmse": 11.982302012695119,
    "val_rmse": 13.849835093924629,
    "train_mae": 9.806401252746582,
    "val_mae": 11.035965919494629,
    "train_r2": -0.9752442836761475,
    "val_r2": -1.6295340061187744
  },
  "mlp_train_time": 3.603968562092632
}