{
  "iter_idx": 21,
  "n0_value": 0,
  "mode": "sensors",
  "is_final_mlp": true,
  "orig_indices": [
    420,
    421,
    422,
    423,
    424,
    425,
    426,
    427,
    428,
    429,
    430,
    431,
    432,
    433,
    434,
    435,
    436,
    437,
    438,
    439,
    440,
    441,
    442,
    443,
    444,
    445,
    446,
    447,
    448,
    449
  ],
  "input_dim": 30,
  "hidden_sizes": [
    10
  ],
  "mlp_mode": "mlp_rebuild",
  "mlp_metrics": {
    "train_mse": 3759.8369140625,
    "val_mse": 4097.9033203125,
    "train_rmse": 61.31750903341149,
    "val_rmse": 64.0148679629389,
    "train_mae": 49.851505279541016,
    "val_mae": 51.007423400878906,
    "train_r2": 0.01689469814300537,
    "val_r2": 0.04536372423171997
  },
  "mlp_train_time": 17.884532591036987
}