{
  "iter_idx": 16,
  "n0_value": 0,
  "mode": "sensors",
  "is_final_mlp": true,
  "orig_indices": [
    210,
    211,
    212,
    213,
    214,
    215,
    216,
    217,
    218,
    219,
    220,
    221,
    222,
    223,
    224,
    225,
    226,
    227,
    228,
    229,
    230,
    231,
    232,
    233,
    234,
    235,
    236,
    237,
    238,
    239
  ],
  "input_dim": 30,
  "hidden_sizes": [
    10
  ],
  "mlp_mode": "mlp_transfer",
  "mlp_metrics": {
    "train_mse": 2465.231201171875,
    "val_mse": 2326.21728515625,
    "train_rmse": 49.6510946623725,
    "val_rmse": 48.23087481226367,
    "train_mae": 48.66435241699219,
    "val_mae": 47.21623229980469,
    "train_r2": -32.91547775268555,
    "val_r2": -33.52738952636719
  },
  "mlp_train_time": 3.4990142069291323
}