{
  "iter_idx": 21,
  "n0_value": 0,
  "mode": "sensors",
  "is_final_mlp": true,
  "orig_indices": [
    30,
    31,
    32,
    33,
    34,
    35,
    36,
    37,
    38,
    39,
    40,
    41,
    42,
    43,
    44,
    45,
    46,
    47,
    48,
    49,
    50,
    51,
    52,
    53,
    54,
    55,
    56,
    57,
    58,
    59
  ],
  "input_dim": 30,
  "hidden_sizes": [
    10,
    10
  ],
  "mlp_mode": "mlp_transfer",
  "mlp_metrics": {
    "train_mse": 1043.382080078125,
    "val_mse": 1440.5045166015625,
    "train_rmse": 32.3014253567567,
    "val_rmse": 37.95397892977181,
    "train_mae": 28.192781448364258,
    "val_mae": 31.61925506591797,
    "train_r2": -14.482650756835938,
    "val_r2": -15.477670669555664
  },
  "mlp_train_time": 3.454227564157918
}