{
  "iter_idx": 21,
  "n0_value": 0,
  "mode": "sensors",
  "is_final_mlp": true,
  "orig_indices": [
    30,
    31,
    32,
    33,
    34,
    35,
    36,
    37,
    38,
    39,
    40,
    41,
    42,
    43,
    44,
    45,
    46,
    47,
    48,
    49,
    50,
    51,
    52,
    53,
    54,
    55,
    56,
    57,
    58,
    59
  ],
  "input_dim": 30,
  "hidden_sizes": [
    10
  ],
  "mlp_mode": "mlp_transfer",
  "mlp_metrics": {
    "train_mse": 1243.939453125,
    "val_mse": 1343.4798583984375,
    "train_rmse": 35.26952584207789,
    "val_rmse": 36.65351086046789,
    "train_mae": 29.699607849121094,
    "val_mae": 30.482332229614258,
    "train_r2": -14.829504013061523,
    "val_r2": -19.99151039123535
  },
  "mlp_train_time": 3.4396402430720627
}