{
  "iter_idx": 21,
  "n0_value": 0,
  "mode": "sensors",
  "is_final_mlp": true,
  "orig_indices": [
    480,
    481,
    482,
    483,
    484,
    485,
    486,
    487,
    488,
    489,
    490,
    491,
    492,
    493,
    494,
    495,
    496,
    497,
    498,
    499,
    500,
    501,
    502,
    503,
    504,
    505,
    506,
    507,
    508,
    509
  ],
  "input_dim": 30,
  "hidden_sizes": [
    10,
    10,
    10
  ],
  "mlp_mode": "mlp_transfer",
  "mlp_metrics": {
    "train_mse": 2772.383056640625,
    "val_mse": 4047.345947265625,
    "train_rmse": 52.65342397831906,
    "val_rmse": 63.61875468182024,
    "train_mae": 37.588687896728516,
    "val_mae": 44.443782806396484,
    "train_r2": -34.27941131591797,
    "val_r2": -62.23868942260742
  },
  "mlp_train_time": 3.5210482450202107
}