{
  "iter_idx": 12,
  "n0_value": 3,
  "mode": "sensors",
  "baseline_mode": "capped",
  "baseline_slack": 0.0,
  "baseline_mae_clusters": 3.425237732744401,
  "baseline_mae_floor": 3.425237732744401,
  "summary_1": [
    {
      "Solver Status": "Normal",
      "Model Status": "OptimalGlobal",
      "Objective": 5.41311876502018,
      "Num of Equations": 6272,
      "Num of Variables": 4725,
      "Model Type": "MIP",
      "Solver": "GUROBI",
      "Solver Time": 0.581
    }
  ],
  "summary_2": [
    {
      "Solver Status": "Normal",
      "Model Status": "OptimalGlobal",
      "Objective": 3.4252377327444,
      "Num of Equations": 11073,
      "Num of Variables": 7135,
      "Model Type": "MIP",
      "Solver": "GUROBI",
      "Solver Time": 6.593
    }
  ],
  "selection_df": [
    {
      "s": "1",
      "level": 1.0,
      "marginal": -0.0,
      "lower": 0.0,
      "upper": 1.0,
      "scale": 1.0
    },
    {
      "s": "2",
      "level": 1.0,
      "marginal": -0.0,
      "lower": 0.0,
      "upper": 1.0,
      "scale": 1.0
    },
    {
      "s": "3",
      "level": 0.0,
      "marginal": -0.0,
      "lower": 0.0,
      "upper": 1.0,
      "scale": 1.0
    },
    {
      "s": "4",
      "level": 1.0,
      "marginal": -0.0,
      "lower": 0.0,
      "upper": 1.0,
      "scale": 1.0
    }
  ],
  "selected_original": [
    0,
    4,
    11
  ],
  "selection_vector": [
    1,
    0,
    0,
    0,
    1,
    0,
    0,
    0,
    0,
    0,
    0,
    1,
    0,
    0,
    0
  ],
  "importance_vector": [
    51.993595158720346,
    0.0,
    0.0,
    0.0,
    68.30534162819319,
    0.0,
    0.0,
    0.0,
    0.0,
    0.0,
    0.0,
    56.830510846106215,
    0.0,
    0.0,
    0.0
  ],
  "importance_vector_norm": [
    0.2935344509538679,
    0.0,
    0.0,
    0.0,
    0.3856238617630058,
    0.0,
    0.0,
    0.0,
    0.0,
    0.0,
    0.0,
    0.32084168728312623,
    0.0,
    0.0,
    0.0
  ],
  "selected_sensors": [
    1,
    5,
    12
  ],
  "selected_windows": [
    1,
    2,
    3,
    4,
    5,
    6,
    7,
    8,
    9,
    10,
    11,
    12,
    13,
    14,
    15,
    16,
    17,
    18,
    19,
    20,
    21,
    22,
    23,
    24,
    25,
    26,
    27,
    28,
    29,
    30
  ],
  "X_train_shape_next": [
    100,
    3,
    30
  ],
  "X_val_shape_next": [
    100,
    3,
    30
  ],
  "M_curr": 4,
  "W_curr": 30,
  "input_dim": 120,
  "orig_indices": [
    0,
    1,
    2,
    3,
    4,
    5,
    6,
    7,
    8,
    9,
    10,
    11,
    12,
    13,
    14,
    15,
    16,
    17,
    18,
    19,
    20,
    21,
    22,
    23,
    24,
    25,
    26,
    27,
    28,
    29,
    120,
    121,
    122,
    123,
    124,
    125,
    126,
    127,
    128,
    129,
    130,
    131,
    132,
    133,
    134,
    135,
    136,
    137,
    138,
    139,
    140,
    141,
    142,
    143,
    144,
    145,
    146,
    147,
    148,
    149,
    210,
    211,
    212,
    213,
    214,
    215,
    216,
    217,
    218,
    219,
    220,
    221,
    222,
    223,
    224,
    225,
    226,
    227,
    228,
    229,
    230,
    231,
    232,
    233,
    234,
    235,
    236,
    237,
    238,
    239,
    330,
    331,
    332,
    333,
    334,
    335,
    336,
    337,
    338,
    339,
    340,
    341,
    342,
    343,
    344,
    345,
    346,
    347,
    348,
    349,
    350,
    351,
    352,
    353,
    354,
    355,
    356,
    357,
    358,
    359
  ],
  "surrogate_from_baseline": false,
  "hidden_sizes": [
    10,
    10,
    10
  ],
  "mlp_mode": "mlp_transfer",
  "mlp_metrics": {
    "train_mse": 19.994979858398438,
    "val_mse": 68.12850189208984,
    "train_rmse": 4.471574650880654,
    "val_rmse": 8.253999145389454,
    "train_mae": 3.3992204666137695,
    "val_mae": 5.722875595092773,
    "train_r2": 0.7216362953186035,
    "val_r2": 0.03638690710067749
  },
  "mlp_train_time": 3.413804556010291
}