{
  "iter_idx": 15,
  "n0_value": 0,
  "mode": "sensors",
  "is_final_mlp": true,
  "orig_indices": [
    0,
    1,
    2,
    3,
    4,
    5,
    6,
    7,
    8,
    9,
    10,
    11,
    12,
    13,
    14,
    15,
    16,
    17,
    18,
    19,
    20,
    21,
    22,
    23,
    24,
    25,
    26,
    27,
    28,
    29
  ],
  "input_dim": 30,
  "hidden_sizes": [
    10,
    10,
    10
  ],
  "mlp_mode": "mlp_transfer",
  "mlp_metrics": {
    "train_mse": 308.08807373046875,
    "val_mse": 523.2462768554688,
    "train_rmse": 17.552437828702562,
    "val_rmse": 22.874577085827593,
    "train_mae": 14.497200965881348,
    "val_mae": 17.4299373626709,
    "train_r2": -3.289104461669922,
    "val_r2": -6.400822639465332
  },
  "mlp_train_time": 3.583078492898494
}