{
  "iter_idx": 27,
  "n0_value": 3,
  "mode": "windows",
  "baseline_mode": "capped",
  "baseline_slack": 0.0,
  "baseline_mae_clusters": 7.893323653747499,
  "baseline_mae_floor": 7.893323653747499,
  "summary_1": [
    {
      "Solver Status": "Normal",
      "Model Status": "OptimalGlobal",
      "Objective": 8.19255020815841,
      "Num of Equations": 6236,
      "Num of Variables": 4689,
      "Model Type": "MIP",
      "Solver": "GUROBI",
      "Solver Time": 0.645
    }
  ],
  "summary_2": [
    {
      "Solver Status": "Normal",
      "Model Status": "OptimalGlobal",
      "Objective": 7.8933236537475,
      "Num of Equations": 9597,
      "Num of Variables": 6379,
      "Model Type": "MIP",
      "Solver": "GUROBI",
      "Solver Time": 0.5
    }
  ],
  "selection_df": [
    {
      "w": "1",
      "level": 1.0,
      "marginal": -0.0,
      "lower": 0.0,
      "upper": 1.0,
      "scale": 1.0
    },
    {
      "w": "2",
      "level": 1.0,
      "marginal": -0.0,
      "lower": 0.0,
      "upper": 1.0,
      "scale": 1.0
    },
    {
      "w": "3",
      "level": 1.0,
      "marginal": -0.0,
      "lower": 0.0,
      "upper": 1.0,
      "scale": 1.0
    },
    {
      "w": "4",
      "level": 0.0,
      "marginal": -0.0,
      "lower": 0.0,
      "upper": 1.0,
      "scale": 1.0
    }
  ],
  "selected_original": [
    16,
    19,
    20
  ],
  "selection_vector": [
    0,
    0,
    0,
    0,
    0,
    0,
    0,
    0,
    0,
    0,
    0,
    0,
    0,
    0,
    0,
    0,
    1,
    0,
    0,
    1,
    1,
    0,
    0,
    0,
    0,
    0,
    0,
    0,
    0,
    0
  ],
  "importance_vector": [
    0.0,
    0.0,
    0.0,
    0.0,
    0.0,
    0.0,
    0.0,
    0.0,
    0.0,
    0.0,
    0.0,
    0.0,
    0.0,
    0.0,
    0.0,
    0.0,
    54.585273205007525,
    0.0,
    0.0,
    62.20467917472807,
    65.59142947114518,
    0.0,
    0.0,
    0.0,
    0.0,
    0.0,
    0.0,
    0.0,
    0.0,
    0.0
  ],
  "importance_vector_norm": [
    0.0,
    0.0,
    0.0,
    0.0,
    0.0,
    0.0,
    0.0,
    0.0,
    0.0,
    0.0,
    0.0,
    0.0,
    0.0,
    0.0,
    0.0,
    0.0,
    0.2992919159349155,
    0.0,
    0.0,
    0.34106923932393524,
    0.3596388447411493,
    0.0,
    0.0,
    0.0,
    0.0,
    0.0,
    0.0,
    0.0,
    0.0,
    0.0
  ],
  "selected_sensors": [
    1,
    2,
    3,
    4,
    5,
    6,
    7,
    8,
    9,
    10,
    11,
    12,
    13,
    14,
    15,
    16,
    17,
    18,
    19,
    20,
    21
  ],
  "selected_windows": [
    17,
    20,
    21
  ],
  "X_train_shape_next": [
    100,
    21,
    3
  ],
  "X_val_shape_next": [
    100,
    21,
    3
  ],
  "M_curr": 21,
  "W_curr": 4,
  "input_dim": 84,
  "orig_indices": [
    16,
    19,
    20,
    21,
    46,
    49,
    50,
    51,
    76,
    79,
    80,
    81,
    106,
    109,
    110,
    111,
    136,
    139,
    140,
    141,
    166,
    169,
    170,
    171,
    196,
    199,
    200,
    201,
    226,
    229,
    230,
    231,
    256,
    259,
    260,
    261,
    286,
    289,
    290,
    291,
    316,
    319,
    320,
    321,
    346,
    349,
    350,
    351,
    376,
    379,
    380,
    381,
    406,
    409,
    410,
    411,
    436,
    439,
    440,
    441,
    466,
    469,
    470,
    471,
    496,
    499,
    500,
    501,
    526,
    529,
    530,
    531,
    556,
    559,
    560,
    561,
    586,
    589,
    590,
    591,
    616,
    619,
    620,
    621
  ],
  "surrogate_from_baseline": false,
  "hidden_sizes": [
    10,
    10,
    10
  ],
  "mlp_mode": "mlp_transfer",
  "mlp_metrics": {
    "train_mse": 81.02490997314453,
    "val_mse": 185.5393524169922,
    "train_rmse": 9.001383781016369,
    "val_rmse": 13.621283067941588,
    "train_mae": 7.7871198654174805,
    "val_mae": 10.496086120605469,
    "train_r2": -0.1977003812789917,
    "val_r2": -1.5807673931121826
  },
  "mlp_train_time": 3.594259995035827
}