{
  "iter_idx": 30,
  "n0_value": 0,
  "mode": "windows",
  "is_final_mlp": true,
  "orig_indices": [
    19,
    49,
    79,
    109,
    139,
    169,
    199,
    229,
    259,
    289,
    319,
    349,
    379,
    409,
    439,
    469,
    499,
    529,
    559,
    589,
    619
  ],
  "input_dim": 21,
  "hidden_sizes": [
    10,
    10,
    10
  ],
  "mlp_mode": "mlp_transfer",
  "mlp_metrics": {
    "train_mse": 353.7625732421875,
    "val_mse": 391.03948974609375,
    "train_rmse": 18.808577119021724,
    "val_rmse": 19.77471844922435,
    "train_mae": 16.77279281616211,
    "val_mae": 17.41468048095703,
    "train_r2": -4.229275226593018,
    "val_r2": -4.43917989730835
  },
  "mlp_train_time": 3.7201513529289514
}