{
  "iter_idx": 30,
  "n0_value": 0,
  "mode": "windows",
  "is_final_mlp": true,
  "orig_indices": [
    1,
    31,
    61,
    91,
    121,
    151,
    181,
    211,
    241,
    271,
    301,
    331,
    361,
    391,
    421,
    451,
    481,
    511,
    541,
    571,
    601
  ],
  "input_dim": 21,
  "hidden_sizes": [
    10,
    10
  ],
  "mlp_mode": "mlp_transfer",
  "mlp_metrics": {
    "train_mse": 543.0354614257812,
    "val_mse": 656.3263549804688,
    "train_rmse": 23.30312128075939,
    "val_rmse": 25.61886716817254,
    "train_mae": 21.760236740112305,
    "val_mae": 24.044700622558594,
    "train_r2": -5.948061466217041,
    "val_r2": -8.007107734680176
  },
  "mlp_train_time": 3.489849427016452
}