{
  "iter_idx": 30,
  "n0_value": 0,
  "mode": "windows",
  "is_final_mlp": true,
  "orig_indices": [
    1,
    31,
    61,
    91,
    121,
    151,
    181,
    211,
    241,
    271,
    301,
    331,
    361,
    391,
    421,
    451,
    481,
    511,
    541,
    571,
    601
  ],
  "input_dim": 21,
  "hidden_sizes": [
    10
  ],
  "mlp_mode": "mlp_transfer",
  "mlp_metrics": {
    "train_mse": 137.58502197265625,
    "val_mse": 116.94287872314453,
    "train_rmse": 11.729664188400973,
    "val_rmse": 10.814013072081268,
    "train_mae": 9.705185890197754,
    "val_mae": 8.953219413757324,
    "train_r2": -0.7508108615875244,
    "val_r2": -0.6839616298675537
  },
  "mlp_train_time": 3.453914931975305
}