{
  "iter_idx": 21,
  "n0_value": 0,
  "mode": "sensors",
  "is_final_mlp": true,
  "orig_indices": [
    30,
    31,
    32,
    33,
    34,
    35,
    36,
    37,
    38,
    39,
    40,
    41,
    42,
    43,
    44,
    45,
    46,
    47,
    48,
    49,
    50,
    51,
    52,
    53,
    54,
    55,
    56,
    57,
    58,
    59
  ],
  "input_dim": 30,
  "hidden_sizes": [
    10
  ],
  "mlp_mode": "mlp_transfer",
  "mlp_metrics": {
    "train_mse": 633.6322631835938,
    "val_mse": 697.181640625,
    "train_rmse": 25.17205321747898,
    "val_rmse": 26.404197405431585,
    "train_mae": 21.571962356567383,
    "val_mae": 21.3164119720459,
    "train_r2": -8.402411460876465,
    "val_r2": -6.9749345779418945
  },
  "mlp_train_time": 3.4742344541009516
}