{
  "iter_idx": 30,
  "n0_value": 0,
  "mode": "windows",
  "is_final_mlp": true,
  "orig_indices": [
    1,
    31,
    61,
    91,
    121,
    151,
    181,
    211,
    241,
    271,
    301,
    331,
    361,
    391,
    421,
    451,
    481,
    511,
    541,
    571,
    601
  ],
  "input_dim": 21,
  "hidden_sizes": [
    10,
    10
  ],
  "mlp_mode": "mlp_transfer",
  "mlp_metrics": {
    "train_mse": 226.9397430419922,
    "val_mse": 203.6079864501953,
    "train_rmse": 15.064519343211458,
    "val_rmse": 14.269127038827405,
    "train_mae": 12.455584526062012,
    "val_mae": 11.743699073791504,
    "train_r2": -2.0426628589630127,
    "val_r2": -1.7341859340667725
  },
  "mlp_train_time": 3.5370917320251465
}