{
  "loss": [
    8160.8271484375,
    3331.822021484375,
    2626.876953125,
    2455.59619140625,
    2268.359130859375,
    2053.43310546875,
    1844.054443359375,
    1680.5137939453125,
    1562.2718505859375,
    1482.6497802734375,
    1422.2869873046875,
    1371.19580078125,
    1326.27294921875,
    1285.837646484375,
    1248.7843017578125,
    1215.5941162109375,
    1185.4681396484375,
    1158.7138671875,
    1134.583984375,
    1112.507080078125,
    1093.1201171875,
    1075.0084228515625,
    1057.760009765625,
    1042.55029296875,
    1028.7587890625,
    1013.75634765625,
    1000.3816528320312,
    987.3590087890625,
    974.3982543945312,
    962.1181640625
  ],
  "mae": [
    72.01960754394531,
    44.85799026489258,
    39.98281478881836,
    38.2966194152832,
    36.36380386352539,
    34.01216506958008,
    31.460054397583008,
    29.41667938232422,
    27.99043083190918,
    27.04920768737793,
    26.345129013061523,
    25.715822219848633,
    25.144445419311523,
    24.598867416381836,
    24.086402893066406,
    23.635297775268555,
    23.228389739990234,
    22.88056755065918,
    22.562780380249023,
    22.284175872802734,
    22.03260040283203,
    21.837244033813477,
    21.65109634399414,
    21.482637405395508,
    21.362712860107422,
    21.22028923034668,
    21.098512649536133,
    20.98698616027832,
    20.87122917175293,
    20.769203186035156
  ],
  "val_loss": [
    5757.482421875,
    4137.0283203125,
    3682.501953125,
    3439.50439453125,
    3162.192626953125,
    2857.510498046875,
    2616.96826171875,
    2434.4599609375,
    2293.857421875,
    2201.1904296875,
    2128.826171875,
    2066.010009765625,
    2010.199951171875,
    1961.1483154296875,
    1913.4344482421875,
    1864.1396484375,
    1818.7955322265625,
    1777.7850341796875,
    1744.5958251953125,
    1720.7691650390625,
    1704.99169921875,
    1694.838134765625,
    1686.0555419921875,
    1678.02880859375,
    1671.4141845703125,
    1673.9683837890625,
    1664.5135498046875,
    1654.7900390625,
    1642.8280029296875,
    1635.5087890625
  ],
  "val_mae": [
    56.9128303527832,
    50.83053207397461,
    48.89118957519531,
    47.09693145751953,
    44.86152648925781,
    42.0512580871582,
    39.72511291503906,
    37.59790802001953,
    35.96431350708008,
    34.87765884399414,
    34.038509368896484,
    33.25899124145508,
    32.52609634399414,
    31.840682983398438,
    31.131975173950195,
    30.377182006835938,
    29.572540283203125,
    28.86269760131836,
    28.328092575073242,
    28.024805068969727,
    27.851903915405273,
    27.698654174804688,
    27.60875701904297,
    27.470504760742188,
    27.311275482177734,
    27.12158966064453,
    27.008697509765625,
    26.880599975585938,
    26.76201057434082,
    26.622495651245117
  ]
}