{
  "iter_idx": 15,
  "n0_value": 0,
  "mode": "sensors",
  "is_final_mlp": true,
  "orig_indices": [
    240,
    241,
    242,
    243,
    244,
    245,
    246,
    247,
    248,
    249,
    250,
    251,
    252,
    253,
    254,
    255,
    256,
    257,
    258,
    259,
    260,
    261,
    262,
    263,
    264,
    265,
    266,
    267,
    268,
    269
  ],
  "input_dim": 30,
  "hidden_sizes": [
    10
  ],
  "mlp_mode": "mlp_transfer",
  "mlp_metrics": {
    "train_mse": 130.09942626953125,
    "val_mse": 150.4883270263672,
    "train_rmse": 11.406113547985187,
    "val_rmse": 12.267368382272018,
    "train_mae": 9.004712104797363,
    "val_mae": 9.870099067687988,
    "train_r2": -0.8596365451812744,
    "val_r2": -1.079188346862793
  },
  "mlp_train_time": 3.4882576121017337
}