{
  "iter_idx": 16,
  "n0_value": 0,
  "mode": "sensors",
  "is_final_mlp": true,
  "orig_indices": [
    210,
    211,
    212,
    213,
    214,
    215,
    216,
    217,
    218,
    219,
    220,
    221,
    222,
    223,
    224,
    225,
    226,
    227,
    228,
    229,
    230,
    231,
    232,
    233,
    234,
    235,
    236,
    237,
    238,
    239
  ],
  "input_dim": 30,
  "hidden_sizes": [
    10,
    10
  ],
  "mlp_mode": "mlp_rebuild",
  "mlp_metrics": {
    "train_mse": 7597.1435546875,
    "val_mse": 6541.22412109375,
    "train_rmse": 87.16159449371897,
    "val_rmse": 80.87783454750597,
    "train_mae": 65.1968994140625,
    "val_mae": 60.43312454223633,
    "train_r2": 0.136521577835083,
    "val_r2": 0.20560771226882935
  },
  "mlp_train_time": 12.019279671018012
}