{
  "iter_idx": 21,
  "n0_value": 0,
  "mode": "sensors",
  "is_final_mlp": true,
  "orig_indices": [
    270,
    271,
    272,
    273,
    274,
    275,
    276,
    277,
    278,
    279,
    280,
    281,
    282,
    283,
    284,
    285,
    286,
    287,
    288,
    289,
    290,
    291,
    292,
    293,
    294,
    295,
    296,
    297,
    298,
    299
  ],
  "input_dim": 30,
  "hidden_sizes": [
    10,
    10,
    10
  ],
  "mlp_mode": "mlp_transfer",
  "mlp_metrics": {
    "train_mse": 7590.65185546875,
    "val_mse": 7736.72265625,
    "train_rmse": 87.12434708776158,
    "val_rmse": 87.95864173718236,
    "train_mae": 64.33004760742188,
    "val_mae": 63.556312561035156,
    "train_r2": -100.7706069946289,
    "val_r2": -98.64302062988281
  },
  "mlp_train_time": 3.540592203848064
}