{
  "iter_idx": 30,
  "n0_value": 0,
  "mode": "windows",
  "is_final_mlp": true,
  "orig_indices": [
    1,
    31,
    61,
    91,
    121,
    151,
    181,
    211,
    241,
    271,
    301,
    331,
    361,
    391,
    421,
    451,
    481,
    511,
    541,
    571,
    601
  ],
  "input_dim": 21,
  "hidden_sizes": [
    10,
    10
  ],
  "mlp_mode": "mlp_transfer",
  "mlp_metrics": {
    "train_mse": 257.8825378417969,
    "val_mse": 252.6873779296875,
    "train_rmse": 16.058721550665137,
    "val_rmse": 15.896143492359633,
    "train_mae": 13.749750137329102,
    "val_mae": 13.508284568786621,
    "train_r2": -2.734050989151001,
    "val_r2": -2.738360643386841
  },
  "mlp_train_time": 3.4894314580596983
}