{
  "iter_idx": 21,
  "n0_value": 0,
  "mode": "sensors",
  "is_final_mlp": true,
  "orig_indices": [
    270,
    271,
    272,
    273,
    274,
    275,
    276,
    277,
    278,
    279,
    280,
    281,
    282,
    283,
    284,
    285,
    286,
    287,
    288,
    289,
    290,
    291,
    292,
    293,
    294,
    295,
    296,
    297,
    298,
    299
  ],
  "input_dim": 30,
  "hidden_sizes": [
    10,
    10,
    10
  ],
  "mlp_mode": "mlp_transfer",
  "mlp_metrics": {
    "train_mse": 9285.4501953125,
    "val_mse": 6222.14794921875,
    "train_rmse": 96.36104085839101,
    "val_rmse": 78.88059298216989,
    "train_mae": 73.08060455322266,
    "val_mae": 56.786109924316406,
    "train_r2": -111.40974426269531,
    "val_r2": -77.72310638427734
  },
  "mlp_train_time": 3.6347857019864023
}