{
  "iter_idx": 27,
  "n0_value": 3,
  "mode": "windows",
  "baseline_mode": "capped",
  "baseline_slack": 0.0,
  "baseline_mae_clusters": 25.4370475250906,
  "baseline_mae_floor": 25.4370475250906,
  "summary_1": [
    {
      "Solver Status": "Normal",
      "Model Status": "OptimalGlobal",
      "Objective": 54.3461475634056,
      "Num of Equations": 4236,
      "Num of Variables": 3189,
      "Model Type": "MIP",
      "Solver": "GUROBI",
      "Solver Time": 0.277
    }
  ],
  "summary_2": [
    {
      "Solver Status": "Normal",
      "Model Status": "OptimalGlobal",
      "Objective": 25.4370475250906,
      "Num of Equations": 7597,
      "Num of Variables": 4879,
      "Model Type": "MIP",
      "Solver": "GUROBI",
      "Solver Time": 26.336
    }
  ],
  "selection_df": [
    {
      "w": "1",
      "level": 1.0,
      "marginal": -0.0,
      "lower": 0.0,
      "upper": 1.0,
      "scale": 1.0
    },
    {
      "w": "2",
      "level": 0.0,
      "marginal": -0.0,
      "lower": 0.0,
      "upper": 1.0,
      "scale": 1.0
    },
    {
      "w": "3",
      "level": 1.0,
      "marginal": -0.0,
      "lower": 0.0,
      "upper": 1.0,
      "scale": 1.0
    },
    {
      "w": "4",
      "level": 1.0,
      "marginal": -0.0,
      "lower": 0.0,
      "upper": 1.0,
      "scale": 1.0
    }
  ],
  "selected_original": [
    15,
    27,
    28
  ],
  "selection_vector": [
    0,
    0,
    0,
    0,
    0,
    0,
    0,
    0,
    0,
    0,
    0,
    0,
    0,
    0,
    0,
    1,
    0,
    0,
    0,
    0,
    0,
    0,
    0,
    0,
    0,
    0,
    0,
    1,
    1,
    0
  ],
  "importance_vector": [
    0.0,
    0.0,
    0.0,
    0.0,
    0.0,
    0.0,
    0.0,
    0.0,
    0.0,
    0.0,
    0.0,
    0.0,
    0.0,
    0.0,
    0.0,
    144.94335567874822,
    0.0,
    0.0,
    0.0,
    0.0,
    0.0,
    0.0,
    0.0,
    0.0,
    0.0,
    0.0,
    0.0,
    168.77412544318867,
    190.99905707619916,
    0.0
  ],
  "importance_vector_norm": [
    0.0,
    0.0,
    0.0,
    0.0,
    0.0,
    0.0,
    0.0,
    0.0,
    0.0,
    0.0,
    0.0,
    0.0,
    0.0,
    0.0,
    0.0,
    0.287177741779977,
    0.0,
    0.0,
    0.0,
    0.0,
    0.0,
    0.0,
    0.0,
    0.0,
    0.0,
    0.0,
    0.0,
    0.33439388779634793,
    0.37842837042367505,
    0.0
  ],
  "selected_sensors": [
    1,
    2,
    3,
    4,
    5,
    6,
    7,
    8,
    9,
    10,
    11,
    12,
    13,
    14,
    15,
    16,
    17,
    18,
    19,
    20,
    21
  ],
  "selected_windows": [
    16,
    28,
    29
  ],
  "X_train_shape_next": [
    48596,
    21,
    3
  ],
  "X_val_shape_next": [
    5432,
    21,
    3
  ],
  "M_curr": 21,
  "W_curr": 4,
  "input_dim": 84,
  "orig_indices": [
    15,
    21,
    27,
    28,
    45,
    51,
    57,
    58,
    75,
    81,
    87,
    88,
    105,
    111,
    117,
    118,
    135,
    141,
    147,
    148,
    165,
    171,
    177,
    178,
    195,
    201,
    207,
    208,
    225,
    231,
    237,
    238,
    255,
    261,
    267,
    268,
    285,
    291,
    297,
    298,
    315,
    321,
    327,
    328,
    345,
    351,
    357,
    358,
    375,
    381,
    387,
    388,
    405,
    411,
    417,
    418,
    435,
    441,
    447,
    448,
    465,
    471,
    477,
    478,
    495,
    501,
    507,
    508,
    525,
    531,
    537,
    538,
    555,
    561,
    567,
    568,
    585,
    591,
    597,
    598,
    615,
    621,
    627,
    628
  ],
  "surrogate_from_baseline": false,
  "hidden_sizes": [
    10,
    10
  ],
  "mlp_mode": "mlp_rebuild",
  "mlp_metrics": {
    "train_mse": 3341.050537109375,
    "val_mse": 2520.962158203125,
    "train_rmse": 57.801821226578795,
    "val_rmse": 50.20918400256197,
    "train_mae": 42.880523681640625,
    "val_mae": 39.14130783081055,
    "train_r2": 0.5258219242095947,
    "val_r2": 0.6003697514533997
  },
  "mlp_train_time": 24.227997434034478
}