{
  "iter_idx": 30,
  "n0_value": 0,
  "mode": "windows",
  "is_final_mlp": true,
  "orig_indices": [
    27,
    57,
    87,
    117,
    147,
    177,
    207,
    237,
    267,
    297,
    327,
    357,
    387,
    417,
    447,
    477,
    507,
    537,
    567,
    597,
    627
  ],
  "input_dim": 21,
  "hidden_sizes": [
    10,
    10
  ],
  "mlp_mode": "mlp_rebuild",
  "mlp_metrics": {
    "train_mse": 3383.495361328125,
    "val_mse": 2530.763916015625,
    "train_rmse": 58.16782066854598,
    "val_rmse": 50.30669852033251,
    "train_mae": 43.139183044433594,
    "val_mae": 39.13832473754883,
    "train_r2": 0.5197979211807251,
    "val_r2": 0.59881591796875
  },
  "mlp_train_time": 21.888588972971775
}