{
  "iter_idx": 12,
  "n0_value": 3,
  "mode": "sensors",
  "baseline_mode": "capped",
  "baseline_slack": 0.0,
  "baseline_mae_clusters": 9.224769313888917,
  "baseline_mae_floor": 9.224769313888917,
  "summary_1": [
    {
      "Solver Status": "Normal",
      "Model Status": "OptimalGlobal",
      "Objective": 5.55211094353653,
      "Num of Equations": 2272,
      "Num of Variables": 1725,
      "Model Type": "MIP",
      "Solver": "GUROBI",
      "Solver Time": 0.062
    }
  ],
  "summary_2": [
    {
      "Solver Status": "Normal",
      "Model Status": "OptimalGlobal",
      "Objective": 9.22476931388892,
      "Num of Equations": 7073,
      "Num of Variables": 4135,
      "Model Type": "MIP",
      "Solver": "GUROBI",
      "Solver Time": 0.696
    }
  ],
  "selection_df": [
    {
      "s": "1",
      "level": 0.0,
      "marginal": -0.0,
      "lower": 0.0,
      "upper": 1.0,
      "scale": 1.0
    },
    {
      "s": "2",
      "level": 1.0,
      "marginal": -0.0,
      "lower": 0.0,
      "upper": 1.0,
      "scale": 1.0
    },
    {
      "s": "3",
      "level": 1.0,
      "marginal": -0.0,
      "lower": 0.0,
      "upper": 1.0,
      "scale": 1.0
    },
    {
      "s": "4",
      "level": 1.0,
      "marginal": -0.0,
      "lower": 0.0,
      "upper": 1.0,
      "scale": 1.0
    }
  ],
  "selected_original": [
    5,
    7,
    10
  ],
  "selection_vector": [
    0,
    0,
    0,
    0,
    0,
    1,
    0,
    1,
    0,
    0,
    1,
    0,
    0,
    0,
    0
  ],
  "importance_vector": [
    0.0,
    0.0,
    0.0,
    0.0,
    0.0,
    127.10831189375719,
    0.0,
    111.64732275807553,
    0.0,
    0.0,
    170.2200760024657,
    0.0,
    0.0,
    0.0,
    0.0
  ],
  "importance_vector_norm": [
    0.0,
    0.0,
    0.0,
    0.0,
    0.0,
    0.3107967260217077,
    0.0,
    0.272992551512306,
    0.0,
    0.0,
    0.4162107224659862,
    0.0,
    0.0,
    0.0,
    0.0
  ],
  "selected_sensors": [
    6,
    8,
    11
  ],
  "selected_windows": [
    1,
    2,
    3,
    4,
    5,
    6,
    7,
    8,
    9,
    10,
    11,
    12,
    13,
    14,
    15,
    16,
    17,
    18,
    19,
    20,
    21,
    22,
    23,
    24,
    25,
    26,
    27,
    28,
    29,
    30
  ],
  "X_train_shape_next": [
    100,
    3,
    30
  ],
  "X_val_shape_next": [
    100,
    3,
    30
  ],
  "M_curr": 4,
  "W_curr": 30,
  "input_dim": 120,
  "orig_indices": [
    60,
    61,
    62,
    63,
    64,
    65,
    66,
    67,
    68,
    69,
    70,
    71,
    72,
    73,
    74,
    75,
    76,
    77,
    78,
    79,
    80,
    81,
    82,
    83,
    84,
    85,
    86,
    87,
    88,
    89,
    150,
    151,
    152,
    153,
    154,
    155,
    156,
    157,
    158,
    159,
    160,
    161,
    162,
    163,
    164,
    165,
    166,
    167,
    168,
    169,
    170,
    171,
    172,
    173,
    174,
    175,
    176,
    177,
    178,
    179,
    210,
    211,
    212,
    213,
    214,
    215,
    216,
    217,
    218,
    219,
    220,
    221,
    222,
    223,
    224,
    225,
    226,
    227,
    228,
    229,
    230,
    231,
    232,
    233,
    234,
    235,
    236,
    237,
    238,
    239,
    300,
    301,
    302,
    303,
    304,
    305,
    306,
    307,
    308,
    309,
    310,
    311,
    312,
    313,
    314,
    315,
    316,
    317,
    318,
    319,
    320,
    321,
    322,
    323,
    324,
    325,
    326,
    327,
    328,
    329
  ],
  "surrogate_from_baseline": false,
  "hidden_sizes": [
    10
  ],
  "mlp_mode": "mlp_transfer",
  "mlp_metrics": {
    "train_mse": 31.792526245117188,
    "val_mse": 70.1968002319336,
    "train_rmse": 5.638486166083694,
    "val_rmse": 8.378353073959918,
    "train_mae": 4.510990619659424,
    "val_mae": 6.873516082763672,
    "train_r2": 0.5626134872436523,
    "val_r2": -0.04191136360168457
  },
  "mlp_train_time": 3.491005332907662
}