{
  "iter_idx": 15,
  "n0_value": 0,
  "mode": "sensors",
  "is_final_mlp": true,
  "orig_indices": [
    300,
    301,
    302,
    303,
    304,
    305,
    306,
    307,
    308,
    309,
    310,
    311,
    312,
    313,
    314,
    315,
    316,
    317,
    318,
    319,
    320,
    321,
    322,
    323,
    324,
    325,
    326,
    327,
    328,
    329
  ],
  "input_dim": 30,
  "hidden_sizes": [
    10
  ],
  "mlp_mode": "mlp_transfer",
  "mlp_metrics": {
    "train_mse": 901.5228271484375,
    "val_mse": 463.44207763671875,
    "train_rmse": 30.02536972542449,
    "val_rmse": 21.527704885489275,
    "train_mae": 23.786836624145508,
    "val_mae": 15.447842597961426,
    "train_r2": -11.402722358703613,
    "val_r2": -5.878739833831787
  },
  "mlp_train_time": 3.433445569127798
}