{
  "iter_idx": 30,
  "n0_value": 0,
  "mode": "windows",
  "is_final_mlp": true,
  "orig_indices": [
    27,
    57,
    87,
    117,
    147,
    177,
    207,
    237,
    267,
    297,
    327,
    357,
    387,
    417,
    447
  ],
  "input_dim": 15,
  "hidden_sizes": [
    10,
    10,
    10
  ],
  "mlp_mode": "mlp_transfer",
  "mlp_metrics": {
    "train_mse": 175.6641082763672,
    "val_mse": 221.89608764648438,
    "train_rmse": 13.253833719960696,
    "val_rmse": 14.896176947340695,
    "train_mae": 11.907439231872559,
    "val_mae": 12.843016624450684,
    "train_r2": -1.5188031196594238,
    "val_r2": -2.2443039417266846
  },
  "mlp_train_time": 3.424242008011788
}