{
  "iter_idx": 28,
  "n0_value": 2,
  "mode": "windows",
  "baseline_mode": "capped",
  "baseline_slack": 0.0,
  "baseline_mae_clusters": 3.430148232012948,
  "baseline_mae_floor": 3.430148232012948,
  "summary_1": [
    {
      "Solver Status": "Normal",
      "Model Status": "OptimalGlobal",
      "Objective": 8.03251621338937,
      "Num of Equations": 6197,
      "Num of Variables": 4649,
      "Model Type": "MIP",
      "Solver": "GUROBI",
      "Solver Time": 0.699
    }
  ],
  "summary_2": [
    {
      "Solver Status": "Normal",
      "Model Status": "OptimalGlobal",
      "Objective": 3.43014823201294,
      "Num of Equations": 7998,
      "Num of Variables": 5559,
      "Model Type": "MIP",
      "Solver": "GUROBI",
      "Solver Time": 29.299
    }
  ],
  "selection_df": [
    {
      "w": "1",
      "level": 0.0,
      "marginal": -0.0,
      "lower": 0.0,
      "upper": 1.0,
      "scale": 1.0
    },
    {
      "w": "2",
      "level": 1.0,
      "marginal": -0.0,
      "lower": 0.0,
      "upper": 1.0,
      "scale": 1.0
    },
    {
      "w": "3",
      "level": 1.0,
      "marginal": -0.0,
      "lower": 0.0,
      "upper": 1.0,
      "scale": 1.0
    }
  ],
  "selected_original": [
    21,
    27
  ],
  "selection_vector": [
    0,
    0,
    0,
    0,
    0,
    0,
    0,
    0,
    0,
    0,
    0,
    0,
    0,
    0,
    0,
    0,
    0,
    0,
    0,
    0,
    0,
    1,
    0,
    0,
    0,
    0,
    0,
    1,
    0,
    0
  ],
  "importance_vector": [
    0.0,
    0.0,
    0.0,
    0.0,
    0.0,
    0.0,
    0.0,
    0.0,
    0.0,
    0.0,
    0.0,
    0.0,
    0.0,
    0.0,
    0.0,
    0.0,
    0.0,
    0.0,
    0.0,
    0.0,
    0.0,
    37.79595567682888,
    0.0,
    0.0,
    0.0,
    0.0,
    0.0,
    43.167563810747325,
    0.0,
    0.0
  ],
  "importance_vector_norm": [
    0.0,
    0.0,
    0.0,
    0.0,
    0.0,
    0.0,
    0.0,
    0.0,
    0.0,
    0.0,
    0.0,
    0.0,
    0.0,
    0.0,
    0.0,
    0.0,
    0.0,
    0.0,
    0.0,
    0.0,
    0.0,
    0.46682698474624296,
    0.0,
    0.0,
    0.0,
    0.0,
    0.0,
    0.533173015253757,
    0.0,
    0.0
  ],
  "selected_sensors": [
    1,
    2,
    3,
    4,
    5,
    6,
    7,
    8,
    9,
    10,
    11,
    12,
    13,
    14,
    15
  ],
  "selected_windows": [
    22,
    28
  ],
  "X_train_shape_next": [
    100,
    15,
    2
  ],
  "X_val_shape_next": [
    100,
    15,
    2
  ],
  "M_curr": 15,
  "W_curr": 3,
  "input_dim": 45,
  "orig_indices": [
    0,
    21,
    27,
    30,
    51,
    57,
    60,
    81,
    87,
    90,
    111,
    117,
    120,
    141,
    147,
    150,
    171,
    177,
    180,
    201,
    207,
    210,
    231,
    237,
    240,
    261,
    267,
    270,
    291,
    297,
    300,
    321,
    327,
    330,
    351,
    357,
    360,
    381,
    387,
    390,
    411,
    417,
    420,
    441,
    447
  ],
  "surrogate_from_baseline": false,
  "hidden_sizes": [
    10,
    10,
    10
  ],
  "mlp_mode": "mlp_transfer",
  "mlp_metrics": {
    "train_mse": 101.9306640625,
    "val_mse": 150.35845947265625,
    "train_rmse": 10.09607171440952,
    "val_rmse": 12.26207402818366,
    "train_mae": 8.830598831176758,
    "val_mae": 9.707940101623535,
    "train_r2": -0.4615579843521118,
    "val_r2": -1.1983647346496582
  },
  "mlp_train_time": 3.513148481026292
}