{
  "iter_idx": 27,
  "n0_value": 3,
  "mode": "windows",
  "baseline_mode": "capped",
  "baseline_slack": 0.0,
  "baseline_mae_clusters": 3.430148232012948,
  "baseline_mae_floor": 3.430148232012948,
  "summary_1": [
    {
      "Solver Status": "Normal",
      "Model Status": "OptimalGlobal",
      "Objective": 4.43177502837899,
      "Num of Equations": 6212,
      "Num of Variables": 4665,
      "Model Type": "MIP",
      "Solver": "GUROBI",
      "Solver Time": 0.417
    }
  ],
  "summary_2": [
    {
      "Solver Status": "Normal",
      "Model Status": "OptimalGlobal",
      "Objective": 3.43014823201295,
      "Num of Equations": 8613,
      "Num of Variables": 5875,
      "Model Type": "MIP",
      "Solver": "GUROBI",
      "Solver Time": 12.964
    }
  ],
  "selection_df": [
    {
      "w": "1",
      "level": 1.0,
      "marginal": -0.0,
      "lower": 0.0,
      "upper": 1.0,
      "scale": 1.0
    },
    {
      "w": "2",
      "level": 1.0,
      "marginal": -0.0,
      "lower": 0.0,
      "upper": 1.0,
      "scale": 1.0
    },
    {
      "w": "3",
      "level": 0.0,
      "marginal": -0.0,
      "lower": 0.0,
      "upper": 1.0,
      "scale": 1.0
    },
    {
      "w": "4",
      "level": 1.0,
      "marginal": -0.0,
      "lower": 0.0,
      "upper": 1.0,
      "scale": 1.0
    }
  ],
  "selected_original": [
    0,
    21,
    27
  ],
  "selection_vector": [
    1,
    0,
    0,
    0,
    0,
    0,
    0,
    0,
    0,
    0,
    0,
    0,
    0,
    0,
    0,
    0,
    0,
    0,
    0,
    0,
    0,
    1,
    0,
    0,
    0,
    0,
    0,
    1,
    0,
    0
  ],
  "importance_vector": [
    30.562127756624122,
    0.0,
    0.0,
    0.0,
    0.0,
    0.0,
    0.0,
    0.0,
    0.0,
    0.0,
    0.0,
    0.0,
    0.0,
    0.0,
    0.0,
    0.0,
    0.0,
    0.0,
    0.0,
    0.0,
    0.0,
    31.862831030083356,
    0.0,
    0.0,
    0.0,
    0.0,
    0.0,
    39.31014259483502,
    0.0,
    0.0
  ],
  "importance_vector_norm": [
    0.3004088789571788,
    0.0,
    0.0,
    0.0,
    0.0,
    0.0,
    0.0,
    0.0,
    0.0,
    0.0,
    0.0,
    0.0,
    0.0,
    0.0,
    0.0,
    0.0,
    0.0,
    0.0,
    0.0,
    0.0,
    0.0,
    0.31319407556873124,
    0.0,
    0.0,
    0.0,
    0.0,
    0.0,
    0.3863970454740899,
    0.0,
    0.0
  ],
  "selected_sensors": [
    1,
    2,
    3,
    4,
    5,
    6,
    7,
    8,
    9,
    10,
    11,
    12,
    13,
    14,
    15
  ],
  "selected_windows": [
    1,
    22,
    28
  ],
  "X_train_shape_next": [
    100,
    15,
    3
  ],
  "X_val_shape_next": [
    100,
    15,
    3
  ],
  "M_curr": 15,
  "W_curr": 4,
  "input_dim": 60,
  "orig_indices": [
    0,
    21,
    25,
    27,
    30,
    51,
    55,
    57,
    60,
    81,
    85,
    87,
    90,
    111,
    115,
    117,
    120,
    141,
    145,
    147,
    150,
    171,
    175,
    177,
    180,
    201,
    205,
    207,
    210,
    231,
    235,
    237,
    240,
    261,
    265,
    267,
    270,
    291,
    295,
    297,
    300,
    321,
    325,
    327,
    330,
    351,
    355,
    357,
    360,
    381,
    385,
    387,
    390,
    411,
    415,
    417,
    420,
    441,
    445,
    447
  ],
  "surrogate_from_baseline": false,
  "hidden_sizes": [
    10,
    10,
    10
  ],
  "mlp_mode": "mlp_transfer",
  "mlp_metrics": {
    "train_mse": 34.76237106323242,
    "val_mse": 79.3405532836914,
    "train_rmse": 5.895962267792461,
    "val_rmse": 8.907331434480891,
    "train_mae": 4.852456569671631,
    "val_mae": 6.2945427894592285,
    "train_r2": 0.5015511512756348,
    "val_r2": -0.16002428531646729
  },
  "mlp_train_time": 3.534427104052156
}