{
  "iter_idx": 30,
  "n0_value": 0,
  "mode": "windows",
  "is_final_mlp": true,
  "orig_indices": [
    28,
    58,
    88,
    118,
    148,
    178,
    208,
    238,
    268,
    298,
    328,
    358,
    388,
    418,
    448,
    478
  ],
  "input_dim": 16,
  "hidden_sizes": [
    10
  ],
  "mlp_mode": "mlp_transfer",
  "mlp_metrics": {
    "train_mse": 89.60547637939453,
    "val_mse": 117.22074127197266,
    "train_rmse": 9.466016922623503,
    "val_rmse": 10.826852787027846,
    "train_mae": 7.610864162445068,
    "val_mae": 8.89368724822998,
    "train_r2": -0.24745893478393555,
    "val_r2": -0.5967278480529785
  },
  "mlp_train_time": 3.4599942890927196
}