{
  "iter_idx": 27,
  "n0_value": 3,
  "mode": "windows",
  "baseline_mode": "capped",
  "baseline_slack": 0.0,
  "baseline_mae_clusters": 5.783097250466026,
  "baseline_mae_floor": 5.783097250466026,
  "summary_1": [
    {
      "Solver Status": "Normal",
      "Model Status": "OptimalGlobal",
      "Objective": 5.77580191057645,
      "Num of Equations": 2216,
      "Num of Variables": 1669,
      "Model Type": "MIP",
      "Solver": "GUROBI",
      "Solver Time": 0.042
    }
  ],
  "summary_2": [
    {
      "Solver Status": "Normal",
      "Model Status": "OptimalGlobal",
      "Objective": 5.78309725046602,
      "Num of Equations": 4777,
      "Num of Variables": 2959,
      "Model Type": "MIP",
      "Solver": "GUROBI",
      "Solver Time": 0.947
    }
  ],
  "selection_df": [
    {
      "w": "1",
      "level": 0.0,
      "marginal": -0.0,
      "lower": 0.0,
      "upper": 1.0,
      "scale": 1.0
    },
    {
      "w": "2",
      "level": 1.0,
      "marginal": -0.0,
      "lower": 0.0,
      "upper": 1.0,
      "scale": 1.0
    },
    {
      "w": "3",
      "level": 1.0,
      "marginal": -0.0,
      "lower": 0.0,
      "upper": 1.0,
      "scale": 1.0
    },
    {
      "w": "4",
      "level": 1.0,
      "marginal": -0.0,
      "lower": 0.0,
      "upper": 1.0,
      "scale": 1.0
    }
  ],
  "selected_original": [
    26,
    28,
    29
  ],
  "selection_vector": [
    0,
    0,
    0,
    0,
    0,
    0,
    0,
    0,
    0,
    0,
    0,
    0,
    0,
    0,
    0,
    0,
    0,
    0,
    0,
    0,
    0,
    0,
    0,
    0,
    0,
    0,
    1,
    0,
    1,
    1
  ],
  "importance_vector": [
    0.0,
    0.0,
    0.0,
    0.0,
    0.0,
    0.0,
    0.0,
    0.0,
    0.0,
    0.0,
    0.0,
    0.0,
    0.0,
    0.0,
    0.0,
    0.0,
    0.0,
    0.0,
    0.0,
    0.0,
    0.0,
    0.0,
    0.0,
    0.0,
    0.0,
    0.0,
    113.91865080965461,
    0.0,
    117.40375748222118,
    120.69471326159612
  ],
  "importance_vector_norm": [
    0.0,
    0.0,
    0.0,
    0.0,
    0.0,
    0.0,
    0.0,
    0.0,
    0.0,
    0.0,
    0.0,
    0.0,
    0.0,
    0.0,
    0.0,
    0.0,
    0.0,
    0.0,
    0.0,
    0.0,
    0.0,
    0.0,
    0.0,
    0.0,
    0.0,
    0.0,
    0.3236167897371725,
    0.0,
    0.33351717940340975,
    0.3428660308594178
  ],
  "selected_sensors": [
    1,
    2,
    3,
    4,
    5,
    6,
    7,
    8,
    9,
    10,
    11,
    12,
    13,
    14,
    15,
    16
  ],
  "selected_windows": [
    27,
    29,
    30
  ],
  "X_train_shape_next": [
    100,
    16,
    3
  ],
  "X_val_shape_next": [
    100,
    16,
    3
  ],
  "M_curr": 16,
  "W_curr": 4,
  "input_dim": 64,
  "orig_indices": [
    25,
    26,
    28,
    29,
    55,
    56,
    58,
    59,
    85,
    86,
    88,
    89,
    115,
    116,
    118,
    119,
    145,
    146,
    148,
    149,
    175,
    176,
    178,
    179,
    205,
    206,
    208,
    209,
    235,
    236,
    238,
    239,
    265,
    266,
    268,
    269,
    295,
    296,
    298,
    299,
    325,
    326,
    328,
    329,
    355,
    356,
    358,
    359,
    385,
    386,
    388,
    389,
    415,
    416,
    418,
    419,
    445,
    446,
    448,
    449,
    475,
    476,
    478,
    479
  ],
  "surrogate_from_baseline": false,
  "hidden_sizes": [
    10
  ],
  "mlp_mode": "mlp_transfer",
  "mlp_metrics": {
    "train_mse": 82.16880798339844,
    "val_mse": 106.51156616210938,
    "train_rmse": 9.064701207618398,
    "val_rmse": 10.320444087446498,
    "train_mae": 7.402451038360596,
    "val_mae": 8.489670753479004,
    "train_r2": -0.14392805099487305,
    "val_r2": -0.45085227489471436
  },
  "mlp_train_time": 3.4928750079125166
}