{
  "iter_idx": 28,
  "n0_value": 2,
  "mode": "windows",
  "baseline_mode": "capped",
  "baseline_slack": 0.0,
  "baseline_mae_clusters": 5.783097250466026,
  "baseline_mae_floor": 5.783097250466026,
  "summary_1": [
    {
      "Solver Status": "Normal",
      "Model Status": "OptimalGlobal",
      "Objective": 6.10340724599694,
      "Num of Equations": 2200,
      "Num of Variables": 1652,
      "Model Type": "MIP",
      "Solver": "GUROBI",
      "Solver Time": 0.023
    }
  ],
  "summary_2": [
    {
      "Solver Status": "Normal",
      "Model Status": "OptimalGlobal",
      "Objective": 5.78309725046603,
      "Num of Equations": 4121,
      "Num of Variables": 2622,
      "Model Type": "MIP",
      "Solver": "GUROBI",
      "Solver Time": 0.972
    }
  ],
  "selection_df": [
    {
      "w": "1",
      "level": 0.0,
      "marginal": -0.0,
      "lower": 0.0,
      "upper": 1.0,
      "scale": 1.0
    },
    {
      "w": "2",
      "level": 1.0,
      "marginal": -0.0,
      "lower": 0.0,
      "upper": 1.0,
      "scale": 1.0
    },
    {
      "w": "3",
      "level": 1.0,
      "marginal": -0.0,
      "lower": 0.0,
      "upper": 1.0,
      "scale": 1.0
    }
  ],
  "selected_original": [
    28,
    29
  ],
  "selection_vector": [
    0,
    0,
    0,
    0,
    0,
    0,
    0,
    0,
    0,
    0,
    0,
    0,
    0,
    0,
    0,
    0,
    0,
    0,
    0,
    0,
    0,
    0,
    0,
    0,
    0,
    0,
    0,
    0,
    1,
    1
  ],
  "importance_vector": [
    0.0,
    0.0,
    0.0,
    0.0,
    0.0,
    0.0,
    0.0,
    0.0,
    0.0,
    0.0,
    0.0,
    0.0,
    0.0,
    0.0,
    0.0,
    0.0,
    0.0,
    0.0,
    0.0,
    0.0,
    0.0,
    0.0,
    0.0,
    0.0,
    0.0,
    0.0,
    0.0,
    0.0,
    118.91832273773949,
    126.38186214053762
  ],
  "importance_vector_norm": [
    0.0,
    0.0,
    0.0,
    0.0,
    0.0,
    0.0,
    0.0,
    0.0,
    0.0,
    0.0,
    0.0,
    0.0,
    0.0,
    0.0,
    0.0,
    0.0,
    0.0,
    0.0,
    0.0,
    0.0,
    0.0,
    0.0,
    0.0,
    0.0,
    0.0,
    0.0,
    0.0,
    0.0,
    0.48478692666599155,
    0.5152130733340085
  ],
  "selected_sensors": [
    1,
    2,
    3,
    4,
    5,
    6,
    7,
    8,
    9,
    10,
    11,
    12,
    13,
    14,
    15,
    16
  ],
  "selected_windows": [
    29,
    30
  ],
  "X_train_shape_next": [
    100,
    16,
    2
  ],
  "X_val_shape_next": [
    100,
    16,
    2
  ],
  "M_curr": 16,
  "W_curr": 3,
  "input_dim": 48,
  "orig_indices": [
    26,
    28,
    29,
    56,
    58,
    59,
    86,
    88,
    89,
    116,
    118,
    119,
    146,
    148,
    149,
    176,
    178,
    179,
    206,
    208,
    209,
    236,
    238,
    239,
    266,
    268,
    269,
    296,
    298,
    299,
    326,
    328,
    329,
    356,
    358,
    359,
    386,
    388,
    389,
    416,
    418,
    419,
    446,
    448,
    449,
    476,
    478,
    479
  ],
  "surrogate_from_baseline": false,
  "hidden_sizes": [
    10
  ],
  "mlp_mode": "mlp_transfer",
  "mlp_metrics": {
    "train_mse": 83.85193634033203,
    "val_mse": 111.0197525024414,
    "train_rmse": 9.157070292420608,
    "val_rmse": 10.53659112343463,
    "train_mae": 7.364530086517334,
    "val_mae": 8.739991188049316,
    "train_r2": -0.16735994815826416,
    "val_r2": -0.5122607946395874
  },
  "mlp_train_time": 3.401321464916691
}