{
  "iter_idx": 29,
  "n0_value": 1,
  "mode": "windows",
  "baseline_mode": "capped",
  "baseline_slack": 0.0,
  "baseline_mae_clusters": 5.783097250466026,
  "baseline_mae_floor": 5.783097250466026,
  "summary_1": [
    {
      "Solver Status": "Normal",
      "Model Status": "OptimalGlobal",
      "Objective": 8.00064264449063,
      "Num of Equations": 2184,
      "Num of Variables": 1635,
      "Model Type": "MIP",
      "Solver": "GUROBI",
      "Solver Time": 0.016
    }
  ],
  "summary_2": [
    {
      "Solver Status": "Normal",
      "Model Status": "OptimalGlobal",
      "Objective": 5.78309725046603,
      "Num of Equations": 3465,
      "Num of Variables": 2285,
      "Model Type": "MIP",
      "Solver": "GUROBI",
      "Solver Time": 0.851
    }
  ],
  "selection_df": [
    {
      "w": "1",
      "level": 1.0,
      "marginal": -0.0,
      "lower": 0.0,
      "upper": 1.0,
      "scale": 1.0
    },
    {
      "w": "2",
      "level": 0.0,
      "marginal": -0.0,
      "lower": 0.0,
      "upper": 1.0,
      "scale": 1.0
    }
  ],
  "selected_original": [
    28
  ],
  "selection_vector": [
    0,
    0,
    0,
    0,
    0,
    0,
    0,
    0,
    0,
    0,
    0,
    0,
    0,
    0,
    0,
    0,
    0,
    0,
    0,
    0,
    0,
    0,
    0,
    0,
    0,
    0,
    0,
    0,
    1,
    0
  ],
  "importance_vector": [
    0.0,
    0.0,
    0.0,
    0.0,
    0.0,
    0.0,
    0.0,
    0.0,
    0.0,
    0.0,
    0.0,
    0.0,
    0.0,
    0.0,
    0.0,
    0.0,
    0.0,
    0.0,
    0.0,
    0.0,
    0.0,
    0.0,
    0.0,
    0.0,
    0.0,
    0.0,
    0.0,
    0.0,
    97.03243821900153,
    0.0
  ],
  "importance_vector_norm": [
    0.0,
    0.0,
    0.0,
    0.0,
    0.0,
    0.0,
    0.0,
    0.0,
    0.0,
    0.0,
    0.0,
    0.0,
    0.0,
    0.0,
    0.0,
    0.0,
    0.0,
    0.0,
    0.0,
    0.0,
    0.0,
    0.0,
    0.0,
    0.0,
    0.0,
    0.0,
    0.0,
    0.0,
    1.0,
    0.0
  ],
  "selected_sensors": [
    1,
    2,
    3,
    4,
    5,
    6,
    7,
    8,
    9,
    10,
    11,
    12,
    13,
    14,
    15,
    16
  ],
  "selected_windows": [
    29
  ],
  "X_train_shape_next": [
    100,
    16,
    1
  ],
  "X_val_shape_next": [
    100,
    16,
    1
  ],
  "M_curr": 16,
  "W_curr": 2,
  "input_dim": 32,
  "orig_indices": [
    28,
    29,
    58,
    59,
    88,
    89,
    118,
    119,
    148,
    149,
    178,
    179,
    208,
    209,
    238,
    239,
    268,
    269,
    298,
    299,
    328,
    329,
    358,
    359,
    388,
    389,
    418,
    419,
    448,
    449,
    478,
    479
  ],
  "surrogate_from_baseline": false,
  "hidden_sizes": [
    10
  ],
  "mlp_mode": "mlp_transfer",
  "mlp_metrics": {
    "train_mse": 114.3034896850586,
    "val_mse": 148.4815216064453,
    "train_rmse": 10.691281012351073,
    "val_rmse": 12.185299405695591,
    "train_mae": 8.6856107711792,
    "val_mae": 10.133872032165527,
    "train_r2": -0.5912967920303345,
    "val_r2": -1.022547960281372
  },
  "mlp_train_time": 3.382017808035016
}