{
  "iter_idx": 15,
  "n0_value": 0,
  "mode": "sensors",
  "is_final_mlp": true,
  "orig_indices": [
    0,
    1,
    2,
    3,
    4,
    5,
    6,
    7,
    8,
    9,
    10,
    11,
    12,
    13,
    14,
    15,
    16,
    17,
    18,
    19,
    20,
    21,
    22,
    23,
    24,
    25,
    26,
    27,
    28,
    29
  ],
  "input_dim": 30,
  "hidden_sizes": [
    10,
    10
  ],
  "mlp_mode": "mlp_transfer",
  "mlp_metrics": {
    "train_mse": 41.74769592285156,
    "val_mse": 77.90264892578125,
    "train_rmse": 6.461245694357363,
    "val_rmse": 8.826247726286706,
    "train_mae": 4.889800548553467,
    "val_mae": 6.496970176696777,
    "train_r2": 0.3941980004310608,
    "val_r2": -0.03470110893249512
  },
  "mlp_train_time": 3.4613591430243105
}