{
  "iter_idx": 27,
  "n0_value": 3,
  "mode": "windows",
  "baseline_mode": "capped",
  "baseline_slack": 0.0,
  "baseline_mae_clusters": 29.781977397690408,
  "baseline_mae_floor": 29.781977397690408,
  "summary_1": [
    {
      "Solver Status": "Normal",
      "Model Status": "OptimalGlobal",
      "Objective": 84.3595267326905,
      "Num of Equations": 6236,
      "Num of Variables": 4689,
      "Model Type": "MIP",
      "Solver": "GUROBI",
      "Solver Time": 1.417
    }
  ],
  "summary_2": [
    {
      "Solver Status": "Resource",
      "Model Status": "Feasible",
      "Objective": 114.977903342833,
      "Num of Equations": 9597,
      "Num of Variables": 6379,
      "Model Type": "MIP",
      "Solver": "GUROBI",
      "Solver Time": 60.118
    }
  ],
  "selection_df": [
    {
      "w": "1",
      "level": 1.0,
      "marginal": -0.0,
      "lower": 0.0,
      "upper": 1.0,
      "scale": 1.0
    },
    {
      "w": "2",
      "level": 1.0,
      "marginal": -0.0,
      "lower": 0.0,
      "upper": 1.0,
      "scale": 1.0
    },
    {
      "w": "3",
      "level": 1.0,
      "marginal": -0.0,
      "lower": 0.0,
      "upper": 1.0,
      "scale": 1.0
    },
    {
      "w": "4",
      "level": 0.0,
      "marginal": -0.0,
      "lower": 0.0,
      "upper": 1.0,
      "scale": 1.0
    }
  ],
  "selected_original": [
    8,
    13,
    14
  ],
  "selection_vector": [
    0,
    0,
    0,
    0,
    0,
    0,
    0,
    0,
    1,
    0,
    0,
    0,
    0,
    1,
    1,
    0,
    0,
    0,
    0,
    0,
    0,
    0,
    0,
    0,
    0,
    0,
    0,
    0,
    0,
    0
  ],
  "importance_vector": [
    0.0,
    0.0,
    0.0,
    0.0,
    0.0,
    0.0,
    0.0,
    0.0,
    90.16859388547094,
    0.0,
    0.0,
    0.0,
    0.0,
    97.63900337319272,
    93.19640839922278,
    0.0,
    0.0,
    0.0,
    0.0,
    0.0,
    0.0,
    0.0,
    0.0,
    0.0,
    0.0,
    0.0,
    0.0,
    0.0,
    0.0,
    0.0
  ],
  "importance_vector_norm": [
    0.0,
    0.0,
    0.0,
    0.0,
    0.0,
    0.0,
    0.0,
    0.0,
    0.32088010159986247,
    0.0,
    0.0,
    0.0,
    0.0,
    0.3474648097794917,
    0.33165508862064574,
    0.0,
    0.0,
    0.0,
    0.0,
    0.0,
    0.0,
    0.0,
    0.0,
    0.0,
    0.0,
    0.0,
    0.0,
    0.0,
    0.0,
    0.0
  ],
  "selected_sensors": [
    1,
    2,
    3,
    4,
    5,
    6,
    7,
    8,
    9,
    10,
    11,
    12,
    13,
    14,
    15,
    16,
    17,
    18,
    19,
    20,
    21
  ],
  "selected_windows": [
    9,
    14,
    15
  ],
  "X_train_shape_next": [
    48596,
    21,
    3
  ],
  "X_val_shape_next": [
    5432,
    21,
    3
  ],
  "M_curr": 21,
  "W_curr": 4,
  "input_dim": 84,
  "orig_indices": [
    8,
    13,
    14,
    17,
    38,
    43,
    44,
    47,
    68,
    73,
    74,
    77,
    98,
    103,
    104,
    107,
    128,
    133,
    134,
    137,
    158,
    163,
    164,
    167,
    188,
    193,
    194,
    197,
    218,
    223,
    224,
    227,
    248,
    253,
    254,
    257,
    278,
    283,
    284,
    287,
    308,
    313,
    314,
    317,
    338,
    343,
    344,
    347,
    368,
    373,
    374,
    377,
    398,
    403,
    404,
    407,
    428,
    433,
    434,
    437,
    458,
    463,
    464,
    467,
    488,
    493,
    494,
    497,
    518,
    523,
    524,
    527,
    548,
    553,
    554,
    557,
    578,
    583,
    584,
    587,
    608,
    613,
    614,
    617
  ],
  "surrogate_from_baseline": false,
  "hidden_sizes": [
    10,
    10,
    10
  ],
  "mlp_mode": "mlp_rebuild",
  "mlp_metrics": {
    "train_mse": 3509.220458984375,
    "val_mse": 2596.505615234375,
    "train_rmse": 59.23867367678293,
    "val_rmse": 50.95591835336083,
    "train_mae": 43.85145950317383,
    "val_mae": 39.65159606933594,
    "train_r2": 0.5019544363021851,
    "val_r2": 0.5883943438529968
  },
  "mlp_train_time": 27.511537838028744
}