{
  "iter_idx": 28,
  "n0_value": 2,
  "mode": "windows",
  "baseline_mode": "capped",
  "baseline_slack": 0.0,
  "baseline_mae_clusters": 29.781977397690408,
  "baseline_mae_floor": 29.781977397690408,
  "summary_1": [
    {
      "Solver Status": "Normal",
      "Model Status": "OptimalGlobal",
      "Objective": 105.279291407003,
      "Num of Equations": 6215,
      "Num of Variables": 4667,
      "Model Type": "MIP",
      "Solver": "GUROBI",
      "Solver Time": 0.604
    }
  ],
  "summary_2": [
    {
      "Solver Status": "Resource",
      "Model Status": "Feasible",
      "Objective": 83.3178950718912,
      "Num of Equations": 8736,
      "Num of Variables": 5937,
      "Model Type": "MIP",
      "Solver": "GUROBI",
      "Solver Time": 60.258
    }
  ],
  "selection_df": [
    {
      "w": "1",
      "level": 1.0,
      "marginal": -0.0,
      "lower": 0.0,
      "upper": 1.0,
      "scale": 1.0
    },
    {
      "w": "2",
      "level": 0.0,
      "marginal": -0.0,
      "lower": 0.0,
      "upper": 1.0,
      "scale": 1.0
    },
    {
      "w": "3",
      "level": 1.0,
      "marginal": -0.0,
      "lower": 0.0,
      "upper": 1.0,
      "scale": 1.0
    }
  ],
  "selected_original": [
    8,
    14
  ],
  "selection_vector": [
    0,
    0,
    0,
    0,
    0,
    0,
    0,
    0,
    1,
    0,
    0,
    0,
    0,
    0,
    1,
    0,
    0,
    0,
    0,
    0,
    0,
    0,
    0,
    0,
    0,
    0,
    0,
    0,
    0,
    0
  ],
  "importance_vector": [
    0.0,
    0.0,
    0.0,
    0.0,
    0.0,
    0.0,
    0.0,
    0.0,
    93.54261722620276,
    0.0,
    0.0,
    0.0,
    0.0,
    0.0,
    99.92148185118373,
    0.0,
    0.0,
    0.0,
    0.0,
    0.0,
    0.0,
    0.0,
    0.0,
    0.0,
    0.0,
    0.0,
    0.0,
    0.0,
    0.0,
    0.0
  ],
  "importance_vector_norm": [
    0.0,
    0.0,
    0.0,
    0.0,
    0.0,
    0.0,
    0.0,
    0.0,
    0.4835140869665193,
    0.0,
    0.0,
    0.0,
    0.0,
    0.0,
    0.5164859130334807,
    0.0,
    0.0,
    0.0,
    0.0,
    0.0,
    0.0,
    0.0,
    0.0,
    0.0,
    0.0,
    0.0,
    0.0,
    0.0,
    0.0,
    0.0
  ],
  "selected_sensors": [
    1,
    2,
    3,
    4,
    5,
    6,
    7,
    8,
    9,
    10,
    11,
    12,
    13,
    14,
    15,
    16,
    17,
    18,
    19,
    20,
    21
  ],
  "selected_windows": [
    9,
    15
  ],
  "X_train_shape_next": [
    48596,
    21,
    2
  ],
  "X_val_shape_next": [
    5432,
    21,
    2
  ],
  "M_curr": 21,
  "W_curr": 3,
  "input_dim": 63,
  "orig_indices": [
    8,
    13,
    14,
    38,
    43,
    44,
    68,
    73,
    74,
    98,
    103,
    104,
    128,
    133,
    134,
    158,
    163,
    164,
    188,
    193,
    194,
    218,
    223,
    224,
    248,
    253,
    254,
    278,
    283,
    284,
    308,
    313,
    314,
    338,
    343,
    344,
    368,
    373,
    374,
    398,
    403,
    404,
    428,
    433,
    434,
    458,
    463,
    464,
    488,
    493,
    494,
    518,
    523,
    524,
    548,
    553,
    554,
    578,
    583,
    584,
    608,
    613,
    614
  ],
  "surrogate_from_baseline": false,
  "hidden_sizes": [
    10,
    10,
    10
  ],
  "mlp_mode": "mlp_rebuild",
  "mlp_metrics": {
    "train_mse": 3589.243896484375,
    "val_mse": 2670.7783203125,
    "train_rmse": 59.910298751419816,
    "val_rmse": 51.67957353067554,
    "train_mae": 44.39850997924805,
    "val_mae": 40.27389907836914,
    "train_r2": 0.49059706926345825,
    "val_r2": 0.5766204595565796
  },
  "mlp_train_time": 27.197644542029593
}