{
  "iter_idx": 30,
  "n0_value": 0,
  "mode": "windows",
  "is_final_mlp": true,
  "orig_indices": [
    14,
    44,
    74,
    104,
    134,
    164,
    194,
    224,
    254,
    284,
    314,
    344,
    374,
    404,
    434,
    464,
    494,
    524,
    554,
    584,
    614
  ],
  "input_dim": 21,
  "hidden_sizes": [
    10,
    10,
    10
  ],
  "mlp_mode": "mlp_rebuild",
  "mlp_metrics": {
    "train_mse": 3735.201904296875,
    "val_mse": 2841.715087890625,
    "train_rmse": 61.11629818875547,
    "val_rmse": 53.30773947458872,
    "train_mae": 44.76362609863281,
    "val_mae": 40.912139892578125,
    "train_r2": 0.4698820114135742,
    "val_r2": 0.5495229959487915
  },
  "mlp_train_time": 27.74976582697127
}