{
  "iter_idx": 27,
  "n0_value": 3,
  "mode": "windows",
  "baseline_mode": "capped",
  "baseline_slack": 0.0,
  "baseline_mae_clusters": 5.006681772132441,
  "baseline_mae_floor": 5.006681772132441,
  "summary_1": [
    {
      "Solver Status": "Normal",
      "Model Status": "OptimalGlobal",
      "Objective": 4.586895820519,
      "Num of Equations": 6216,
      "Num of Variables": 4669,
      "Model Type": "MIP",
      "Solver": "GUROBI",
      "Solver Time": 1.526
    }
  ],
  "summary_2": [
    {
      "Solver Status": "Resource",
      "Model Status": "Feasible",
      "Objective": 5.00668177213245,
      "Num of Equations": 8777,
      "Num of Variables": 5959,
      "Model Type": "MIP",
      "Solver": "GUROBI",
      "Solver Time": 60.241
    }
  ],
  "selection_df": [
    {
      "w": "1",
      "level": 1.0,
      "marginal": -0.0,
      "lower": 0.0,
      "upper": 1.0,
      "scale": 1.0
    },
    {
      "w": "2",
      "level": 1.0,
      "marginal": -0.0,
      "lower": 0.0,
      "upper": 1.0,
      "scale": 1.0
    },
    {
      "w": "3",
      "level": 1.0,
      "marginal": -0.0,
      "lower": 0.0,
      "upper": 1.0,
      "scale": 1.0
    },
    {
      "w": "4",
      "level": 0.0,
      "marginal": -0.0,
      "lower": 0.0,
      "upper": 1.0,
      "scale": 1.0
    }
  ],
  "selected_original": [
    10,
    23,
    26
  ],
  "selection_vector": [
    0,
    0,
    0,
    0,
    0,
    0,
    0,
    0,
    0,
    0,
    1,
    0,
    0,
    0,
    0,
    0,
    0,
    0,
    0,
    0,
    0,
    0,
    0,
    1,
    0,
    0,
    1,
    0,
    0,
    0
  ],
  "importance_vector": [
    0.0,
    0.0,
    0.0,
    0.0,
    0.0,
    0.0,
    0.0,
    0.0,
    0.0,
    0.0,
    42.984631489427116,
    0.0,
    0.0,
    0.0,
    0.0,
    0.0,
    0.0,
    0.0,
    0.0,
    0.0,
    0.0,
    0.0,
    0.0,
    40.69164492590335,
    0.0,
    0.0,
    43.76582088787331,
    0.0,
    0.0,
    0.0
  ],
  "importance_vector_norm": [
    0.0,
    0.0,
    0.0,
    0.0,
    0.0,
    0.0,
    0.0,
    0.0,
    0.0,
    0.0,
    0.33728753998108063,
    0.0,
    0.0,
    0.0,
    0.0,
    0.0,
    0.0,
    0.0,
    0.0,
    0.0,
    0.0,
    0.0,
    0.0,
    0.31929516060216623,
    0.0,
    0.0,
    0.3434172994167531,
    0.0,
    0.0,
    0.0
  ],
  "selected_sensors": [
    1,
    2,
    3,
    4,
    5,
    6,
    7,
    8,
    9,
    10,
    11,
    12,
    13,
    14,
    15,
    16
  ],
  "selected_windows": [
    11,
    24,
    27
  ],
  "X_train_shape_next": [
    100,
    16,
    3
  ],
  "X_val_shape_next": [
    100,
    16,
    3
  ],
  "M_curr": 16,
  "W_curr": 4,
  "input_dim": 64,
  "orig_indices": [
    10,
    23,
    26,
    27,
    40,
    53,
    56,
    57,
    70,
    83,
    86,
    87,
    100,
    113,
    116,
    117,
    130,
    143,
    146,
    147,
    160,
    173,
    176,
    177,
    190,
    203,
    206,
    207,
    220,
    233,
    236,
    237,
    250,
    263,
    266,
    267,
    280,
    293,
    296,
    297,
    310,
    323,
    326,
    327,
    340,
    353,
    356,
    357,
    370,
    383,
    386,
    387,
    400,
    413,
    416,
    417,
    430,
    443,
    446,
    447,
    460,
    473,
    476,
    477
  ],
  "surrogate_from_baseline": false,
  "hidden_sizes": [
    10,
    10,
    10
  ],
  "mlp_mode": "mlp_transfer",
  "mlp_metrics": {
    "train_mse": 24.031808853149414,
    "val_mse": 38.159969329833984,
    "train_rmse": 4.902224888063523,
    "val_rmse": 6.1773756021334805,
    "train_mae": 3.9675092697143555,
    "val_mae": 5.286800384521484,
    "train_r2": 0.6564902067184448,
    "val_r2": 0.49126213788986206
  },
  "mlp_train_time": 3.518729014089331
}