{
  "iter_idx": 30,
  "n0_value": 0,
  "mode": "windows",
  "is_final_mlp": true,
  "orig_indices": [
    26,
    56,
    86,
    116,
    146,
    176,
    206,
    236,
    266,
    296,
    326,
    356,
    386,
    416,
    446,
    476
  ],
  "input_dim": 16,
  "hidden_sizes": [
    10,
    10,
    10
  ],
  "mlp_mode": "mlp_transfer",
  "mlp_metrics": {
    "train_mse": 72.54308319091797,
    "val_mse": 79.18367004394531,
    "train_rmse": 8.51722273930405,
    "val_rmse": 8.898520666040245,
    "train_mae": 7.121606349945068,
    "val_mae": 7.800457954406738,
    "train_r2": -0.03692817687988281,
    "val_r2": -0.055654168128967285
  },
  "mlp_train_time": 3.3496385500766337
}