{
  "iter_idx": 28,
  "n0_value": 2,
  "mode": "windows",
  "baseline_mode": "capped",
  "baseline_slack": 0.0,
  "baseline_mae_clusters": 5.006681772132441,
  "baseline_mae_floor": 5.006681772132441,
  "summary_1": [
    {
      "Solver Status": "Normal",
      "Model Status": "OptimalGlobal",
      "Objective": 6.0093405473844,
      "Num of Equations": 6200,
      "Num of Variables": 4652,
      "Model Type": "MIP",
      "Solver": "GUROBI",
      "Solver Time": 0.574
    }
  ],
  "summary_2": [
    {
      "Solver Status": "Resource",
      "Model Status": "Feasible",
      "Objective": 5.82877461550289,
      "Num of Equations": 8121,
      "Num of Variables": 5622,
      "Model Type": "MIP",
      "Solver": "GUROBI",
      "Solver Time": 60.12
    }
  ],
  "selection_df": [
    {
      "w": "1",
      "level": 1.0,
      "marginal": -0.0,
      "lower": 0.0,
      "upper": 1.0,
      "scale": 1.0
    },
    {
      "w": "2",
      "level": 0.0,
      "marginal": -0.0,
      "lower": 0.0,
      "upper": 1.0,
      "scale": 1.0
    },
    {
      "w": "3",
      "level": 1.0,
      "marginal": -0.0,
      "lower": 0.0,
      "upper": 1.0,
      "scale": 1.0
    }
  ],
  "selected_original": [
    10,
    26
  ],
  "selection_vector": [
    0,
    0,
    0,
    0,
    0,
    0,
    0,
    0,
    0,
    0,
    1,
    0,
    0,
    0,
    0,
    0,
    0,
    0,
    0,
    0,
    0,
    0,
    0,
    0,
    0,
    0,
    1,
    0,
    0,
    0
  ],
  "importance_vector": [
    0.0,
    0.0,
    0.0,
    0.0,
    0.0,
    0.0,
    0.0,
    0.0,
    0.0,
    0.0,
    39.57614474105248,
    0.0,
    0.0,
    0.0,
    0.0,
    0.0,
    0.0,
    0.0,
    0.0,
    0.0,
    0.0,
    0.0,
    0.0,
    0.0,
    0.0,
    0.0,
    42.43473275802715,
    0.0,
    0.0,
    0.0
  ],
  "importance_vector_norm": [
    0.0,
    0.0,
    0.0,
    0.0,
    0.0,
    0.0,
    0.0,
    0.0,
    0.0,
    0.0,
    0.48257189714250553,
    0.0,
    0.0,
    0.0,
    0.0,
    0.0,
    0.0,
    0.0,
    0.0,
    0.0,
    0.0,
    0.0,
    0.0,
    0.0,
    0.0,
    0.0,
    0.5174281028574944,
    0.0,
    0.0,
    0.0
  ],
  "selected_sensors": [
    1,
    2,
    3,
    4,
    5,
    6,
    7,
    8,
    9,
    10,
    11,
    12,
    13,
    14,
    15,
    16
  ],
  "selected_windows": [
    11,
    27
  ],
  "X_train_shape_next": [
    100,
    16,
    2
  ],
  "X_val_shape_next": [
    100,
    16,
    2
  ],
  "M_curr": 16,
  "W_curr": 3,
  "input_dim": 48,
  "orig_indices": [
    10,
    23,
    26,
    40,
    53,
    56,
    70,
    83,
    86,
    100,
    113,
    116,
    130,
    143,
    146,
    160,
    173,
    176,
    190,
    203,
    206,
    220,
    233,
    236,
    250,
    263,
    266,
    280,
    293,
    296,
    310,
    323,
    326,
    340,
    353,
    356,
    370,
    383,
    386,
    400,
    413,
    416,
    430,
    443,
    446,
    460,
    473,
    476
  ],
  "surrogate_from_baseline": false,
  "hidden_sizes": [
    10,
    10,
    10
  ],
  "mlp_mode": "mlp_transfer",
  "mlp_metrics": {
    "train_mse": 30.620803833007812,
    "val_mse": 48.91291809082031,
    "train_rmse": 5.533606765303062,
    "val_rmse": 6.9937770975932825,
    "train_mae": 4.608999252319336,
    "val_mae": 5.8675432205200195,
    "train_r2": 0.5623073577880859,
    "val_r2": 0.3479068875312805
  },
  "mlp_train_time": 3.565253878943622
}