{
  "iter_idx": 21,
  "n0_value": 0,
  "mode": "sensors",
  "is_final_mlp": true,
  "orig_indices": [
    30,
    31,
    32,
    33,
    34,
    35,
    36,
    37,
    38,
    39,
    40,
    41,
    42,
    43,
    44,
    45,
    46,
    47,
    48,
    49,
    50,
    51,
    52,
    53,
    54,
    55,
    56,
    57,
    58,
    59
  ],
  "input_dim": 30,
  "hidden_sizes": [
    10
  ],
  "mlp_mode": "mlp_transfer",
  "mlp_metrics": {
    "train_mse": 613.3890380859375,
    "val_mse": 703.4888916015625,
    "train_rmse": 24.766692110290737,
    "val_rmse": 26.523365012787547,
    "train_mae": 20.603944778442383,
    "val_mae": 22.251314163208008,
    "train_r2": -6.8482255935668945,
    "val_r2": -7.375077247619629
  },
  "mlp_train_time": 3.4643508070148528
}