{
  "iter_idx": 27,
  "n0_value": 3,
  "mode": "windows",
  "baseline_mode": "capped",
  "baseline_slack": 0.0,
  "baseline_mae_clusters": 47.015098117006374,
  "baseline_mae_floor": 47.015098117006374,
  "summary_1": [
    {
      "Solver Status": "Normal",
      "Model Status": "OptimalGlobal",
      "Objective": 76.5301066250607,
      "Num of Equations": 2236,
      "Num of Variables": 1689,
      "Model Type": "MIP",
      "Solver": "GUROBI",
      "Solver Time": 0.066
    }
  ],
  "summary_2": [
    {
      "Solver Status": "Normal",
      "Model Status": "OptimalGlobal",
      "Objective": 47.0150981170064,
      "Num of Equations": 5597,
      "Num of Variables": 3379,
      "Model Type": "MIP",
      "Solver": "GUROBI",
      "Solver Time": 2.488
    }
  ],
  "selection_df": [
    {
      "w": "1",
      "level": 1.0,
      "marginal": -0.0,
      "lower": 0.0,
      "upper": 1.0,
      "scale": 1.0
    },
    {
      "w": "2",
      "level": 0.0,
      "marginal": -0.0,
      "lower": 0.0,
      "upper": 1.0,
      "scale": 1.0
    },
    {
      "w": "3",
      "level": 1.0,
      "marginal": -0.0,
      "lower": 0.0,
      "upper": 1.0,
      "scale": 1.0
    },
    {
      "w": "4",
      "level": 1.0,
      "marginal": -0.0,
      "lower": 0.0,
      "upper": 1.0,
      "scale": 1.0
    }
  ],
  "selected_original": [
    15,
    23,
    26
  ],
  "selection_vector": [
    0,
    0,
    0,
    0,
    0,
    0,
    0,
    0,
    0,
    0,
    0,
    0,
    0,
    0,
    0,
    1,
    0,
    0,
    0,
    0,
    0,
    0,
    0,
    1,
    0,
    0,
    1,
    0,
    0,
    0
  ],
  "importance_vector": [
    0.0,
    0.0,
    0.0,
    0.0,
    0.0,
    0.0,
    0.0,
    0.0,
    0.0,
    0.0,
    0.0,
    0.0,
    0.0,
    0.0,
    0.0,
    317.5252231306326,
    0.0,
    0.0,
    0.0,
    0.0,
    0.0,
    0.0,
    0.0,
    346.778366433979,
    0.0,
    0.0,
    371.5581004296463,
    0.0,
    0.0,
    0.0
  ],
  "importance_vector_norm": [
    0.0,
    0.0,
    0.0,
    0.0,
    0.0,
    0.0,
    0.0,
    0.0,
    0.0,
    0.0,
    0.0,
    0.0,
    0.0,
    0.0,
    0.0,
    0.3065324513858532,
    0.0,
    0.0,
    0.0,
    0.0,
    0.0,
    0.0,
    0.0,
    0.33477284639796007,
    0.0,
    0.0,
    0.35869470221618677,
    0.0,
    0.0,
    0.0
  ],
  "selected_sensors": [
    1,
    2,
    3,
    4,
    5,
    6,
    7,
    8,
    9,
    10,
    11,
    12,
    13,
    14,
    15,
    16,
    17,
    18,
    19,
    20,
    21
  ],
  "selected_windows": [
    16,
    24,
    27
  ],
  "X_train_shape_next": [
    48596,
    21,
    3
  ],
  "X_val_shape_next": [
    5432,
    21,
    3
  ],
  "M_curr": 21,
  "W_curr": 4,
  "input_dim": 84,
  "orig_indices": [
    15,
    18,
    23,
    26,
    45,
    48,
    53,
    56,
    75,
    78,
    83,
    86,
    105,
    108,
    113,
    116,
    135,
    138,
    143,
    146,
    165,
    168,
    173,
    176,
    195,
    198,
    203,
    206,
    225,
    228,
    233,
    236,
    255,
    258,
    263,
    266,
    285,
    288,
    293,
    296,
    315,
    318,
    323,
    326,
    345,
    348,
    353,
    356,
    375,
    378,
    383,
    386,
    405,
    408,
    413,
    416,
    435,
    438,
    443,
    446,
    465,
    468,
    473,
    476,
    495,
    498,
    503,
    506,
    525,
    528,
    533,
    536,
    555,
    558,
    563,
    566,
    585,
    588,
    593,
    596,
    615,
    618,
    623,
    626
  ],
  "surrogate_from_baseline": false,
  "hidden_sizes": [
    10
  ],
  "mlp_mode": "mlp_rebuild",
  "mlp_metrics": {
    "train_mse": 3944.44580078125,
    "val_mse": 3100.3759765625,
    "train_rmse": 62.80482306942079,
    "val_rmse": 55.68101989513572,
    "train_mae": 48.020362854003906,
    "val_mae": 44.34678649902344,
    "train_r2": 0.4401851296424866,
    "val_r2": 0.5085194110870361
  },
  "mlp_train_time": 21.65248878399143
}