{
  "iter_idx": 29,
  "n0_value": 1,
  "mode": "windows",
  "baseline_mode": "capped",
  "baseline_slack": 0.0,
  "baseline_mae_clusters": 47.015098117006374,
  "baseline_mae_floor": 47.015098117006374,
  "summary_1": [
    {
      "Solver Status": "Normal",
      "Model Status": "OptimalGlobal",
      "Objective": 91.1262502599246,
      "Num of Equations": 2194,
      "Num of Variables": 1645,
      "Model Type": "MIP",
      "Solver": "GUROBI",
      "Solver Time": 0.033
    }
  ],
  "summary_2": [
    {
      "Solver Status": "Normal",
      "Model Status": "OptimalGlobal",
      "Objective": 47.0150981170064,
      "Num of Equations": 3875,
      "Num of Variables": 2495,
      "Model Type": "MIP",
      "Solver": "GUROBI",
      "Solver Time": 0.401
    }
  ],
  "selection_df": [
    {
      "w": "1",
      "level": 1.0,
      "marginal": -0.0,
      "lower": 0.0,
      "upper": 1.0,
      "scale": 1.0
    },
    {
      "w": "2",
      "level": 0.0,
      "marginal": -0.0,
      "lower": 0.0,
      "upper": 1.0,
      "scale": 1.0
    }
  ],
  "selected_original": [
    23
  ],
  "selection_vector": [
    0,
    0,
    0,
    0,
    0,
    0,
    0,
    0,
    0,
    0,
    0,
    0,
    0,
    0,
    0,
    0,
    0,
    0,
    0,
    0,
    0,
    0,
    0,
    1,
    0,
    0,
    0,
    0,
    0,
    0
  ],
  "importance_vector": [
    0.0,
    0.0,
    0.0,
    0.0,
    0.0,
    0.0,
    0.0,
    0.0,
    0.0,
    0.0,
    0.0,
    0.0,
    0.0,
    0.0,
    0.0,
    0.0,
    0.0,
    0.0,
    0.0,
    0.0,
    0.0,
    0.0,
    0.0,
    422.2979349940589,
    0.0,
    0.0,
    0.0,
    0.0,
    0.0,
    0.0
  ],
  "importance_vector_norm": [
    0.0,
    0.0,
    0.0,
    0.0,
    0.0,
    0.0,
    0.0,
    0.0,
    0.0,
    0.0,
    0.0,
    0.0,
    0.0,
    0.0,
    0.0,
    0.0,
    0.0,
    0.0,
    0.0,
    0.0,
    0.0,
    0.0,
    0.0,
    1.0,
    0.0,
    0.0,
    0.0,
    0.0,
    0.0,
    0.0
  ],
  "selected_sensors": [
    1,
    2,
    3,
    4,
    5,
    6,
    7,
    8,
    9,
    10,
    11,
    12,
    13,
    14,
    15,
    16,
    17,
    18,
    19,
    20,
    21
  ],
  "selected_windows": [
    24
  ],
  "X_train_shape_next": [
    48596,
    21,
    1
  ],
  "X_val_shape_next": [
    5432,
    21,
    1
  ],
  "M_curr": 21,
  "W_curr": 2,
  "input_dim": 42,
  "orig_indices": [
    23,
    26,
    53,
    56,
    83,
    86,
    113,
    116,
    143,
    146,
    173,
    176,
    203,
    206,
    233,
    236,
    263,
    266,
    293,
    296,
    323,
    326,
    353,
    356,
    383,
    386,
    413,
    416,
    443,
    446,
    473,
    476,
    503,
    506,
    533,
    536,
    563,
    566,
    593,
    596,
    623,
    626
  ],
  "surrogate_from_baseline": false,
  "hidden_sizes": [
    10
  ],
  "mlp_mode": "mlp_rebuild",
  "mlp_metrics": {
    "train_mse": 4116.55029296875,
    "val_mse": 3259.593505859375,
    "train_rmse": 64.1603482921403,
    "val_rmse": 57.09284986633068,
    "train_mae": 48.853065490722656,
    "val_mae": 45.481876373291016,
    "train_r2": 0.41575920581817627,
    "val_r2": 0.4832797646522522
  },
  "mlp_train_time": 19.887427631998435
}