{
  "iter_idx": 28,
  "n0_value": 2,
  "mode": "windows",
  "baseline_mode": "capped",
  "baseline_slack": 0.0,
  "baseline_mae_clusters": 47.015098117006374,
  "baseline_mae_floor": 47.015098117006374,
  "summary_1": [
    {
      "Solver Status": "Normal",
      "Model Status": "OptimalGlobal",
      "Objective": 71.9889758791479,
      "Num of Equations": 2215,
      "Num of Variables": 1667,
      "Model Type": "MIP",
      "Solver": "GUROBI",
      "Solver Time": 0.043
    }
  ],
  "summary_2": [
    {
      "Solver Status": "Normal",
      "Model Status": "OptimalGlobal",
      "Objective": 47.0150981170063,
      "Num of Equations": 4736,
      "Num of Variables": 2937,
      "Model Type": "MIP",
      "Solver": "GUROBI",
      "Solver Time": 1.619
    }
  ],
  "selection_df": [
    {
      "w": "1",
      "level": 0.0,
      "marginal": -0.0,
      "lower": 0.0,
      "upper": 1.0,
      "scale": 1.0
    },
    {
      "w": "2",
      "level": 1.0,
      "marginal": -0.0,
      "lower": 0.0,
      "upper": 1.0,
      "scale": 1.0
    },
    {
      "w": "3",
      "level": 1.0,
      "marginal": -0.0,
      "lower": 0.0,
      "upper": 1.0,
      "scale": 1.0
    }
  ],
  "selected_original": [
    23,
    26
  ],
  "selection_vector": [
    0,
    0,
    0,
    0,
    0,
    0,
    0,
    0,
    0,
    0,
    0,
    0,
    0,
    0,
    0,
    0,
    0,
    0,
    0,
    0,
    0,
    0,
    0,
    1,
    0,
    0,
    1,
    0,
    0,
    0
  ],
  "importance_vector": [
    0.0,
    0.0,
    0.0,
    0.0,
    0.0,
    0.0,
    0.0,
    0.0,
    0.0,
    0.0,
    0.0,
    0.0,
    0.0,
    0.0,
    0.0,
    0.0,
    0.0,
    0.0,
    0.0,
    0.0,
    0.0,
    0.0,
    0.0,
    396.95032244223347,
    0.0,
    0.0,
    361.12619377259205,
    0.0,
    0.0,
    0.0
  ],
  "importance_vector_norm": [
    0.0,
    0.0,
    0.0,
    0.0,
    0.0,
    0.0,
    0.0,
    0.0,
    0.0,
    0.0,
    0.0,
    0.0,
    0.0,
    0.0,
    0.0,
    0.0,
    0.0,
    0.0,
    0.0,
    0.0,
    0.0,
    0.0,
    0.0,
    0.5236283065781513,
    0.0,
    0.0,
    0.4763716934218488,
    0.0,
    0.0,
    0.0
  ],
  "selected_sensors": [
    1,
    2,
    3,
    4,
    5,
    6,
    7,
    8,
    9,
    10,
    11,
    12,
    13,
    14,
    15,
    16,
    17,
    18,
    19,
    20,
    21
  ],
  "selected_windows": [
    24,
    27
  ],
  "X_train_shape_next": [
    48596,
    21,
    2
  ],
  "X_val_shape_next": [
    5432,
    21,
    2
  ],
  "M_curr": 21,
  "W_curr": 3,
  "input_dim": 63,
  "orig_indices": [
    15,
    23,
    26,
    45,
    53,
    56,
    75,
    83,
    86,
    105,
    113,
    116,
    135,
    143,
    146,
    165,
    173,
    176,
    195,
    203,
    206,
    225,
    233,
    236,
    255,
    263,
    266,
    285,
    293,
    296,
    315,
    323,
    326,
    345,
    353,
    356,
    375,
    383,
    386,
    405,
    413,
    416,
    435,
    443,
    446,
    465,
    473,
    476,
    495,
    503,
    506,
    525,
    533,
    536,
    555,
    563,
    566,
    585,
    593,
    596,
    615,
    623,
    626
  ],
  "surrogate_from_baseline": false,
  "hidden_sizes": [
    10
  ],
  "mlp_mode": "mlp_rebuild",
  "mlp_metrics": {
    "train_mse": 3984.509765625,
    "val_mse": 3150.393310546875,
    "train_rmse": 63.12297335855623,
    "val_rmse": 56.12836458108213,
    "train_mae": 48.327484130859375,
    "val_mae": 44.75569152832031,
    "train_r2": 0.4344990849494934,
    "val_r2": 0.5005905032157898
  },
  "mlp_train_time": 21.866771002998576
}