{
  "iter_idx": 30,
  "n0_value": 0,
  "mode": "windows",
  "is_final_mlp": true,
  "orig_indices": [
    23,
    53,
    83,
    113,
    143,
    173,
    203,
    233,
    263,
    293,
    323,
    353,
    383,
    413,
    443,
    473,
    503,
    533,
    563,
    593,
    623
  ],
  "input_dim": 21,
  "hidden_sizes": [
    10
  ],
  "mlp_mode": "mlp_rebuild",
  "mlp_metrics": {
    "train_mse": 5636.63916015625,
    "val_mse": 4893.28515625,
    "train_rmse": 75.077554303242,
    "val_rmse": 69.95202038719111,
    "train_mae": 58.54257583618164,
    "val_mae": 56.69879913330078,
    "train_r2": 0.20002084970474243,
    "val_r2": 0.2243022322654724
  },
  "mlp_train_time": 19.821714424993843
}