{
  "iter_idx": 30,
  "n0_value": 0,
  "mode": "windows",
  "is_final_mlp": true,
  "orig_indices": [
    1,
    31,
    61,
    91,
    121,
    151,
    181,
    211,
    241,
    271,
    301,
    331,
    361,
    391,
    421,
    451,
    481,
    511,
    541,
    571,
    601
  ],
  "input_dim": 21,
  "hidden_sizes": [
    10,
    10
  ],
  "mlp_mode": "mlp_transfer",
  "mlp_metrics": {
    "train_mse": 1290.7039794921875,
    "val_mse": 1426.4503173828125,
    "train_rmse": 35.92636886038147,
    "val_rmse": 37.768377214050545,
    "train_mae": 33.723445892333984,
    "val_mae": 35.54043960571289,
    "train_r2": -15.424596786499023,
    "val_r2": -17.5860595703125
  },
  "mlp_train_time": 4.309589933836833
}