{
  "loss": [
    6808.10595703125,
    3235.32861328125,
    2393.713623046875,
    1986.33544921875,
    1807.081787109375,
    1732.2808837890625,
    1691.2003173828125,
    1663.446533203125,
    1642.940185546875,
    1626.376708984375,
    1612.737060546875,
    1600.31787109375,
    1589.2105712890625,
    1578.86328125,
    1569.3187255859375,
    1560.63720703125,
    1552.6358642578125,
    1545.333984375,
    1538.5535888671875,
    1532.174560546875,
    1526.440673828125,
    1520.6932373046875,
    1515.531005859375,
    1510.4866943359375,
    1505.478515625,
    1500.9937744140625,
    1496.125732421875,
    1491.852783203125,
    1487.73974609375,
    1483.659423828125
  ],
  "mae": [
    64.50005340576172,
    45.040000915527344,
    37.67259216308594,
    33.672576904296875,
    31.83106231689453,
    31.084508895874023,
    30.669750213623047,
    30.38884162902832,
    30.187938690185547,
    30.023300170898438,
    29.888174057006836,
    29.769662857055664,
    29.655126571655273,
    29.556392669677734,
    29.464757919311523,
    29.382295608520508,
    29.299095153808594,
    29.223716735839844,
    29.151790618896484,
    29.08755111694336,
    29.030637741088867,
    28.97115135192871,
    28.916898727416992,
    28.865114212036133,
    28.813730239868164,
    28.767499923706055,
    28.7198429107666,
    28.673526763916016,
    28.62823486328125,
    28.583654403686523
  ],
  "val_loss": [
    4324.40185546875,
    3136.963134765625,
    2561.41552734375,
    2333.59765625,
    2227.349609375,
    2159.364013671875,
    2112.995849609375,
    2084.792236328125,
    2062.5546875,
    2046.300048828125,
    2031.25537109375,
    2016.5078125,
    2005.3135986328125,
    1996.065673828125,
    1987.0120849609375,
    1978.8837890625,
    1969.0703125,
    1960.7911376953125,
    1953.34912109375,
    1946.6204833984375,
    1938.5238037109375,
    1931.483154296875,
    1926.1107177734375,
    1921.2724609375,
    1916.5892333984375,
    1912.0694580078125,
    1906.212890625,
    1902.11328125,
    1899.003173828125,
    1895.08154296875
  ],
  "val_mae": [
    51.67375946044922,
    42.58641052246094,
    36.778926849365234,
    33.95082092285156,
    32.57080078125,
    31.840240478515625,
    31.38875961303711,
    31.118654251098633,
    30.90733528137207,
    30.78510093688965,
    30.662302017211914,
    30.55943489074707,
    30.473730087280273,
    30.40258026123047,
    30.340940475463867,
    30.298734664916992,
    30.2275390625,
    30.177759170532227,
    30.13268280029297,
    30.086711883544922,
    30.037817001342773,
    29.991334915161133,
    29.945240020751953,
    29.920188903808594,
    29.88231086730957,
    29.85573959350586,
    29.815853118896484,
    29.792160034179688,
    29.771209716796875,
    29.75876808166504
  ]
}