{
  "iter_idx": 28,
  "n0_value": 2,
  "mode": "windows",
  "baseline_mode": "capped",
  "baseline_slack": 0.0,
  "baseline_mae_clusters": 9.224769313888917,
  "baseline_mae_floor": 9.224769313888917,
  "summary_1": [
    {
      "Solver Status": "Normal",
      "Model Status": "OptimalGlobal",
      "Objective": 6.13859055713095,
      "Num of Equations": 2197,
      "Num of Variables": 1649,
      "Model Type": "MIP",
      "Solver": "GUROBI",
      "Solver Time": 0.039
    }
  ],
  "summary_2": [
    {
      "Solver Status": "Normal",
      "Model Status": "OptimalGlobal",
      "Objective": 9.22476931388892,
      "Num of Equations": 3998,
      "Num of Variables": 2559,
      "Model Type": "MIP",
      "Solver": "GUROBI",
      "Solver Time": 0.492
    }
  ],
  "selection_df": [
    {
      "w": "1",
      "level": 1.0,
      "marginal": -0.0,
      "lower": 0.0,
      "upper": 1.0,
      "scale": 1.0
    },
    {
      "w": "2",
      "level": 1.0,
      "marginal": -0.0,
      "lower": 0.0,
      "upper": 1.0,
      "scale": 1.0
    },
    {
      "w": "3",
      "level": 0.0,
      "marginal": -0.0,
      "lower": 0.0,
      "upper": 1.0,
      "scale": 1.0
    }
  ],
  "selected_original": [
    0,
    28
  ],
  "selection_vector": [
    1,
    0,
    0,
    0,
    0,
    0,
    0,
    0,
    0,
    0,
    0,
    0,
    0,
    0,
    0,
    0,
    0,
    0,
    0,
    0,
    0,
    0,
    0,
    0,
    0,
    0,
    0,
    0,
    1,
    0
  ],
  "importance_vector": [
    59.52712307288901,
    0.0,
    0.0,
    0.0,
    0.0,
    0.0,
    0.0,
    0.0,
    0.0,
    0.0,
    0.0,
    0.0,
    0.0,
    0.0,
    0.0,
    0.0,
    0.0,
    0.0,
    0.0,
    0.0,
    0.0,
    0.0,
    0.0,
    0.0,
    0.0,
    0.0,
    0.0,
    0.0,
    66.4081559387514,
    0.0
  ],
  "importance_vector_norm": [
    0.4726802810147172,
    0.0,
    0.0,
    0.0,
    0.0,
    0.0,
    0.0,
    0.0,
    0.0,
    0.0,
    0.0,
    0.0,
    0.0,
    0.0,
    0.0,
    0.0,
    0.0,
    0.0,
    0.0,
    0.0,
    0.0,
    0.0,
    0.0,
    0.0,
    0.0,
    0.0,
    0.0,
    0.0,
    0.5273197189852827,
    0.0
  ],
  "selected_sensors": [
    1,
    2,
    3,
    4,
    5,
    6,
    7,
    8,
    9,
    10,
    11,
    12,
    13,
    14,
    15
  ],
  "selected_windows": [
    1,
    29
  ],
  "X_train_shape_next": [
    100,
    15,
    2
  ],
  "X_val_shape_next": [
    100,
    15,
    2
  ],
  "M_curr": 15,
  "W_curr": 3,
  "input_dim": 45,
  "orig_indices": [
    0,
    28,
    29,
    30,
    58,
    59,
    60,
    88,
    89,
    90,
    118,
    119,
    120,
    148,
    149,
    150,
    178,
    179,
    180,
    208,
    209,
    210,
    238,
    239,
    240,
    268,
    269,
    270,
    298,
    299,
    300,
    328,
    329,
    330,
    358,
    359,
    360,
    388,
    389,
    390,
    418,
    419,
    420,
    448,
    449
  ],
  "surrogate_from_baseline": false,
  "hidden_sizes": [
    10
  ],
  "mlp_mode": "mlp_transfer",
  "mlp_metrics": {
    "train_mse": 22.90652084350586,
    "val_mse": 43.07041549682617,
    "train_rmse": 4.786075724798539,
    "val_rmse": 6.562805459315869,
    "train_mae": 3.772404432296753,
    "val_mae": 4.985307216644287,
    "train_r2": 0.6848629713058472,
    "val_r2": 0.4095696806907654
  },
  "mlp_train_time": 3.430855205981061
}