{
  "iter_idx": 27,
  "n0_value": 3,
  "mode": "windows",
  "baseline_mode": "capped",
  "baseline_slack": 0.0,
  "baseline_mae_clusters": 9.224769313888917,
  "baseline_mae_floor": 9.224769313888917,
  "summary_1": [
    {
      "Solver Status": "Normal",
      "Model Status": "OptimalGlobal",
      "Objective": 5.86456505472284,
      "Num of Equations": 2212,
      "Num of Variables": 1665,
      "Model Type": "MIP",
      "Solver": "GUROBI",
      "Solver Time": 0.046
    }
  ],
  "summary_2": [
    {
      "Solver Status": "Normal",
      "Model Status": "OptimalGlobal",
      "Objective": 9.22476931388892,
      "Num of Equations": 4613,
      "Num of Variables": 2875,
      "Model Type": "MIP",
      "Solver": "GUROBI",
      "Solver Time": 0.439
    }
  ],
  "selection_df": [
    {
      "w": "1",
      "level": 1.0,
      "marginal": -0.0,
      "lower": 0.0,
      "upper": 1.0,
      "scale": 1.0
    },
    {
      "w": "2",
      "level": 0.0,
      "marginal": -0.0,
      "lower": 0.0,
      "upper": 1.0,
      "scale": 1.0
    },
    {
      "w": "3",
      "level": 1.0,
      "marginal": -0.0,
      "lower": 0.0,
      "upper": 1.0,
      "scale": 1.0
    },
    {
      "w": "4",
      "level": 1.0,
      "marginal": -0.0,
      "lower": 0.0,
      "upper": 1.0,
      "scale": 1.0
    }
  ],
  "selected_original": [
    0,
    28,
    29
  ],
  "selection_vector": [
    1,
    0,
    0,
    0,
    0,
    0,
    0,
    0,
    0,
    0,
    0,
    0,
    0,
    0,
    0,
    0,
    0,
    0,
    0,
    0,
    0,
    0,
    0,
    0,
    0,
    0,
    0,
    0,
    1,
    1
  ],
  "importance_vector": [
    59.294008349594584,
    0.0,
    0.0,
    0.0,
    0.0,
    0.0,
    0.0,
    0.0,
    0.0,
    0.0,
    0.0,
    0.0,
    0.0,
    0.0,
    0.0,
    0.0,
    0.0,
    0.0,
    0.0,
    0.0,
    0.0,
    0.0,
    0.0,
    0.0,
    0.0,
    0.0,
    0.0,
    0.0,
    67.77185441198877,
    71.3867922030916
  ],
  "importance_vector_norm": [
    0.2987816331313333,
    0.0,
    0.0,
    0.0,
    0.0,
    0.0,
    0.0,
    0.0,
    0.0,
    0.0,
    0.0,
    0.0,
    0.0,
    0.0,
    0.0,
    0.0,
    0.0,
    0.0,
    0.0,
    0.0,
    0.0,
    0.0,
    0.0,
    0.0,
    0.0,
    0.0,
    0.0,
    0.0,
    0.3415013743406573,
    0.35971699252800937
  ],
  "selected_sensors": [
    1,
    2,
    3,
    4,
    5,
    6,
    7,
    8,
    9,
    10,
    11,
    12,
    13,
    14,
    15
  ],
  "selected_windows": [
    1,
    29,
    30
  ],
  "X_train_shape_next": [
    100,
    15,
    3
  ],
  "X_val_shape_next": [
    100,
    15,
    3
  ],
  "M_curr": 15,
  "W_curr": 4,
  "input_dim": 60,
  "orig_indices": [
    0,
    25,
    28,
    29,
    30,
    55,
    58,
    59,
    60,
    85,
    88,
    89,
    90,
    115,
    118,
    119,
    120,
    145,
    148,
    149,
    150,
    175,
    178,
    179,
    180,
    205,
    208,
    209,
    210,
    235,
    238,
    239,
    240,
    265,
    268,
    269,
    270,
    295,
    298,
    299,
    300,
    325,
    328,
    329,
    330,
    355,
    358,
    359,
    360,
    385,
    388,
    389,
    390,
    415,
    418,
    419,
    420,
    445,
    448,
    449
  ],
  "surrogate_from_baseline": false,
  "hidden_sizes": [
    10
  ],
  "mlp_mode": "mlp_transfer",
  "mlp_metrics": {
    "train_mse": 18.599517822265625,
    "val_mse": 44.75104522705078,
    "train_rmse": 4.3127158290647465,
    "val_rmse": 6.68962220361141,
    "train_mae": 3.3223273754119873,
    "val_mae": 5.026276588439941,
    "train_r2": 0.7441166639328003,
    "val_r2": 0.3865308165550232
  },
  "mlp_train_time": 3.3581525899935514
}