{
  "iter_idx": 30,
  "n0_value": 0,
  "mode": "windows",
  "is_final_mlp": true,
  "orig_indices": [
    28,
    58,
    88,
    118,
    148,
    178,
    208,
    238,
    268,
    298,
    328,
    358,
    388,
    418,
    448
  ],
  "input_dim": 15,
  "hidden_sizes": [
    10
  ],
  "mlp_mode": "mlp_transfer",
  "mlp_metrics": {
    "train_mse": 32.737796783447266,
    "val_mse": 34.82328796386719,
    "train_rmse": 5.721695271809507,
    "val_rmse": 5.901125991187376,
    "train_mae": 4.858346462249756,
    "val_mae": 4.789068222045898,
    "train_r2": 0.5496089458465576,
    "val_r2": 0.5226253271102905
  },
  "mlp_train_time": 3.4976395168341696
}