{
  "iter_idx": 16,
  "n0_value": 0,
  "mode": "sensors",
  "is_final_mlp": true,
  "orig_indices": [
    240,
    241,
    242,
    243,
    244,
    245,
    246,
    247,
    248,
    249,
    250,
    251,
    252,
    253,
    254,
    255,
    256,
    257,
    258,
    259,
    260,
    261,
    262,
    263,
    264,
    265,
    266,
    267,
    268,
    269
  ],
  "input_dim": 30,
  "hidden_sizes": [
    10,
    10,
    10
  ],
  "mlp_mode": "mlp_transfer",
  "mlp_metrics": {
    "train_mse": 124.41939544677734,
    "val_mse": 111.97879028320312,
    "train_rmse": 11.154344241002129,
    "val_rmse": 10.582003131884017,
    "train_mae": 9.288250923156738,
    "val_mae": 8.857507705688477,
    "train_r2": -0.7784461975097656,
    "val_r2": -0.5471299886703491
  },
  "mlp_train_time": 3.49124150397256
}