{
  "iter_idx": 19,
  "n0_value": 2,
  "mode": "sensors",
  "baseline_mode": "capped",
  "baseline_slack": 0.0,
  "baseline_mae_clusters": 47.16447192728034,
  "baseline_mae_floor": 47.16447192728034,
  "summary_1": [
    {
      "Solver Status": "Normal",
      "Model Status": "OptimalGlobal",
      "Objective": 18.9487308691677,
      "Num of Equations": 2242,
      "Num of Variables": 1694,
      "Model Type": "MIP",
      "Solver": "GUROBI",
      "Solver Time": 0.026
    }
  ],
  "summary_2": [
    {
      "Solver Status": "Normal",
      "Model Status": "OptimalGlobal",
      "Objective": 47.1644719272803,
      "Num of Equations": 5843,
      "Num of Variables": 3504,
      "Model Type": "MIP",
      "Solver": "GUROBI",
      "Solver Time": 1.183
    }
  ],
  "selection_df": [
    {
      "s": "1",
      "level": 0.0,
      "marginal": -0.0,
      "lower": 0.0,
      "upper": 1.0,
      "scale": 1.0
    },
    {
      "s": "2",
      "level": 1.0,
      "marginal": -0.0,
      "lower": 0.0,
      "upper": 1.0,
      "scale": 1.0
    },
    {
      "s": "3",
      "level": 1.0,
      "marginal": -0.0,
      "lower": 0.0,
      "upper": 1.0,
      "scale": 1.0
    }
  ],
  "selected_original": [
    10,
    17
  ],
  "selection_vector": [
    0,
    0,
    0,
    0,
    0,
    0,
    0,
    0,
    0,
    0,
    1,
    0,
    0,
    0,
    0,
    0,
    0,
    1,
    0,
    0,
    0
  ],
  "importance_vector": [
    0.0,
    0.0,
    0.0,
    0.0,
    0.0,
    0.0,
    0.0,
    0.0,
    0.0,
    0.0,
    498.69492657433375,
    0.0,
    0.0,
    0.0,
    0.0,
    0.0,
    0.0,
    434.2208564420076,
    0.0,
    0.0,
    0.0
  ],
  "importance_vector_norm": [
    0.0,
    0.0,
    0.0,
    0.0,
    0.0,
    0.0,
    0.0,
    0.0,
    0.0,
    0.0,
    0.5345551395453221,
    0.0,
    0.0,
    0.0,
    0.0,
    0.0,
    0.0,
    0.4654448604546779,
    0.0,
    0.0,
    0.0
  ],
  "selected_sensors": [
    11,
    18
  ],
  "selected_windows": [
    1,
    2,
    3,
    4,
    5,
    6,
    7,
    8,
    9,
    10,
    11,
    12,
    13,
    14,
    15,
    16,
    17,
    18,
    19,
    20,
    21,
    22,
    23,
    24,
    25,
    26,
    27,
    28,
    29,
    30
  ],
  "X_train_shape_next": [
    48596,
    2,
    30
  ],
  "X_val_shape_next": [
    5432,
    2,
    30
  ],
  "M_curr": 3,
  "W_curr": 30,
  "input_dim": 90,
  "orig_indices": [
    270,
    271,
    272,
    273,
    274,
    275,
    276,
    277,
    278,
    279,
    280,
    281,
    282,
    283,
    284,
    285,
    286,
    287,
    288,
    289,
    290,
    291,
    292,
    293,
    294,
    295,
    296,
    297,
    298,
    299,
    300,
    301,
    302,
    303,
    304,
    305,
    306,
    307,
    308,
    309,
    310,
    311,
    312,
    313,
    314,
    315,
    316,
    317,
    318,
    319,
    320,
    321,
    322,
    323,
    324,
    325,
    326,
    327,
    328,
    329,
    510,
    511,
    512,
    513,
    514,
    515,
    516,
    517,
    518,
    519,
    520,
    521,
    522,
    523,
    524,
    525,
    526,
    527,
    528,
    529,
    530,
    531,
    532,
    533,
    534,
    535,
    536,
    537,
    538,
    539
  ],
  "surrogate_from_baseline": false,
  "hidden_sizes": [
    10
  ],
  "mlp_mode": "mlp_rebuild",
  "mlp_metrics": {
    "train_mse": 3841.83349609375,
    "val_mse": 3083.339599609375,
    "train_rmse": 61.98252573180404,
    "val_rmse": 55.52782725453405,
    "train_mae": 47.52906799316406,
    "val_mae": 44.15681457519531,
    "train_r2": 0.45474833250045776,
    "val_r2": 0.5112199783325195
  },
  "mlp_train_time": 21.625112885958515
}