{
  "iter_idx": 21,
  "n0_value": 0,
  "mode": "sensors",
  "is_final_mlp": true,
  "orig_indices": [
    300,
    301,
    302,
    303,
    304,
    305,
    306,
    307,
    308,
    309,
    310,
    311,
    312,
    313,
    314,
    315,
    316,
    317,
    318,
    319,
    320,
    321,
    322,
    323,
    324,
    325,
    326,
    327,
    328,
    329
  ],
  "input_dim": 30,
  "hidden_sizes": [
    10
  ],
  "mlp_mode": "mlp_rebuild",
  "mlp_metrics": {
    "train_mse": 6690.06640625,
    "val_mse": 6028.68994140625,
    "train_rmse": 81.79282612949622,
    "val_rmse": 77.64463884523033,
    "train_mae": 64.86598205566406,
    "val_mae": 63.86906814575195,
    "train_r2": 0.05051332712173462,
    "val_r2": 0.04431450366973877
  },
  "mlp_train_time": 20.25378308899235
}