{
  "iter_idx": 29,
  "n0_value": 1,
  "mode": "windows",
  "baseline_mode": "capped",
  "baseline_slack": 0.0,
  "baseline_mae_clusters": 19.36246258852069,
  "baseline_mae_floor": 19.36246258852069,
  "summary_1": [
    {
      "Solver Status": "Normal",
      "Model Status": "OptimalGlobal",
      "Objective": 9.50266978004126,
      "Num of Equations": 2194,
      "Num of Variables": 1645,
      "Model Type": "MIP",
      "Solver": "GUROBI",
      "Solver Time": 0.017
    }
  ],
  "summary_2": [
    {
      "Solver Status": "Normal",
      "Model Status": "OptimalGlobal",
      "Objective": 19.3624625885207,
      "Num of Equations": 3875,
      "Num of Variables": 2495,
      "Model Type": "MIP",
      "Solver": "GUROBI",
      "Solver Time": 0.118
    }
  ],
  "selection_df": [
    {
      "w": "1",
      "level": 0.0,
      "marginal": -0.0,
      "lower": 0.0,
      "upper": 1.0,
      "scale": 1.0
    },
    {
      "w": "2",
      "level": 1.0,
      "marginal": -0.0,
      "lower": 0.0,
      "upper": 1.0,
      "scale": 1.0
    }
  ],
  "selected_original": [
    1
  ],
  "selection_vector": [
    0,
    1,
    0,
    0,
    0,
    0,
    0,
    0,
    0,
    0,
    0,
    0,
    0,
    0,
    0,
    0,
    0,
    0,
    0,
    0,
    0,
    0,
    0,
    0,
    0,
    0,
    0,
    0,
    0,
    0
  ],
  "importance_vector": [
    0.0,
    105.31251317772812,
    0.0,
    0.0,
    0.0,
    0.0,
    0.0,
    0.0,
    0.0,
    0.0,
    0.0,
    0.0,
    0.0,
    0.0,
    0.0,
    0.0,
    0.0,
    0.0,
    0.0,
    0.0,
    0.0,
    0.0,
    0.0,
    0.0,
    0.0,
    0.0,
    0.0,
    0.0,
    0.0,
    0.0
  ],
  "importance_vector_norm": [
    0.0,
    1.0,
    0.0,
    0.0,
    0.0,
    0.0,
    0.0,
    0.0,
    0.0,
    0.0,
    0.0,
    0.0,
    0.0,
    0.0,
    0.0,
    0.0,
    0.0,
    0.0,
    0.0,
    0.0,
    0.0,
    0.0,
    0.0,
    0.0,
    0.0,
    0.0,
    0.0,
    0.0,
    0.0,
    0.0
  ],
  "selected_sensors": [
    1,
    2,
    3,
    4,
    5,
    6,
    7,
    8,
    9,
    10,
    11,
    12,
    13,
    14,
    15,
    16,
    17,
    18,
    19,
    20,
    21
  ],
  "selected_windows": [
    2
  ],
  "X_train_shape_next": [
    100,
    21,
    1
  ],
  "X_val_shape_next": [
    100,
    21,
    1
  ],
  "M_curr": 21,
  "W_curr": 2,
  "input_dim": 42,
  "orig_indices": [
    0,
    1,
    30,
    31,
    60,
    61,
    90,
    91,
    120,
    121,
    150,
    151,
    180,
    181,
    210,
    211,
    240,
    241,
    270,
    271,
    300,
    301,
    330,
    331,
    360,
    361,
    390,
    391,
    420,
    421,
    450,
    451,
    480,
    481,
    510,
    511,
    540,
    541,
    570,
    571,
    600,
    601
  ],
  "surrogate_from_baseline": false,
  "hidden_sizes": [
    10
  ],
  "mlp_mode": "mlp_transfer",
  "mlp_metrics": {
    "train_mse": 90.18907165527344,
    "val_mse": 102.69420623779297,
    "train_rmse": 9.496792703606488,
    "val_rmse": 10.133814989321296,
    "train_mae": 7.7182416915893555,
    "val_mae": 8.478838920593262,
    "train_r2": -0.33984434604644775,
    "val_r2": -0.36732542514801025
  },
  "mlp_train_time": 3.4521512310020626
}