{
  "iter_idx": 30,
  "n0_value": 0,
  "mode": "windows",
  "is_final_mlp": true,
  "orig_indices": [
    1,
    31,
    61,
    91,
    121,
    151,
    181,
    211,
    241,
    271,
    301,
    331,
    361,
    391,
    421,
    451,
    481,
    511,
    541,
    571,
    601
  ],
  "input_dim": 21,
  "hidden_sizes": [
    10
  ],
  "mlp_mode": "mlp_transfer",
  "mlp_metrics": {
    "train_mse": 149.6998291015625,
    "val_mse": 172.6253662109375,
    "train_rmse": 12.235188151457358,
    "val_rmse": 13.138697279827156,
    "train_mae": 10.273860931396484,
    "val_mae": 11.083293914794922,
    "train_r2": -1.223933219909668,
    "val_r2": -1.2984263896942139
  },
  "mlp_train_time": 3.4275493470486253
}