{
  "iter_idx": [
    0,
    1,
    2,
    3,
    4,
    5,
    6,
    7,
    8,
    9
  ],
  "n0_value": [
    10,
    9,
    8,
    7,
    6,
    5,
    4,
    3,
    2,
    1
  ],
  "selection_vector": [
    [
      1,
      1,
      1,
      1,
      1,
      1,
      1,
      1,
      1,
      1
    ],
    [
      1,
      1,
      1,
      1,
      1,
      1,
      0,
      1,
      1,
      1
    ],
    [
      1,
      1,
      1,
      0,
      1,
      1,
      0,
      1,
      1,
      1
    ],
    [
      1,
      1,
      1,
      0,
      1,
      1,
      0,
      1,
      1,
      0
    ],
    [
      1,
      1,
      1,
      0,
      0,
      1,
      0,
      1,
      1,
      0
    ],
    [
      1,
      1,
      0,
      0,
      0,
      1,
      0,
      1,
      1,
      0
    ],
    [
      1,
      1,
      0,
      0,
      0,
      1,
      0,
      0,
      1,
      0
    ],
    [
      1,
      1,
      0,
      0,
      0,
      0,
      0,
      0,
      1,
      0
    ],
    [
      0,
      1,
      0,
      0,
      0,
      0,
      0,
      0,
      1,
      0
    ],
    [
      0,
      0,
      0,
      0,
      0,
      0,
      0,
      0,
      1,
      0
    ]
  ],
  "importance_vector": [
    [
      9.844789505004883,
      8.738312721252441,
      9.717880249023438,
      8.472681999206543,
      9.154351234436035,
      9.950007438659668,
      9.438566207885742,
      10.374417304992676,
      9.608851432800293,
      9.6244535446167
    ],
    [
      16.963714599609375,
      14.128293991088867,
      17.730321884155273,
      14.919978141784668,
      15.031593322753906,
      16.51885223388672,
      0.0,
      17.0838623046875,
      16.6776065826416,
      17.17920684814453
    ],
    [
      17.892311096191406,
      17.80801010131836,
      15.243169784545898,
      0.0,
      17.0242862701416,
      17.021093368530273,
      0.0,
      15.74156379699707,
      16.31890869140625,
      18.83777618408203
    ],
    [
      18.427074432373047,
      17.561246871948242,
      14.300837516784668,
      0.0,
      16.794574737548828,
      16.654239654541016,
      0.0,
      15.067747116088867,
      18.172943115234375,
      0.0
    ],
    [
      21.54055404663086,
      19.323680877685547,
      19.79945182800293,
      0.0,
      0.0,
      20.183731079101562,
      0.0,
      16.36521339416504,
      18.105010986328125,
      0.0
    ],
    [
      17.960403442382812,
      18.03221321105957,
      0.0,
      0.0,
      0.0,
      19.85920524597168,
      0.0,
      16.148006439208984,
      17.299219131469727,
      0.0
    ],
    [
      20.161039352416992,
      17.421180725097656,
      0.0,
      0.0,
      0.0,
      17.5712833404541,
      0.0,
      0.0,
      16.74005126953125,
      0.0
    ],
    [
      16.16657066345215,
      16.80437469482422,
      0.0,
      0.0,
      0.0,
      0.0,
      0.0,
      0.0,
      17.83133888244629,
      0.0
    ],
    [
      0.0,
      19.236143112182617,
      0.0,
      0.0,
      0.0,
      0.0,
      0.0,
      0.0,
      22.633520126342773,
      0.0
    ],
    [
      0.0,
      0.0,
      0.0,
      0.0,
      0.0,
      0.0,
      0.0,
      0.0,
      14.25460147857666,
      0.0
    ]
  ]
}