{
  "iter_idx": 16,
  "n0_value": 0,
  "mode": "sensors",
  "is_final_mlp": true,
  "orig_indices": [
    360,
    361,
    362,
    363,
    364,
    365,
    366,
    367,
    368,
    369,
    370,
    371,
    372,
    373,
    374,
    375,
    376,
    377,
    378,
    379,
    380,
    381,
    382,
    383,
    384,
    385,
    386,
    387,
    388,
    389
  ],
  "input_dim": 30,
  "hidden_sizes": [
    10,
    10
  ],
  "mlp_mode": "mlp_transfer",
  "mlp_metrics": {
    "train_mse": 1491.240478515625,
    "val_mse": 1692.4395751953125,
    "train_rmse": 38.61658294716953,
    "val_rmse": 41.139270474758206,
    "train_mae": 30.078392028808594,
    "val_mae": 33.44215774536133,
    "train_r2": -19.760576248168945,
    "val_r2": -22.93795394897461
  },
  "mlp_train_time": 3.420310609973967
}