{
  "iter_idx": 21,
  "n0_value": 0,
  "mode": "sensors",
  "is_final_mlp": true,
  "orig_indices": [
    30,
    31,
    32,
    33,
    34,
    35,
    36,
    37,
    38,
    39,
    40,
    41,
    42,
    43,
    44,
    45,
    46,
    47,
    48,
    49,
    50,
    51,
    52,
    53,
    54,
    55,
    56,
    57,
    58,
    59
  ],
  "input_dim": 30,
  "hidden_sizes": [
    10,
    10,
    10
  ],
  "mlp_mode": "mlp_transfer",
  "mlp_metrics": {
    "train_mse": 1116.8968505859375,
    "val_mse": 1505.5302734375,
    "train_rmse": 33.420006741261105,
    "val_rmse": 38.80116330005455,
    "train_mae": 27.885848999023438,
    "val_mae": 32.968162536621094,
    "train_r2": -15.172285079956055,
    "val_r2": -19.007049560546875
  },
  "mlp_train_time": 3.6195912370458245
}