{
  "iter_idx": 21,
  "n0_value": 0,
  "mode": "sensors",
  "is_final_mlp": true,
  "orig_indices": [
    420,
    421,
    422,
    423,
    424,
    425,
    426,
    427,
    428,
    429,
    430,
    431,
    432,
    433,
    434,
    435,
    436,
    437,
    438,
    439,
    440,
    441,
    442,
    443,
    444,
    445,
    446,
    447,
    448,
    449
  ],
  "input_dim": 30,
  "hidden_sizes": [
    10,
    10
  ],
  "mlp_mode": "mlp_rebuild",
  "mlp_metrics": {
    "train_mse": 3699.00927734375,
    "val_mse": 4046.367919921875,
    "train_rmse": 60.81948106769532,
    "val_rmse": 63.61106758986108,
    "train_mae": 49.533817291259766,
    "val_mae": 50.778568267822266,
    "train_r2": 0.032799601554870605,
    "val_r2": 0.0573691725730896
  },
  "mlp_train_time": 20.276665797980968
}