{
  "iter_idx": 0,
  "n0_value": 10,
  "mode": "windows",
  "is_baseline": true,
  "is_final_mlp": false,
  "orig_indices": [
    0,
    1,
    2,
    3,
    4,
    5,
    6,
    7,
    8,
    9,
    10,
    11,
    12,
    13,
    14,
    15,
    16,
    17,
    18,
    19,
    20,
    21,
    22,
    23,
    24,
    25,
    26,
    27,
    28,
    29,
    30,
    31,
    32,
    33,
    34,
    35,
    36,
    37,
    38,
    39,
    40,
    41,
    42,
    43,
    44,
    45,
    46,
    47,
    48,
    49
  ],
  "input_dim": 50,
  "selection_vector": [
    1,
    1,
    1,
    1,
    1,
    1,
    1,
    1,
    1,
    1
  ],
  "selected_original": [
    0,
    1,
    2,
    3,
    4,
    5,
    6,
    7,
    8,
    9
  ],
  "importance_vector": [
    12.678400215692818,
    13.073775912285782,
    12.298408889211714,
    13.029127842281014,
    11.730878793634474,
    13.131327230483294,
    13.624369465338532,
    13.41064959205687,
    12.652571965008974,
    14.2468066746369
  ],
  "importance_vector_norm": [
    0.09761903131755172,
    0.10066327916044081,
    0.09469323748165095,
    0.10031950539798544,
    0.09032346391154125,
    0.10110640320116444,
    0.10490264756531027,
    0.10325708293190786,
    0.09742016326089714,
    0.10969518577155009
  ],
  "hidden_sizes": [
    10
  ],
  "mlp_mode": "baseline",
  "mlp_metrics": {
    "train_mse": 172.44189453125,
    "val_mse": 168.739501953125,
    "train_rmse": 13.131713312864015,
    "val_rmse": 12.989976980469404,
    "train_mae": 10.556182861328125,
    "val_mae": 10.55332088470459,
    "train_r2": -0.1758439540863037,
    "val_r2": -0.23683130741119385
  },
  "baseline_mae_clusters": 5.068696785978501,
  "baseline_mae_floor": 5.068696785978501
}