{
  "iter_idx": [
    0,
    1,
    2,
    3,
    4,
    5,
    6,
    7,
    8,
    9
  ],
  "n0_value": [
    10,
    9,
    8,
    7,
    6,
    5,
    4,
    3,
    2,
    1
  ],
  "selection_vector": [
    [
      1,
      1,
      1,
      1,
      1,
      1,
      1,
      1,
      1,
      1
    ],
    [
      1,
      1,
      1,
      1,
      0,
      1,
      1,
      1,
      1,
      1
    ],
    [
      1,
      1,
      1,
      0,
      0,
      1,
      1,
      1,
      1,
      1
    ],
    [
      1,
      1,
      1,
      0,
      0,
      1,
      1,
      1,
      0,
      1
    ],
    [
      1,
      1,
      1,
      0,
      0,
      0,
      1,
      1,
      0,
      1
    ],
    [
      1,
      1,
      0,
      0,
      0,
      0,
      1,
      1,
      0,
      1
    ],
    [
      0,
      1,
      0,
      0,
      0,
      0,
      1,
      1,
      0,
      1
    ],
    [
      0,
      1,
      0,
      0,
      0,
      0,
      0,
      1,
      0,
      1
    ],
    [
      0,
      1,
      0,
      0,
      0,
      0,
      0,
      1,
      0,
      0
    ],
    [
      0,
      1,
      0,
      0,
      0,
      0,
      0,
      0,
      0,
      0
    ]
  ],
  "importance_vector": [
    [
      12.678400039672852,
      13.073776245117188,
      12.298408508300781,
      13.029128074645996,
      11.730878829956055,
      13.131327629089355,
      13.624369621276855,
      13.410649299621582,
      12.652571678161621,
      14.246807098388672
    ],
    [
      24.427885055541992,
      24.015153884887695,
      23.888534545898438,
      25.37834930419922,
      0.0,
      25.439022064208984,
      26.511703491210938,
      24.382171630859375,
      23.9739990234375,
      26.806873321533203
    ],
    [
      17.902130126953125,
      22.32229232788086,
      19.435161590576172,
      0.0,
      0.0,
      25.39548110961914,
      20.740324020385742,
      20.445411682128906,
      23.79466438293457,
      22.548198699951172
    ],
    [
      23.06338882446289,
      25.002410888671875,
      25.01455307006836,
      0.0,
      0.0,
      22.750478744506836,
      25.436628341674805,
      28.344205856323242,
      0.0,
      23.552457809448242
    ],
    [
      35.506343841552734,
      28.27072525024414,
      31.465808868408203,
      0.0,
      0.0,
      0.0,
      28.786544799804688,
      32.48548126220703,
      0.0,
      28.488462448120117
    ],
    [
      28.135534286499023,
      29.211917877197266,
      0.0,
      0.0,
      0.0,
      0.0,
      31.23322868347168,
      28.48944091796875,
      0.0,
      27.084672927856445
    ],
    [
      0.0,
      34.286956787109375,
      0.0,
      0.0,
      0.0,
      0.0,
      35.93067932128906,
      33.338226318359375,
      0.0,
      40.120059967041016
    ],
    [
      0.0,
      28.76485824584961,
      0.0,
      0.0,
      0.0,
      0.0,
      0.0,
      37.162818908691406,
      0.0,
      36.6630859375
    ],
    [
      0.0,
      36.32035446166992,
      0.0,
      0.0,
      0.0,
      0.0,
      0.0,
      40.05005645751953,
      0.0,
      0.0
    ],
    [
      0.0,
      30.643762588500977,
      0.0,
      0.0,
      0.0,
      0.0,
      0.0,
      0.0,
      0.0,
      0.0
    ]
  ]
}