{
  "iter_idx": 16,
  "n0_value": 0,
  "mode": "sensors",
  "is_final_mlp": true,
  "orig_indices": [
    30,
    31,
    32,
    33,
    34,
    35,
    36,
    37,
    38,
    39,
    40,
    41,
    42,
    43,
    44,
    45,
    46,
    47,
    48,
    49,
    50,
    51,
    52,
    53,
    54,
    55,
    56,
    57,
    58,
    59
  ],
  "input_dim": 30,
  "hidden_sizes": [
    10,
    10
  ],
  "mlp_mode": "mlp_transfer",
  "mlp_metrics": {
    "train_mse": 314.24334716796875,
    "val_mse": 320.7456359863281,
    "train_rmse": 17.72691025441176,
    "val_rmse": 17.909372852959653,
    "train_mae": 16.145231246948242,
    "val_mae": 16.34421157836914,
    "train_r2": -3.3232107162475586,
    "val_r2": -3.7607369422912598
  },
  "mlp_train_time": 3.4304987431969494
}