{
  "iter_idx": 21,
  "n0_value": 0,
  "mode": "sensors",
  "is_final_mlp": true,
  "orig_indices": [
    30,
    31,
    32,
    33,
    34,
    35,
    36,
    37,
    38,
    39,
    40,
    41,
    42,
    43,
    44,
    45,
    46,
    47,
    48,
    49,
    50,
    51,
    52,
    53,
    54,
    55,
    56,
    57,
    58,
    59
  ],
  "input_dim": 30,
  "hidden_sizes": [
    10
  ],
  "mlp_mode": "mlp_transfer",
  "mlp_metrics": {
    "train_mse": 607.77880859375,
    "val_mse": 801.6914672851562,
    "train_rmse": 24.65317035583355,
    "val_rmse": 28.314156658554325,
    "train_mae": 20.62240982055664,
    "val_mae": 24.529224395751953,
    "train_r2": -6.844543933868408,
    "val_r2": -9.744287490844727
  },
  "mlp_train_time": 3.45064784004353
}