{
  "iter_idx": 21,
  "n0_value": 0,
  "mode": "sensors",
  "is_final_mlp": true,
  "orig_indices": [
    30,
    31,
    32,
    33,
    34,
    35,
    36,
    37,
    38,
    39,
    40,
    41,
    42,
    43,
    44,
    45,
    46,
    47,
    48,
    49,
    50,
    51,
    52,
    53,
    54,
    55,
    56,
    57,
    58,
    59
  ],
  "input_dim": 30,
  "hidden_sizes": [
    10,
    10
  ],
  "mlp_mode": "mlp_transfer",
  "mlp_metrics": {
    "train_mse": 880.9237670898438,
    "val_mse": 1211.4644775390625,
    "train_rmse": 29.680359955530253,
    "val_rmse": 34.80609828089128,
    "train_mae": 25.124170303344727,
    "val_mae": 29.897010803222656,
    "train_r2": -11.755475044250488,
    "val_r2": -15.099197387695312
  },
  "mlp_train_time": 3.4449319660197943
}