{
  "iter_idx": 28,
  "n0_value": 2,
  "mode": "windows",
  "baseline_mode": "capped",
  "baseline_slack": 0.0,
  "baseline_mae_clusters": 4.615134473853466,
  "baseline_mae_floor": 4.615134473853466,
  "summary_1": [
    {
      "Solver Status": "Normal",
      "Model Status": "OptimalGlobal",
      "Objective": 5.40217807175498,
      "Num of Equations": 4197,
      "Num of Variables": 3149,
      "Model Type": "MIP",
      "Solver": "GUROBI",
      "Solver Time": 0.287
    }
  ],
  "summary_2": [
    {
      "Solver Status": "Normal",
      "Model Status": "OptimalGlobal",
      "Objective": 4.61513447385346,
      "Num of Equations": 5998,
      "Num of Variables": 4059,
      "Model Type": "MIP",
      "Solver": "GUROBI",
      "Solver Time": 7.473
    }
  ],
  "selection_df": [
    {
      "w": "1",
      "level": 0.0,
      "marginal": -0.0,
      "lower": 0.0,
      "upper": 1.0,
      "scale": 1.0
    },
    {
      "w": "2",
      "level": 1.0,
      "marginal": -0.0,
      "lower": 0.0,
      "upper": 1.0,
      "scale": 1.0
    },
    {
      "w": "3",
      "level": 1.0,
      "marginal": -0.0,
      "lower": 0.0,
      "upper": 1.0,
      "scale": 1.0
    }
  ],
  "selected_original": [
    25,
    29
  ],
  "selection_vector": [
    0,
    0,
    0,
    0,
    0,
    0,
    0,
    0,
    0,
    0,
    0,
    0,
    0,
    0,
    0,
    0,
    0,
    0,
    0,
    0,
    0,
    0,
    0,
    0,
    0,
    1,
    0,
    0,
    0,
    1
  ],
  "importance_vector": [
    0.0,
    0.0,
    0.0,
    0.0,
    0.0,
    0.0,
    0.0,
    0.0,
    0.0,
    0.0,
    0.0,
    0.0,
    0.0,
    0.0,
    0.0,
    0.0,
    0.0,
    0.0,
    0.0,
    0.0,
    0.0,
    0.0,
    0.0,
    0.0,
    0.0,
    36.81380419804219,
    0.0,
    0.0,
    0.0,
    45.002240026927716
  ],
  "importance_vector_norm": [
    0.0,
    0.0,
    0.0,
    0.0,
    0.0,
    0.0,
    0.0,
    0.0,
    0.0,
    0.0,
    0.0,
    0.0,
    0.0,
    0.0,
    0.0,
    0.0,
    0.0,
    0.0,
    0.0,
    0.0,
    0.0,
    0.0,
    0.0,
    0.0,
    0.0,
    0.44995825142578544,
    0.0,
    0.0,
    0.0,
    0.5500417485742145
  ],
  "selected_sensors": [
    1,
    2,
    3,
    4,
    5,
    6,
    7,
    8,
    9,
    10,
    11,
    12,
    13,
    14,
    15
  ],
  "selected_windows": [
    26,
    30
  ],
  "X_train_shape_next": [
    100,
    15,
    2
  ],
  "X_val_shape_next": [
    100,
    15,
    2
  ],
  "M_curr": 15,
  "W_curr": 3,
  "input_dim": 45,
  "orig_indices": [
    11,
    25,
    29,
    41,
    55,
    59,
    71,
    85,
    89,
    101,
    115,
    119,
    131,
    145,
    149,
    161,
    175,
    179,
    191,
    205,
    209,
    221,
    235,
    239,
    251,
    265,
    269,
    281,
    295,
    299,
    311,
    325,
    329,
    341,
    355,
    359,
    371,
    385,
    389,
    401,
    415,
    419,
    431,
    445,
    449
  ],
  "surrogate_from_baseline": false,
  "hidden_sizes": [
    10,
    10
  ],
  "mlp_mode": "mlp_transfer",
  "mlp_metrics": {
    "train_mse": 15.509504318237305,
    "val_mse": 54.747833251953125,
    "train_rmse": 3.93821080165058,
    "val_rmse": 7.39917787676125,
    "train_mae": 3.02604603767395,
    "val_mae": 4.864669322967529,
    "train_r2": 0.7783077359199524,
    "val_r2": 0.27011746168136597
  },
  "mlp_train_time": 3.3771370330359787
}