{
  "iter_idx": 30,
  "n0_value": 0,
  "mode": "windows",
  "is_final_mlp": true,
  "orig_indices": [
    29,
    59,
    89,
    119,
    149,
    179,
    209,
    239,
    269,
    299,
    329,
    359,
    389,
    419,
    449
  ],
  "input_dim": 15,
  "hidden_sizes": [
    10,
    10
  ],
  "mlp_mode": "mlp_transfer",
  "mlp_metrics": {
    "train_mse": 21.52083969116211,
    "val_mse": 55.189537048339844,
    "train_rmse": 4.639055905155931,
    "val_rmse": 7.4289660820560925,
    "train_mae": 3.6491594314575195,
    "val_mae": 5.735741138458252,
    "train_r2": 0.6923819184303284,
    "val_r2": 0.26422882080078125
  },
  "mlp_train_time": 3.5492175039835274
}