{
  "iter_idx": 27,
  "n0_value": 3,
  "mode": "windows",
  "baseline_mode": "capped",
  "baseline_slack": 0.0,
  "baseline_mae_clusters": 4.615134473853466,
  "baseline_mae_floor": 4.615134473853466,
  "summary_1": [
    {
      "Solver Status": "Normal",
      "Model Status": "OptimalGlobal",
      "Objective": 5.46821966625033,
      "Num of Equations": 4212,
      "Num of Variables": 3165,
      "Model Type": "MIP",
      "Solver": "GUROBI",
      "Solver Time": 0.293
    }
  ],
  "summary_2": [
    {
      "Solver Status": "Normal",
      "Model Status": "OptimalGlobal",
      "Objective": 4.61513447385347,
      "Num of Equations": 6613,
      "Num of Variables": 4375,
      "Model Type": "MIP",
      "Solver": "GUROBI",
      "Solver Time": 8.147
    }
  ],
  "selection_df": [
    {
      "w": "1",
      "level": 1.0,
      "marginal": -0.0,
      "lower": 0.0,
      "upper": 1.0,
      "scale": 1.0
    },
    {
      "w": "2",
      "level": 0.0,
      "marginal": -0.0,
      "lower": 0.0,
      "upper": 1.0,
      "scale": 1.0
    },
    {
      "w": "3",
      "level": 1.0,
      "marginal": -0.0,
      "lower": 0.0,
      "upper": 1.0,
      "scale": 1.0
    },
    {
      "w": "4",
      "level": 1.0,
      "marginal": -0.0,
      "lower": 0.0,
      "upper": 1.0,
      "scale": 1.0
    }
  ],
  "selected_original": [
    11,
    25,
    29
  ],
  "selection_vector": [
    0,
    0,
    0,
    0,
    0,
    0,
    0,
    0,
    0,
    0,
    0,
    1,
    0,
    0,
    0,
    0,
    0,
    0,
    0,
    0,
    0,
    0,
    0,
    0,
    0,
    1,
    0,
    0,
    0,
    1
  ],
  "importance_vector": [
    0.0,
    0.0,
    0.0,
    0.0,
    0.0,
    0.0,
    0.0,
    0.0,
    0.0,
    0.0,
    0.0,
    30.157821087806617,
    0.0,
    0.0,
    0.0,
    0.0,
    0.0,
    0.0,
    0.0,
    0.0,
    0.0,
    0.0,
    0.0,
    0.0,
    0.0,
    41.299236837878766,
    0.0,
    0.0,
    0.0,
    47.43103311627243
  ],
  "importance_vector_norm": [
    0.0,
    0.0,
    0.0,
    0.0,
    0.0,
    0.0,
    0.0,
    0.0,
    0.0,
    0.0,
    0.0,
    0.2536656180067974,
    0.0,
    0.0,
    0.0,
    0.0,
    0.0,
    0.0,
    0.0,
    0.0,
    0.0,
    0.0,
    0.0,
    0.0,
    0.0,
    0.3473790896625929,
    0.0,
    0.0,
    0.0,
    0.39895529233060983
  ],
  "selected_sensors": [
    1,
    2,
    3,
    4,
    5,
    6,
    7,
    8,
    9,
    10,
    11,
    12,
    13,
    14,
    15
  ],
  "selected_windows": [
    12,
    26,
    30
  ],
  "X_train_shape_next": [
    100,
    15,
    3
  ],
  "X_val_shape_next": [
    100,
    15,
    3
  ],
  "M_curr": 15,
  "W_curr": 4,
  "input_dim": 60,
  "orig_indices": [
    11,
    24,
    25,
    29,
    41,
    54,
    55,
    59,
    71,
    84,
    85,
    89,
    101,
    114,
    115,
    119,
    131,
    144,
    145,
    149,
    161,
    174,
    175,
    179,
    191,
    204,
    205,
    209,
    221,
    234,
    235,
    239,
    251,
    264,
    265,
    269,
    281,
    294,
    295,
    299,
    311,
    324,
    325,
    329,
    341,
    354,
    355,
    359,
    371,
    384,
    385,
    389,
    401,
    414,
    415,
    419,
    431,
    444,
    445,
    449
  ],
  "surrogate_from_baseline": false,
  "hidden_sizes": [
    10,
    10
  ],
  "mlp_mode": "mlp_transfer",
  "mlp_metrics": {
    "train_mse": 13.065747261047363,
    "val_mse": 61.40576171875,
    "train_rmse": 3.614657281271264,
    "val_rmse": 7.836182853835789,
    "train_mae": 2.955251693725586,
    "val_mae": 5.391003608703613,
    "train_r2": 0.8132386803627014,
    "val_r2": 0.18135583400726318
  },
  "mlp_train_time": 3.5491024379152805
}