{
  "iter_idx": 15,
  "n0_value": 0,
  "mode": "sensors",
  "is_final_mlp": true,
  "orig_indices": [
    240,
    241,
    242,
    243,
    244,
    245,
    246,
    247,
    248,
    249,
    250,
    251,
    252,
    253,
    254,
    255,
    256,
    257,
    258,
    259,
    260,
    261,
    262,
    263,
    264,
    265,
    266,
    267,
    268,
    269
  ],
  "input_dim": 30,
  "hidden_sizes": [
    10,
    10
  ],
  "mlp_mode": "mlp_transfer",
  "mlp_metrics": {
    "train_mse": 130.44313049316406,
    "val_mse": 165.5321044921875,
    "train_rmse": 11.421170276865855,
    "val_rmse": 12.865928046285177,
    "train_mae": 9.617706298828125,
    "val_mae": 11.640007019042969,
    "train_r2": -0.8645493984222412,
    "val_r2": -1.2870373725891113
  },
  "mlp_train_time": 3.5632261419668794
}