{
  "iter_idx": 16,
  "n0_value": 0,
  "mode": "sensors",
  "is_final_mlp": true,
  "orig_indices": [
    60,
    61,
    62,
    63,
    64,
    65,
    66,
    67,
    68,
    69,
    70,
    71,
    72,
    73,
    74,
    75,
    76,
    77,
    78,
    79,
    80,
    81,
    82,
    83,
    84,
    85,
    86,
    87,
    88,
    89
  ],
  "input_dim": 30,
  "hidden_sizes": [
    10,
    10
  ],
  "mlp_mode": "mlp_transfer",
  "mlp_metrics": {
    "train_mse": 415.9641418457031,
    "val_mse": 401.4371337890625,
    "train_rmse": 20.395198990098212,
    "val_rmse": 20.035896131420287,
    "train_mae": 19.050983428955078,
    "val_mae": 18.64947509765625,
    "train_r2": -4.945775985717773,
    "val_r2": -4.5463666915893555
  },
  "mlp_train_time": 3.5244696480222046
}