{
  "iter_idx": 21,
  "n0_value": 0,
  "mode": "sensors",
  "is_final_mlp": true,
  "orig_indices": [
    30,
    31,
    32,
    33,
    34,
    35,
    36,
    37,
    38,
    39,
    40,
    41,
    42,
    43,
    44,
    45,
    46,
    47,
    48,
    49,
    50,
    51,
    52,
    53,
    54,
    55,
    56,
    57,
    58,
    59
  ],
  "input_dim": 30,
  "hidden_sizes": [
    10
  ],
  "mlp_mode": "mlp_transfer",
  "mlp_metrics": {
    "train_mse": 1506.1036376953125,
    "val_mse": 1370.1942138671875,
    "train_rmse": 38.80855108987338,
    "val_rmse": 37.01613450736297,
    "train_mae": 33.60517883300781,
    "val_mae": 32.206825256347656,
    "train_r2": -21.29692268371582,
    "val_r2": -17.295333862304688
  },
  "mlp_train_time": 3.400715896161273
}