{
  "iter_idx": 30,
  "n0_value": 0,
  "mode": "windows",
  "is_final_mlp": true,
  "orig_indices": [
    1,
    31,
    61,
    91,
    121,
    151,
    181,
    211,
    241,
    271,
    301,
    331,
    361,
    391,
    421,
    451,
    481,
    511,
    541,
    571,
    601
  ],
  "input_dim": 21,
  "hidden_sizes": [
    10,
    10
  ],
  "mlp_mode": "mlp_transfer",
  "mlp_metrics": {
    "train_mse": 107.11139678955078,
    "val_mse": 130.85092163085938,
    "train_rmse": 10.349463599121975,
    "val_rmse": 11.439008769594478,
    "train_mae": 8.468884468078613,
    "val_mae": 9.459710121154785,
    "train_r2": -0.38247668743133545,
    "val_r2": -0.6997687816619873
  },
  "mlp_train_time": 3.490345526020974
}