{
  "iter_idx": 21,
  "n0_value": 0,
  "mode": "sensors",
  "is_final_mlp": true,
  "orig_indices": [
    30,
    31,
    32,
    33,
    34,
    35,
    36,
    37,
    38,
    39,
    40,
    41,
    42,
    43,
    44,
    45,
    46,
    47,
    48,
    49,
    50,
    51,
    52,
    53,
    54,
    55,
    56,
    57,
    58,
    59
  ],
  "input_dim": 30,
  "hidden_sizes": [
    10,
    10
  ],
  "mlp_mode": "mlp_transfer",
  "mlp_metrics": {
    "train_mse": 3239.332763671875,
    "val_mse": 3320.251220703125,
    "train_rmse": 56.91513650753967,
    "val_rmse": 57.621621121790085,
    "train_mae": 52.206851959228516,
    "val_mae": 53.073665618896484,
    "train_r2": -46.956298828125,
    "val_r2": -43.33320999145508
  },
  "mlp_train_time": 3.45658191293478
}