{
  "iter_idx": 21,
  "n0_value": 0,
  "mode": "sensors",
  "is_final_mlp": true,
  "orig_indices": [
    270,
    271,
    272,
    273,
    274,
    275,
    276,
    277,
    278,
    279,
    280,
    281,
    282,
    283,
    284,
    285,
    286,
    287,
    288,
    289,
    290,
    291,
    292,
    293,
    294,
    295,
    296,
    297,
    298,
    299
  ],
  "input_dim": 30,
  "hidden_sizes": [
    10,
    10,
    10
  ],
  "mlp_mode": "mlp_transfer",
  "mlp_metrics": {
    "train_mse": 11082.603515625,
    "val_mse": 12485.78125,
    "train_rmse": 105.27394509385977,
    "val_rmse": 111.7397925986978,
    "train_mae": 75.3604965209961,
    "val_mae": 80.06953430175781,
    "train_r2": -163.07102966308594,
    "val_r2": -165.7147216796875
  },
  "mlp_train_time": 3.4849813310429454
}