{
  "iter_idx": 30,
  "n0_value": 0,
  "mode": "windows",
  "is_final_mlp": true,
  "orig_indices": [
    1,
    31,
    61,
    91,
    121,
    151,
    181,
    211,
    241,
    271,
    301,
    331,
    361,
    391,
    421,
    451,
    481,
    511,
    541,
    571,
    601
  ],
  "input_dim": 21,
  "hidden_sizes": [
    10,
    10,
    10
  ],
  "mlp_mode": "mlp_transfer",
  "mlp_metrics": {
    "train_mse": 395.99932861328125,
    "val_mse": 459.1789855957031,
    "train_rmse": 19.899731872899224,
    "val_rmse": 21.42846204457294,
    "train_mae": 17.735034942626953,
    "val_mae": 19.198976516723633,
    "train_r2": -4.882946491241455,
    "val_r2": -5.113753795623779
  },
  "mlp_train_time": 3.608020398998633
}