{
  "iter_idx": 30,
  "n0_value": 0,
  "mode": "windows",
  "is_final_mlp": true,
  "orig_indices": [
    1,
    31,
    61,
    91,
    121,
    151,
    181,
    211,
    241,
    271,
    301,
    331,
    361,
    391,
    421,
    451,
    481,
    511,
    541,
    571,
    601
  ],
  "input_dim": 21,
  "hidden_sizes": [
    10
  ],
  "mlp_mode": "mlp_transfer",
  "mlp_metrics": {
    "train_mse": 369.0987243652344,
    "val_mse": 360.1070556640625,
    "train_rmse": 19.21194223302877,
    "val_rmse": 18.97648691576137,
    "train_mae": 16.365230560302734,
    "val_mae": 16.71923828125,
    "train_r2": -3.4683122634887695,
    "val_r2": -3.7097697257995605
  },
  "mlp_train_time": 3.41952531109564
}