{
  "iter_idx": 30,
  "n0_value": 0,
  "mode": "windows",
  "is_final_mlp": true,
  "orig_indices": [
    28,
    58,
    88,
    118,
    148,
    178,
    208,
    238,
    268,
    298,
    328,
    358,
    388,
    418,
    448
  ],
  "input_dim": 15,
  "hidden_sizes": [
    10
  ],
  "mlp_mode": "mlp_transfer",
  "mlp_metrics": {
    "train_mse": 37.1149787902832,
    "val_mse": 39.809783935546875,
    "train_rmse": 6.0922063975445875,
    "val_rmse": 6.309499499607467,
    "train_mae": 4.644269943237305,
    "val_mae": 5.3864288330078125,
    "train_r2": 0.4678177237510681,
    "val_r2": 0.4179481267929077
  },
  "mlp_train_time": 3.396246811840683
}