{
  "iter_idx": 27,
  "n0_value": 3,
  "mode": "windows",
  "baseline_mode": "capped",
  "baseline_slack": 0.0,
  "baseline_mae_clusters": 9.939197307111078,
  "baseline_mae_floor": 9.939197307111078,
  "summary_1": [
    {
      "Solver Status": "Normal",
      "Model Status": "OptimalGlobal",
      "Objective": 4.53603268801545,
      "Num of Equations": 2212,
      "Num of Variables": 1665,
      "Model Type": "MIP",
      "Solver": "GUROBI",
      "Solver Time": 0.045
    }
  ],
  "summary_2": [
    {
      "Solver Status": "Normal",
      "Model Status": "OptimalGlobal",
      "Objective": 9.93919730711108,
      "Num of Equations": 4613,
      "Num of Variables": 2875,
      "Model Type": "MIP",
      "Solver": "GUROBI",
      "Solver Time": 0.419
    }
  ],
  "selection_df": [
    {
      "w": "1",
      "level": 1.0,
      "marginal": -0.0,
      "lower": 0.0,
      "upper": 1.0,
      "scale": 1.0
    },
    {
      "w": "2",
      "level": 0.0,
      "marginal": -0.0,
      "lower": 0.0,
      "upper": 1.0,
      "scale": 1.0
    },
    {
      "w": "3",
      "level": 1.0,
      "marginal": -0.0,
      "lower": 0.0,
      "upper": 1.0,
      "scale": 1.0
    },
    {
      "w": "4",
      "level": 1.0,
      "marginal": -0.0,
      "lower": 0.0,
      "upper": 1.0,
      "scale": 1.0
    }
  ],
  "selected_original": [
    1,
    26,
    28
  ],
  "selection_vector": [
    0,
    1,
    0,
    0,
    0,
    0,
    0,
    0,
    0,
    0,
    0,
    0,
    0,
    0,
    0,
    0,
    0,
    0,
    0,
    0,
    0,
    0,
    0,
    0,
    0,
    0,
    1,
    0,
    1,
    0
  ],
  "importance_vector": [
    0.0,
    64.49503277846398,
    0.0,
    0.0,
    0.0,
    0.0,
    0.0,
    0.0,
    0.0,
    0.0,
    0.0,
    0.0,
    0.0,
    0.0,
    0.0,
    0.0,
    0.0,
    0.0,
    0.0,
    0.0,
    0.0,
    0.0,
    0.0,
    0.0,
    0.0,
    0.0,
    64.91938562808747,
    0.0,
    68.9089385201069,
    0.0
  ],
  "importance_vector_norm": [
    0.0,
    0.3252013972429621,
    0.0,
    0.0,
    0.0,
    0.0,
    0.0,
    0.0,
    0.0,
    0.0,
    0.0,
    0.0,
    0.0,
    0.0,
    0.0,
    0.0,
    0.0,
    0.0,
    0.0,
    0.0,
    0.0,
    0.0,
    0.0,
    0.0,
    0.0,
    0.0,
    0.3273410990723357,
    0.0,
    0.34745750368470224,
    0.0
  ],
  "selected_sensors": [
    1,
    2,
    3,
    4,
    5,
    6,
    7,
    8,
    9,
    10,
    11,
    12,
    13,
    14,
    15
  ],
  "selected_windows": [
    2,
    27,
    29
  ],
  "X_train_shape_next": [
    100,
    15,
    3
  ],
  "X_val_shape_next": [
    100,
    15,
    3
  ],
  "M_curr": 15,
  "W_curr": 4,
  "input_dim": 60,
  "orig_indices": [
    1,
    24,
    26,
    28,
    31,
    54,
    56,
    58,
    61,
    84,
    86,
    88,
    91,
    114,
    116,
    118,
    121,
    144,
    146,
    148,
    151,
    174,
    176,
    178,
    181,
    204,
    206,
    208,
    211,
    234,
    236,
    238,
    241,
    264,
    266,
    268,
    271,
    294,
    296,
    298,
    301,
    324,
    326,
    328,
    331,
    354,
    356,
    358,
    361,
    384,
    386,
    388,
    391,
    414,
    416,
    418,
    421,
    444,
    446,
    448
  ],
  "surrogate_from_baseline": false,
  "hidden_sizes": [
    10
  ],
  "mlp_mode": "mlp_transfer",
  "mlp_metrics": {
    "train_mse": 26.005847930908203,
    "val_mse": 49.9627685546875,
    "train_rmse": 5.099592918156135,
    "val_rmse": 7.068434660848716,
    "train_mae": 4.032229423522949,
    "val_mae": 5.540581226348877,
    "train_r2": 0.6271087527275085,
    "val_r2": 0.269503116607666
  },
  "mlp_train_time": 3.5407847419846803
}