{
  "iter_idx": 28,
  "n0_value": 2,
  "mode": "windows",
  "baseline_mode": "capped",
  "baseline_slack": 0.0,
  "baseline_mae_clusters": 9.939197307111078,
  "baseline_mae_floor": 9.939197307111078,
  "summary_1": [
    {
      "Solver Status": "Normal",
      "Model Status": "OptimalGlobal",
      "Objective": 6.5890915019626,
      "Num of Equations": 2197,
      "Num of Variables": 1649,
      "Model Type": "MIP",
      "Solver": "GUROBI",
      "Solver Time": 0.044
    }
  ],
  "summary_2": [
    {
      "Solver Status": "Normal",
      "Model Status": "OptimalGlobal",
      "Objective": 9.93919730711108,
      "Num of Equations": 3998,
      "Num of Variables": 2559,
      "Model Type": "MIP",
      "Solver": "GUROBI",
      "Solver Time": 0.265
    }
  ],
  "selection_df": [
    {
      "w": "1",
      "level": 1.0,
      "marginal": -0.0,
      "lower": 0.0,
      "upper": 1.0,
      "scale": 1.0
    },
    {
      "w": "2",
      "level": 0.0,
      "marginal": -0.0,
      "lower": 0.0,
      "upper": 1.0,
      "scale": 1.0
    },
    {
      "w": "3",
      "level": 1.0,
      "marginal": -0.0,
      "lower": 0.0,
      "upper": 1.0,
      "scale": 1.0
    }
  ],
  "selected_original": [
    1,
    28
  ],
  "selection_vector": [
    0,
    1,
    0,
    0,
    0,
    0,
    0,
    0,
    0,
    0,
    0,
    0,
    0,
    0,
    0,
    0,
    0,
    0,
    0,
    0,
    0,
    0,
    0,
    0,
    0,
    0,
    0,
    0,
    1,
    0
  ],
  "importance_vector": [
    0.0,
    61.42562548076337,
    0.0,
    0.0,
    0.0,
    0.0,
    0.0,
    0.0,
    0.0,
    0.0,
    0.0,
    0.0,
    0.0,
    0.0,
    0.0,
    0.0,
    0.0,
    0.0,
    0.0,
    0.0,
    0.0,
    0.0,
    0.0,
    0.0,
    0.0,
    0.0,
    0.0,
    0.0,
    67.22361919982477,
    0.0
  ],
  "importance_vector_norm": [
    0.0,
    0.47746588511476795,
    0.0,
    0.0,
    0.0,
    0.0,
    0.0,
    0.0,
    0.0,
    0.0,
    0.0,
    0.0,
    0.0,
    0.0,
    0.0,
    0.0,
    0.0,
    0.0,
    0.0,
    0.0,
    0.0,
    0.0,
    0.0,
    0.0,
    0.0,
    0.0,
    0.0,
    0.0,
    0.522534114885232,
    0.0
  ],
  "selected_sensors": [
    1,
    2,
    3,
    4,
    5,
    6,
    7,
    8,
    9,
    10,
    11,
    12,
    13,
    14,
    15
  ],
  "selected_windows": [
    2,
    29
  ],
  "X_train_shape_next": [
    100,
    15,
    2
  ],
  "X_val_shape_next": [
    100,
    15,
    2
  ],
  "M_curr": 15,
  "W_curr": 3,
  "input_dim": 45,
  "orig_indices": [
    1,
    26,
    28,
    31,
    56,
    58,
    61,
    86,
    88,
    91,
    116,
    118,
    121,
    146,
    148,
    151,
    176,
    178,
    181,
    206,
    208,
    211,
    236,
    238,
    241,
    266,
    268,
    271,
    296,
    298,
    301,
    326,
    328,
    331,
    356,
    358,
    361,
    386,
    388,
    391,
    416,
    418,
    421,
    446,
    448
  ],
  "surrogate_from_baseline": false,
  "hidden_sizes": [
    10
  ],
  "mlp_mode": "mlp_transfer",
  "mlp_metrics": {
    "train_mse": 28.106767654418945,
    "val_mse": 49.854522705078125,
    "train_rmse": 5.301581618198379,
    "val_rmse": 7.060773520307682,
    "train_mae": 4.131481170654297,
    "val_mae": 5.505823135375977,
    "train_r2": 0.5969841480255127,
    "val_r2": 0.27108579874038696
  },
  "mlp_train_time": 3.422619487857446
}