{
  "iter_idx": 15,
  "n0_value": 1,
  "mode": "sensors",
  "baseline_mode": "capped",
  "baseline_slack": 0.0,
  "baseline_mae_clusters": 5.892925500329553,
  "baseline_mae_floor": 5.892925500329553,
  "summary_1": [
    {
      "Solver Status": "Normal",
      "Model Status": "OptimalGlobal",
      "Objective": 8.28106070598947,
      "Num of Equations": 2212,
      "Num of Variables": 1663,
      "Model Type": "MIP",
      "Solver": "GUROBI",
      "Solver Time": 0.03
    }
  ],
  "summary_2": [
    {
      "Solver Status": "Normal",
      "Model Status": "OptimalGlobal",
      "Objective": 5.89292550032955,
      "Num of Equations": 4613,
      "Num of Variables": 2873,
      "Model Type": "MIP",
      "Solver": "GUROBI",
      "Solver Time": 1.415
    }
  ],
  "selection_df": [
    {
      "s": "1",
      "level": 1.0,
      "marginal": -0.0,
      "lower": 0.0,
      "upper": 1.0,
      "scale": 1.0
    },
    {
      "s": "2",
      "level": 0.0,
      "marginal": -0.0,
      "lower": 0.0,
      "upper": 1.0,
      "scale": 1.0
    }
  ],
  "selected_original": [
    8
  ],
  "selection_vector": [
    0,
    0,
    0,
    0,
    0,
    0,
    0,
    0,
    1,
    0,
    0,
    0,
    0,
    0,
    0,
    0
  ],
  "importance_vector": [
    0.0,
    0.0,
    0.0,
    0.0,
    0.0,
    0.0,
    0.0,
    0.0,
    186.28692170359457,
    0.0,
    0.0,
    0.0,
    0.0,
    0.0,
    0.0,
    0.0
  ],
  "importance_vector_norm": [
    0.0,
    0.0,
    0.0,
    0.0,
    0.0,
    0.0,
    0.0,
    0.0,
    1.0,
    0.0,
    0.0,
    0.0,
    0.0,
    0.0,
    0.0,
    0.0
  ],
  "selected_sensors": [
    9
  ],
  "selected_windows": [
    1,
    2,
    3,
    4,
    5,
    6,
    7,
    8,
    9,
    10,
    11,
    12,
    13,
    14,
    15,
    16,
    17,
    18,
    19,
    20,
    21,
    22,
    23,
    24,
    25,
    26,
    27,
    28,
    29,
    30
  ],
  "X_train_shape_next": [
    100,
    1,
    30
  ],
  "X_val_shape_next": [
    100,
    1,
    30
  ],
  "M_curr": 2,
  "W_curr": 30,
  "input_dim": 60,
  "orig_indices": [
    240,
    241,
    242,
    243,
    244,
    245,
    246,
    247,
    248,
    249,
    250,
    251,
    252,
    253,
    254,
    255,
    256,
    257,
    258,
    259,
    260,
    261,
    262,
    263,
    264,
    265,
    266,
    267,
    268,
    269,
    270,
    271,
    272,
    273,
    274,
    275,
    276,
    277,
    278,
    279,
    280,
    281,
    282,
    283,
    284,
    285,
    286,
    287,
    288,
    289,
    290,
    291,
    292,
    293,
    294,
    295,
    296,
    297,
    298,
    299
  ],
  "surrogate_from_baseline": false,
  "hidden_sizes": [
    10
  ],
  "mlp_mode": "mlp_transfer",
  "mlp_metrics": {
    "train_mse": 224.9985809326172,
    "val_mse": 234.91009521484375,
    "train_rmse": 14.999952697679323,
    "val_rmse": 15.32677706547739,
    "train_mae": 12.488628387451172,
    "val_mae": 12.784111022949219,
    "train_r2": -2.2261974811553955,
    "val_r2": -2.322016954421997
  },
  "mlp_train_time": 3.446431396063417
}