{
  "iter_idx": 16,
  "n0_value": 0,
  "mode": "sensors",
  "is_final_mlp": true,
  "orig_indices": [
    240,
    241,
    242,
    243,
    244,
    245,
    246,
    247,
    248,
    249,
    250,
    251,
    252,
    253,
    254,
    255,
    256,
    257,
    258,
    259,
    260,
    261,
    262,
    263,
    264,
    265,
    266,
    267,
    268,
    269
  ],
  "input_dim": 30,
  "hidden_sizes": [
    10
  ],
  "mlp_mode": "mlp_transfer",
  "mlp_metrics": {
    "train_mse": 224.9985809326172,
    "val_mse": 230.4029083251953,
    "train_rmse": 14.999952697679323,
    "val_rmse": 15.17902856987875,
    "train_mae": 12.488628387451172,
    "val_mae": 12.699993133544922,
    "train_r2": -2.2261974811553955,
    "val_r2": -2.2582778930664062
  },
  "mlp_train_time": 3.487612591823563
}