{
  "iter_idx": 21,
  "n0_value": 0,
  "mode": "sensors",
  "is_final_mlp": true,
  "orig_indices": [
    30,
    31,
    32,
    33,
    34,
    35,
    36,
    37,
    38,
    39,
    40,
    41,
    42,
    43,
    44,
    45,
    46,
    47,
    48,
    49,
    50,
    51,
    52,
    53,
    54,
    55,
    56,
    57,
    58,
    59
  ],
  "input_dim": 30,
  "hidden_sizes": [
    10,
    10
  ],
  "mlp_mode": "mlp_transfer",
  "mlp_metrics": {
    "train_mse": 2942.69384765625,
    "val_mse": 3677.484130859375,
    "train_rmse": 54.246602176138644,
    "val_rmse": 60.64226356971988,
    "train_mae": 49.405784606933594,
    "val_mae": 55.58195877075195,
    "train_r2": -42.49854278564453,
    "val_r2": -46.00164794921875
  },
  "mlp_train_time": 3.9650155738927424
}