{
  "iter_idx": 19,
  "n0_value": 2,
  "mode": "sensors",
  "baseline_mode": "capped",
  "baseline_slack": 0.0,
  "baseline_mae_clusters": 11.585423279729786,
  "baseline_mae_floor": 11.585423279729786,
  "summary_1": [
    {
      "Solver Status": "Normal",
      "Model Status": "OptimalGlobal",
      "Objective": 26.0715033119625,
      "Num of Equations": 4242,
      "Num of Variables": 3194,
      "Model Type": "MIP",
      "Solver": "GUROBI",
      "Solver Time": 0.146
    }
  ],
  "summary_2": [
    {
      "Solver Status": "Normal",
      "Model Status": "OptimalGlobal",
      "Objective": 11.5854232797298,
      "Num of Equations": 7843,
      "Num of Variables": 5004,
      "Model Type": "MIP",
      "Solver": "GUROBI",
      "Solver Time": 0.415
    }
  ],
  "selection_df": [
    {
      "s": "1",
      "level": 1.0,
      "marginal": -0.0,
      "lower": 0.0,
      "upper": 1.0,
      "scale": 1.0
    },
    {
      "s": "2",
      "level": 1.0,
      "marginal": -0.0,
      "lower": 0.0,
      "upper": 1.0,
      "scale": 1.0
    },
    {
      "s": "3",
      "level": 0.0,
      "marginal": -0.0,
      "lower": 0.0,
      "upper": 1.0,
      "scale": 1.0
    }
  ],
  "selected_original": [
    0,
    1
  ],
  "selection_vector": [
    1,
    1,
    0,
    0,
    0,
    0,
    0,
    0,
    0,
    0,
    0,
    0,
    0,
    0,
    0,
    0,
    0,
    0,
    0,
    0,
    0
  ],
  "importance_vector": [
    101.60222743102604,
    88.18897305378219,
    0.0,
    0.0,
    0.0,
    0.0,
    0.0,
    0.0,
    0.0,
    0.0,
    0.0,
    0.0,
    0.0,
    0.0,
    0.0,
    0.0,
    0.0,
    0.0,
    0.0,
    0.0,
    0.0
  ],
  "importance_vector_norm": [
    0.5353368711061962,
    0.46466312889380373,
    0.0,
    0.0,
    0.0,
    0.0,
    0.0,
    0.0,
    0.0,
    0.0,
    0.0,
    0.0,
    0.0,
    0.0,
    0.0,
    0.0,
    0.0,
    0.0,
    0.0,
    0.0,
    0.0
  ],
  "selected_sensors": [
    1,
    2
  ],
  "selected_windows": [
    1,
    2,
    3,
    4,
    5,
    6,
    7,
    8,
    9,
    10,
    11,
    12,
    13,
    14,
    15,
    16,
    17,
    18,
    19,
    20,
    21,
    22,
    23,
    24,
    25,
    26,
    27,
    28,
    29,
    30
  ],
  "X_train_shape_next": [
    100,
    2,
    30
  ],
  "X_val_shape_next": [
    100,
    2,
    30
  ],
  "M_curr": 3,
  "W_curr": 30,
  "input_dim": 90,
  "orig_indices": [
    0,
    1,
    2,
    3,
    4,
    5,
    6,
    7,
    8,
    9,
    10,
    11,
    12,
    13,
    14,
    15,
    16,
    17,
    18,
    19,
    20,
    21,
    22,
    23,
    24,
    25,
    26,
    27,
    28,
    29,
    30,
    31,
    32,
    33,
    34,
    35,
    36,
    37,
    38,
    39,
    40,
    41,
    42,
    43,
    44,
    45,
    46,
    47,
    48,
    49,
    50,
    51,
    52,
    53,
    54,
    55,
    56,
    57,
    58,
    59,
    60,
    61,
    62,
    63,
    64,
    65,
    66,
    67,
    68,
    69,
    70,
    71,
    72,
    73,
    74,
    75,
    76,
    77,
    78,
    79,
    80,
    81,
    82,
    83,
    84,
    85,
    86,
    87,
    88,
    89
  ],
  "surrogate_from_baseline": false,
  "hidden_sizes": [
    10,
    10
  ],
  "mlp_mode": "mlp_transfer",
  "mlp_metrics": {
    "train_mse": 939.1690063476562,
    "val_mse": 2436.265869140625,
    "train_rmse": 30.645864424872343,
    "val_rmse": 49.35854403384104,
    "train_mae": 22.813871383666992,
    "val_mae": 39.74928283691406,
    "train_r2": -12.882681846618652,
    "val_r2": -30.13772964477539
  },
  "mlp_train_time": 3.4352041378151625
}