{
  "iter_idx": 15,
  "n0_value": 0,
  "mode": "sensors",
  "is_final_mlp": true,
  "orig_indices": [
    330,
    331,
    332,
    333,
    334,
    335,
    336,
    337,
    338,
    339,
    340,
    341,
    342,
    343,
    344,
    345,
    346,
    347,
    348,
    349,
    350,
    351,
    352,
    353,
    354,
    355,
    356,
    357,
    358,
    359
  ],
  "input_dim": 30,
  "hidden_sizes": [
    10,
    10
  ],
  "mlp_mode": "mlp_transfer",
  "mlp_metrics": {
    "train_mse": 34.70146179199219,
    "val_mse": 53.50927734375,
    "train_rmse": 5.890794665577149,
    "val_rmse": 7.315003577835762,
    "train_mae": 4.856649875640869,
    "val_mae": 5.9915971755981445,
    "train_r2": 0.5024245381355286,
    "val_r2": 0.24329042434692383
  },
  "mlp_train_time": 3.4906401929911226
}