{
  "iter_idx": 27,
  "n0_value": 3,
  "mode": "windows",
  "baseline_mode": "capped",
  "baseline_slack": 0.0,
  "baseline_mae_clusters": 5.014086087283376,
  "baseline_mae_floor": 5.014086087283376,
  "summary_1": [
    {
      "Solver Status": "Normal",
      "Model Status": "OptimalGlobal",
      "Objective": 6.11239315263862,
      "Num of Equations": 6216,
      "Num of Variables": 4669,
      "Model Type": "MIP",
      "Solver": "GUROBI",
      "Solver Time": 0.916
    }
  ],
  "summary_2": [
    {
      "Solver Status": "Normal",
      "Model Status": "OptimalGlobal",
      "Objective": 5.01408608728338,
      "Num of Equations": 8777,
      "Num of Variables": 5959,
      "Model Type": "MIP",
      "Solver": "GUROBI",
      "Solver Time": 26.946
    }
  ],
  "selection_df": [
    {
      "w": "1",
      "level": 1.0,
      "marginal": -0.0,
      "lower": 0.0,
      "upper": 1.0,
      "scale": 1.0
    },
    {
      "w": "2",
      "level": 0.0,
      "marginal": -0.0,
      "lower": 0.0,
      "upper": 1.0,
      "scale": 1.0
    },
    {
      "w": "3",
      "level": 1.0,
      "marginal": -0.0,
      "lower": 0.0,
      "upper": 1.0,
      "scale": 1.0
    },
    {
      "w": "4",
      "level": 1.0,
      "marginal": -0.0,
      "lower": 0.0,
      "upper": 1.0,
      "scale": 1.0
    }
  ],
  "selected_original": [
    1,
    23,
    24
  ],
  "selection_vector": [
    0,
    1,
    0,
    0,
    0,
    0,
    0,
    0,
    0,
    0,
    0,
    0,
    0,
    0,
    0,
    0,
    0,
    0,
    0,
    0,
    0,
    0,
    0,
    1,
    1,
    0,
    0,
    0,
    0,
    0
  ],
  "importance_vector": [
    0.0,
    50.9837907977656,
    0.0,
    0.0,
    0.0,
    0.0,
    0.0,
    0.0,
    0.0,
    0.0,
    0.0,
    0.0,
    0.0,
    0.0,
    0.0,
    0.0,
    0.0,
    0.0,
    0.0,
    0.0,
    0.0,
    0.0,
    0.0,
    44.50344525238653,
    37.388776995426134,
    0.0,
    0.0,
    0.0,
    0.0,
    0.0
  ],
  "importance_vector_norm": [
    0.0,
    0.383694465458393,
    0.0,
    0.0,
    0.0,
    0.0,
    0.0,
    0.0,
    0.0,
    0.0,
    0.0,
    0.0,
    0.0,
    0.0,
    0.0,
    0.0,
    0.0,
    0.0,
    0.0,
    0.0,
    0.0,
    0.0,
    0.0,
    0.3349245979943818,
    0.2813809365472253,
    0.0,
    0.0,
    0.0,
    0.0,
    0.0
  ],
  "selected_sensors": [
    1,
    2,
    3,
    4,
    5,
    6,
    7,
    8,
    9,
    10,
    11,
    12,
    13,
    14,
    15,
    16
  ],
  "selected_windows": [
    2,
    24,
    25
  ],
  "X_train_shape_next": [
    100,
    16,
    3
  ],
  "X_val_shape_next": [
    100,
    16,
    3
  ],
  "M_curr": 16,
  "W_curr": 4,
  "input_dim": 64,
  "orig_indices": [
    1,
    9,
    23,
    24,
    31,
    39,
    53,
    54,
    61,
    69,
    83,
    84,
    91,
    99,
    113,
    114,
    121,
    129,
    143,
    144,
    151,
    159,
    173,
    174,
    181,
    189,
    203,
    204,
    211,
    219,
    233,
    234,
    241,
    249,
    263,
    264,
    271,
    279,
    293,
    294,
    301,
    309,
    323,
    324,
    331,
    339,
    353,
    354,
    361,
    369,
    383,
    384,
    391,
    399,
    413,
    414,
    421,
    429,
    443,
    444,
    451,
    459,
    473,
    474
  ],
  "surrogate_from_baseline": false,
  "hidden_sizes": [
    10,
    10,
    10
  ],
  "mlp_mode": "mlp_transfer",
  "mlp_metrics": {
    "train_mse": 36.34357452392578,
    "val_mse": 47.513492584228516,
    "train_rmse": 6.028563222188665,
    "val_rmse": 6.893003161484007,
    "train_mae": 4.923135757446289,
    "val_mae": 5.7964911460876465,
    "train_r2": 0.4788786768913269,
    "val_r2": 0.3053135871887207
  },
  "mlp_train_time": 3.5916479870211333
}