{
  "iter_idx": 28,
  "n0_value": 2,
  "mode": "windows",
  "baseline_mode": "capped",
  "baseline_slack": 0.0,
  "baseline_mae_clusters": 5.014086087283376,
  "baseline_mae_floor": 5.014086087283376,
  "summary_1": [
    {
      "Solver Status": "Normal",
      "Model Status": "OptimalGlobal",
      "Objective": 6.46034899373623,
      "Num of Equations": 6200,
      "Num of Variables": 4652,
      "Model Type": "MIP",
      "Solver": "GUROBI",
      "Solver Time": 0.577
    }
  ],
  "summary_2": [
    {
      "Solver Status": "Resource",
      "Model Status": "Feasible",
      "Objective": 5.01408608728337,
      "Num of Equations": 8121,
      "Num of Variables": 5622,
      "Model Type": "MIP",
      "Solver": "GUROBI",
      "Solver Time": 60.139
    }
  ],
  "selection_df": [
    {
      "w": "1",
      "level": 0.0,
      "marginal": -0.0,
      "lower": 0.0,
      "upper": 1.0,
      "scale": 1.0
    },
    {
      "w": "2",
      "level": 1.0,
      "marginal": -0.0,
      "lower": 0.0,
      "upper": 1.0,
      "scale": 1.0
    },
    {
      "w": "3",
      "level": 1.0,
      "marginal": -0.0,
      "lower": 0.0,
      "upper": 1.0,
      "scale": 1.0
    }
  ],
  "selected_original": [
    23,
    24
  ],
  "selection_vector": [
    0,
    0,
    0,
    0,
    0,
    0,
    0,
    0,
    0,
    0,
    0,
    0,
    0,
    0,
    0,
    0,
    0,
    0,
    0,
    0,
    0,
    0,
    0,
    1,
    1,
    0,
    0,
    0,
    0,
    0
  ],
  "importance_vector": [
    0.0,
    0.0,
    0.0,
    0.0,
    0.0,
    0.0,
    0.0,
    0.0,
    0.0,
    0.0,
    0.0,
    0.0,
    0.0,
    0.0,
    0.0,
    0.0,
    0.0,
    0.0,
    0.0,
    0.0,
    0.0,
    0.0,
    0.0,
    44.37173792738238,
    42.71830879249308,
    0.0,
    0.0,
    0.0,
    0.0,
    0.0
  ],
  "importance_vector_norm": [
    0.0,
    0.0,
    0.0,
    0.0,
    0.0,
    0.0,
    0.0,
    0.0,
    0.0,
    0.0,
    0.0,
    0.0,
    0.0,
    0.0,
    0.0,
    0.0,
    0.0,
    0.0,
    0.0,
    0.0,
    0.0,
    0.0,
    0.0,
    0.5094926412211463,
    0.4905073587788537,
    0.0,
    0.0,
    0.0,
    0.0,
    0.0
  ],
  "selected_sensors": [
    1,
    2,
    3,
    4,
    5,
    6,
    7,
    8,
    9,
    10,
    11,
    12,
    13,
    14,
    15,
    16
  ],
  "selected_windows": [
    24,
    25
  ],
  "X_train_shape_next": [
    100,
    16,
    2
  ],
  "X_val_shape_next": [
    100,
    16,
    2
  ],
  "M_curr": 16,
  "W_curr": 3,
  "input_dim": 48,
  "orig_indices": [
    1,
    23,
    24,
    31,
    53,
    54,
    61,
    83,
    84,
    91,
    113,
    114,
    121,
    143,
    144,
    151,
    173,
    174,
    181,
    203,
    204,
    211,
    233,
    234,
    241,
    263,
    264,
    271,
    293,
    294,
    301,
    323,
    324,
    331,
    353,
    354,
    361,
    383,
    384,
    391,
    413,
    414,
    421,
    443,
    444,
    451,
    473,
    474
  ],
  "surrogate_from_baseline": false,
  "hidden_sizes": [
    10,
    10,
    10
  ],
  "mlp_mode": "mlp_transfer",
  "mlp_metrics": {
    "train_mse": 44.51481628417969,
    "val_mse": 57.15851974487305,
    "train_rmse": 6.671942467091551,
    "val_rmse": 7.560325372950099,
    "train_mae": 5.497986316680908,
    "val_mae": 6.2648606300354,
    "train_r2": 0.36171334981918335,
    "val_r2": 0.16429531574249268
  },
  "mlp_train_time": 3.5190968511160463
}