{
  "iter_idx": 30,
  "n0_value": 0,
  "mode": "windows",
  "is_final_mlp": true,
  "orig_indices": [
    24,
    54,
    84,
    114,
    144,
    174,
    204,
    234,
    264,
    294,
    324,
    354,
    384,
    414,
    444,
    474
  ],
  "input_dim": 16,
  "hidden_sizes": [
    10,
    10,
    10
  ],
  "mlp_mode": "mlp_transfer",
  "mlp_metrics": {
    "train_mse": 64.22052001953125,
    "val_mse": 72.60734558105469,
    "train_rmse": 8.013770649296825,
    "val_rmse": 8.520994400951961,
    "train_mae": 6.691274642944336,
    "val_mae": 7.235238552093506,
    "train_r2": 0.07915818691253662,
    "val_r2": -0.061579227447509766
  },
  "mlp_train_time": 3.481446678051725
}