{
  "iter_idx": 29,
  "n0_value": 1,
  "mode": "windows",
  "baseline_mode": "capped",
  "baseline_slack": 0.0,
  "baseline_mae_clusters": 5.014086087283376,
  "baseline_mae_floor": 5.014086087283376,
  "summary_1": [
    {
      "Solver Status": "Normal",
      "Model Status": "OptimalGlobal",
      "Objective": 6.24309160461323,
      "Num of Equations": 6184,
      "Num of Variables": 4635,
      "Model Type": "MIP",
      "Solver": "GUROBI",
      "Solver Time": 0.045
    }
  ],
  "summary_2": [
    {
      "Solver Status": "Resource",
      "Model Status": "Feasible",
      "Objective": 6.02188782098008,
      "Num of Equations": 7465,
      "Num of Variables": 5285,
      "Model Type": "MIP",
      "Solver": "GUROBI",
      "Solver Time": 60.13
    }
  ],
  "selection_df": [
    {
      "w": "1",
      "level": 0.0,
      "marginal": -0.0,
      "lower": 0.0,
      "upper": 1.0,
      "scale": 1.0
    },
    {
      "w": "2",
      "level": 1.0,
      "marginal": -0.0,
      "lower": 0.0,
      "upper": 1.0,
      "scale": 1.0
    }
  ],
  "selected_original": [
    24
  ],
  "selection_vector": [
    0,
    0,
    0,
    0,
    0,
    0,
    0,
    0,
    0,
    0,
    0,
    0,
    0,
    0,
    0,
    0,
    0,
    0,
    0,
    0,
    0,
    0,
    0,
    0,
    1,
    0,
    0,
    0,
    0,
    0
  ],
  "importance_vector": [
    0.0,
    0.0,
    0.0,
    0.0,
    0.0,
    0.0,
    0.0,
    0.0,
    0.0,
    0.0,
    0.0,
    0.0,
    0.0,
    0.0,
    0.0,
    0.0,
    0.0,
    0.0,
    0.0,
    0.0,
    0.0,
    0.0,
    0.0,
    0.0,
    37.68795705670636,
    0.0,
    0.0,
    0.0,
    0.0,
    0.0
  ],
  "importance_vector_norm": [
    0.0,
    0.0,
    0.0,
    0.0,
    0.0,
    0.0,
    0.0,
    0.0,
    0.0,
    0.0,
    0.0,
    0.0,
    0.0,
    0.0,
    0.0,
    0.0,
    0.0,
    0.0,
    0.0,
    0.0,
    0.0,
    0.0,
    0.0,
    0.0,
    1.0,
    0.0,
    0.0,
    0.0,
    0.0,
    0.0
  ],
  "selected_sensors": [
    1,
    2,
    3,
    4,
    5,
    6,
    7,
    8,
    9,
    10,
    11,
    12,
    13,
    14,
    15,
    16
  ],
  "selected_windows": [
    25
  ],
  "X_train_shape_next": [
    100,
    16,
    1
  ],
  "X_val_shape_next": [
    100,
    16,
    1
  ],
  "M_curr": 16,
  "W_curr": 2,
  "input_dim": 32,
  "orig_indices": [
    23,
    24,
    53,
    54,
    83,
    84,
    113,
    114,
    143,
    144,
    173,
    174,
    203,
    204,
    233,
    234,
    263,
    264,
    293,
    294,
    323,
    324,
    353,
    354,
    383,
    384,
    413,
    414,
    443,
    444,
    473,
    474
  ],
  "surrogate_from_baseline": false,
  "hidden_sizes": [
    10,
    10,
    10
  ],
  "mlp_mode": "mlp_transfer",
  "mlp_metrics": {
    "train_mse": 63.39921569824219,
    "val_mse": 71.06757354736328,
    "train_rmse": 7.962362444541331,
    "val_rmse": 8.430158571899065,
    "train_mae": 6.54206657409668,
    "val_mae": 7.165374755859375,
    "train_r2": 0.09093475341796875,
    "val_r2": -0.03906655311584473
  },
  "mlp_train_time": 3.4426214550621808
}