{
  "loss": [
    7235.99609375,
    2990.264892578125,
    2538.64306640625,
    2249.453369140625,
    1858.3751220703125,
    1503.5394287109375,
    1317.3385009765625,
    1220.6944580078125,
    1159.2052001953125,
    1115.161865234375,
    1080.872314453125,
    1052.22900390625,
    1028.27001953125,
    1006.3770141601562,
    986.656494140625,
    968.6143798828125,
    950.8204345703125,
    929.3595581054688,
    901.7462158203125,
    882.4268188476562,
    866.4955444335938,
    852.0890502929688,
    838.7269287109375,
    824.793212890625,
    811.9208984375,
    801.2007446289062,
    790.3932495117188,
    781.3572387695312,
    772.1852416992188,
    764.1911010742188
  ],
  "mae": [
    66.78694915771484,
    42.37913131713867,
    38.955467224121094,
    35.739131927490234,
    31.38751983642578,
    27.19582176208496,
    24.87894630432129,
    23.675092697143555,
    22.929277420043945,
    22.404367446899414,
    22.00836753845215,
    21.681503295898438,
    21.41926383972168,
    21.177406311035156,
    20.963214874267578,
    20.758737564086914,
    20.574567794799805,
    20.344688415527344,
    20.01385498046875,
    19.780967712402344,
    19.577594757080078,
    19.38534164428711,
    19.22188949584961,
    19.03412437438965,
    18.86573028564453,
    18.720613479614258,
    18.575458526611328,
    18.46086883544922,
    18.34639549255371,
    18.239368438720703
  ],
  "val_loss": [
    5184.6962890625,
    3871.08935546875,
    3567.867919921875,
    3208.50048828125,
    2682.23193359375,
    2275.518798828125,
    2095.32421875,
    1995.427978515625,
    1924.96923828125,
    1884.31494140625,
    1853.211181640625,
    1837.4344482421875,
    1822.2689208984375,
    1819.5010986328125,
    1807.6278076171875,
    1802.098876953125,
    1799.898193359375,
    1794.4266357421875,
    1783.02099609375,
    1774.18896484375,
    1773.5477294921875,
    1769.9041748046875,
    1767.9576416015625,
    1768.8634033203125,
    1763.79931640625,
    1759.3245849609375,
    1759.647216796875,
    1759.0880126953125,
    1755.6534423828125,
    1749.486572265625
  ],
  "val_mae": [
    54.83351516723633,
    49.21529006958008,
    47.09416198730469,
    43.82915496826172,
    38.32801055908203,
    33.74264907836914,
    31.686843872070312,
    30.37459945678711,
    29.42020034790039,
    28.79779624938965,
    28.332759857177734,
    27.96441078186035,
    27.625579833984375,
    27.459041595458984,
    27.304304122924805,
    27.167573928833008,
    27.067691802978516,
    26.984060287475586,
    26.850414276123047,
    26.73993492126465,
    26.681900024414062,
    26.570003509521484,
    26.464427947998047,
    26.43026351928711,
    26.393939971923828,
    26.296384811401367,
    26.287681579589844,
    26.217283248901367,
    26.169050216674805,
    26.150165557861328
  ]
}