{
  "iter_idx": 0,
  "n0_value": 50,
  "mode": "full",
  "is_baseline": true,
  "is_final_mlp": false,
  "orig_indices": [
    0,
    1,
    2,
    3,
    4,
    5,
    6,
    7,
    8,
    9,
    10,
    11,
    12,
    13,
    14,
    15,
    16,
    17,
    18,
    19,
    20,
    21,
    22,
    23,
    24,
    25,
    26,
    27,
    28,
    29,
    30,
    31,
    32,
    33,
    34,
    35,
    36,
    37,
    38,
    39,
    40,
    41,
    42,
    43,
    44,
    45,
    46,
    47,
    48,
    49
  ],
  "input_dim": 50,
  "selection_vector": [
    1,
    1,
    1,
    1,
    1,
    1,
    1,
    1,
    1,
    1,
    1,
    1,
    1,
    1,
    1,
    1,
    1,
    1,
    1,
    1,
    1,
    1,
    1,
    1,
    1,
    1,
    1,
    1,
    1,
    1,
    1,
    1,
    1,
    1,
    1,
    1,
    1,
    1,
    1,
    1,
    1,
    1,
    1,
    1,
    1,
    1,
    1,
    1,
    1,
    1
  ],
  "selected_original": [
    0,
    1,
    2,
    3,
    4,
    5,
    6,
    7,
    8,
    9,
    10,
    11,
    12,
    13,
    14,
    15,
    16,
    17,
    18,
    19,
    20,
    21,
    22,
    23,
    24,
    25,
    26,
    27,
    28,
    29,
    30,
    31,
    32,
    33,
    34,
    35,
    36,
    37,
    38,
    39,
    40,
    41,
    42,
    43,
    44,
    45,
    46,
    47,
    48,
    49
  ],
  "importance_vector": [
    2.5017026467248797,
    2.8540829494595528,
    2.076534438878298,
    1.439034796319902,
    2.5197403971105814,
    1.7440172703936696,
    2.458529978990555,
    1.9109660563990474,
    2.1924054473638535,
    2.406804305501282,
    1.0934085441404022,
    1.0865511763840914,
    2.140719151124358,
    1.8265254199504852,
    1.4745829198509455,
    1.9922413502354175,
    1.5752113200724125,
    1.3268741555511951,
    1.7477734200656414,
    2.44446324929595,
    2.4180640475824475,
    2.67104022949934,
    2.509572396054864,
    2.3562237471342087,
    2.0316937267780304,
    1.733750307932496,
    2.4528776574879885,
    3.0623040925711393,
    2.5032692961394787,
    2.3422256666235626,
    2.4582870937883854,
    2.722322553396225,
    1.7404197007417679,
    1.3818421671167016,
    2.190474248112878,
    2.1481886729598045,
    2.4678391218185425,
    2.2324450984597206,
    2.458235763013363,
    2.0947958193719387,
    1.6411814969033003,
    1.7961781490594149,
    2.047807551920414,
    2.2554413974285126,
    1.8060944434255362,
    2.16338315512985,
    1.6639033872634172,
    1.982620076276362,
    1.7776020653545856,
    2.156012788414955
  ],
  "importance_vector_norm": [
    0.024036744356282332,
    0.027422468580586674,
    0.019951662728453327,
    0.013826467971411249,
    0.02421005384026563,
    0.01675678655745696,
    0.023621934714989735,
    0.01836085620780348,
    0.021064969225097978,
    0.02312494647702074,
    0.010505637705138507,
    0.010439751059524872,
    0.020568359329809948,
    0.017549537566775925,
    0.014168019817622812,
    0.01914176174946892,
    0.015134872986312395,
    0.01274881125928214,
    0.016792876222048916,
    0.023486779409445813,
    0.02323313181322645,
    0.02566376593392234,
    0.02411235811998862,
    0.022638960681523008,
    0.019520826259971022,
    0.016658140000753722,
    0.023567626339390194,
    0.029423089395014142,
    0.024051796965162103,
    0.0225044649679123,
    0.023619601036556723,
    0.02615649440072044,
    0.016722220554123233,
    0.013276952380891046,
    0.02104641396524025,
    0.02064012764610339,
    0.023711378393128462,
    0.02144967635996313,
    0.023619107842564047,
    0.020127120884958494,
    0.015768724606407505,
    0.017257956313794294,
    0.019675650373882553,
    0.021670628342476773,
    0.01735323359742836,
    0.020786118571134233,
    0.015987040028743016,
    0.019049319067346672,
    0.017079474440363642,
    0.020715302952511488
  ],
  "hidden_sizes": [
    10,
    10
  ],
  "mlp_mode": "baseline",
  "mlp_metrics": {
    "train_mse": 139.5313262939453,
    "val_mse": 136.56320190429688,
    "train_rmse": 11.812337884345558,
    "val_rmse": 11.686025924337875,
    "train_mae": 9.567459106445312,
    "val_mae": 9.458296775817871,
    "train_r2": 0.04856610298156738,
    "val_r2": -0.0009845495223999023
  },
  "baseline_mae_clusters": 4.194720084813594,
  "baseline_mae_floor": 4.194720084813594
}