{
  "iter_idx": 28,
  "n0_value": 2,
  "mode": "windows",
  "baseline_mode": "capped",
  "baseline_slack": 0.0,
  "baseline_mae_clusters": 4.226177998198752,
  "baseline_mae_floor": 4.226177998198752,
  "summary_1": [
    {
      "Solver Status": "Normal",
      "Model Status": "OptimalGlobal",
      "Objective": 4.40132775106292,
      "Num of Equations": 4197,
      "Num of Variables": 3149,
      "Model Type": "MIP",
      "Solver": "GUROBI",
      "Solver Time": 0.308
    }
  ],
  "summary_2": [
    {
      "Solver Status": "Normal",
      "Model Status": "OptimalGlobal",
      "Objective": 4.22617799819875,
      "Num of Equations": 5998,
      "Num of Variables": 4059,
      "Model Type": "MIP",
      "Solver": "GUROBI",
      "Solver Time": 8.218
    }
  ],
  "selection_df": [
    {
      "w": "1",
      "level": 1.0,
      "marginal": -0.0,
      "lower": 0.0,
      "upper": 1.0,
      "scale": 1.0
    },
    {
      "w": "2",
      "level": 0.0,
      "marginal": -0.0,
      "lower": 0.0,
      "upper": 1.0,
      "scale": 1.0
    },
    {
      "w": "3",
      "level": 1.0,
      "marginal": -0.0,
      "lower": 0.0,
      "upper": 1.0,
      "scale": 1.0
    }
  ],
  "selected_original": [
    0,
    29
  ],
  "selection_vector": [
    1,
    0,
    0,
    0,
    0,
    0,
    0,
    0,
    0,
    0,
    0,
    0,
    0,
    0,
    0,
    0,
    0,
    0,
    0,
    0,
    0,
    0,
    0,
    0,
    0,
    0,
    0,
    0,
    0,
    1
  ],
  "importance_vector": [
    35.47943746099506,
    0.0,
    0.0,
    0.0,
    0.0,
    0.0,
    0.0,
    0.0,
    0.0,
    0.0,
    0.0,
    0.0,
    0.0,
    0.0,
    0.0,
    0.0,
    0.0,
    0.0,
    0.0,
    0.0,
    0.0,
    0.0,
    0.0,
    0.0,
    0.0,
    0.0,
    0.0,
    0.0,
    0.0,
    56.92140389775952
  ],
  "importance_vector_norm": [
    0.38397309958729653,
    0.0,
    0.0,
    0.0,
    0.0,
    0.0,
    0.0,
    0.0,
    0.0,
    0.0,
    0.0,
    0.0,
    0.0,
    0.0,
    0.0,
    0.0,
    0.0,
    0.0,
    0.0,
    0.0,
    0.0,
    0.0,
    0.0,
    0.0,
    0.0,
    0.0,
    0.0,
    0.0,
    0.0,
    0.6160269004127035
  ],
  "selected_sensors": [
    1,
    2,
    3,
    4,
    5,
    6,
    7,
    8,
    9,
    10,
    11,
    12,
    13,
    14,
    15
  ],
  "selected_windows": [
    1,
    30
  ],
  "X_train_shape_next": [
    100,
    15,
    2
  ],
  "X_val_shape_next": [
    100,
    15,
    2
  ],
  "M_curr": 15,
  "W_curr": 3,
  "input_dim": 45,
  "orig_indices": [
    0,
    22,
    29,
    30,
    52,
    59,
    60,
    82,
    89,
    90,
    112,
    119,
    120,
    142,
    149,
    150,
    172,
    179,
    180,
    202,
    209,
    210,
    232,
    239,
    240,
    262,
    269,
    270,
    292,
    299,
    300,
    322,
    329,
    330,
    352,
    359,
    360,
    382,
    389,
    390,
    412,
    419,
    420,
    442,
    449
  ],
  "surrogate_from_baseline": false,
  "hidden_sizes": [
    10,
    10
  ],
  "mlp_mode": "mlp_transfer",
  "mlp_metrics": {
    "train_mse": 14.794412612915039,
    "val_mse": 32.92499542236328,
    "train_rmse": 3.846350557725471,
    "val_rmse": 5.738030622292223,
    "train_mae": 3.1001274585723877,
    "val_mae": 4.203908443450928,
    "train_r2": 0.7964655160903931,
    "val_r2": 0.5486480593681335
  },
  "mlp_train_time": 3.537899903021753
}