{
  "iter_idx": 30,
  "n0_value": 0,
  "mode": "windows",
  "is_final_mlp": true,
  "orig_indices": [
    29,
    59,
    89,
    119,
    149,
    179,
    209,
    239,
    269,
    299,
    329,
    359,
    389,
    419,
    449
  ],
  "input_dim": 15,
  "hidden_sizes": [
    10,
    10
  ],
  "mlp_mode": "mlp_transfer",
  "mlp_metrics": {
    "train_mse": 28.06850814819336,
    "val_mse": 37.428741455078125,
    "train_rmse": 5.297972078842371,
    "val_rmse": 6.1179033545061925,
    "train_mae": 4.349139213562012,
    "val_mae": 4.678126811981201,
    "train_r2": 0.6138467788696289,
    "val_r2": 0.48690855503082275
  },
  "mlp_train_time": 4.372278969967738
}