{
  "iter_idx": 29,
  "n0_value": 1,
  "mode": "windows",
  "baseline_mode": "capped",
  "baseline_slack": 0.0,
  "baseline_mae_clusters": 4.226177998198752,
  "baseline_mae_floor": 4.226177998198752,
  "summary_1": [
    {
      "Solver Status": "Normal",
      "Model Status": "OptimalGlobal",
      "Objective": 4.43211024906534,
      "Num of Equations": 4182,
      "Num of Variables": 3133,
      "Model Type": "MIP",
      "Solver": "GUROBI",
      "Solver Time": 0.041
    }
  ],
  "summary_2": [
    {
      "Solver Status": "Normal",
      "Model Status": "OptimalGlobal",
      "Objective": 4.22617799819875,
      "Num of Equations": 5383,
      "Num of Variables": 3743,
      "Model Type": "MIP",
      "Solver": "GUROBI",
      "Solver Time": 7.881
    }
  ],
  "selection_df": [
    {
      "w": "1",
      "level": 0.0,
      "marginal": -0.0,
      "lower": 0.0,
      "upper": 1.0,
      "scale": 1.0
    },
    {
      "w": "2",
      "level": 1.0,
      "marginal": -0.0,
      "lower": 0.0,
      "upper": 1.0,
      "scale": 1.0
    }
  ],
  "selected_original": [
    29
  ],
  "selection_vector": [
    0,
    0,
    0,
    0,
    0,
    0,
    0,
    0,
    0,
    0,
    0,
    0,
    0,
    0,
    0,
    0,
    0,
    0,
    0,
    0,
    0,
    0,
    0,
    0,
    0,
    0,
    0,
    0,
    0,
    1
  ],
  "importance_vector": [
    0.0,
    0.0,
    0.0,
    0.0,
    0.0,
    0.0,
    0.0,
    0.0,
    0.0,
    0.0,
    0.0,
    0.0,
    0.0,
    0.0,
    0.0,
    0.0,
    0.0,
    0.0,
    0.0,
    0.0,
    0.0,
    0.0,
    0.0,
    0.0,
    0.0,
    0.0,
    0.0,
    0.0,
    0.0,
    56.93833114386899
  ],
  "importance_vector_norm": [
    0.0,
    0.0,
    0.0,
    0.0,
    0.0,
    0.0,
    0.0,
    0.0,
    0.0,
    0.0,
    0.0,
    0.0,
    0.0,
    0.0,
    0.0,
    0.0,
    0.0,
    0.0,
    0.0,
    0.0,
    0.0,
    0.0,
    0.0,
    0.0,
    0.0,
    0.0,
    0.0,
    0.0,
    0.0,
    1.0
  ],
  "selected_sensors": [
    1,
    2,
    3,
    4,
    5,
    6,
    7,
    8,
    9,
    10,
    11,
    12,
    13,
    14,
    15
  ],
  "selected_windows": [
    30
  ],
  "X_train_shape_next": [
    100,
    15,
    1
  ],
  "X_val_shape_next": [
    100,
    15,
    1
  ],
  "M_curr": 15,
  "W_curr": 2,
  "input_dim": 30,
  "orig_indices": [
    0,
    29,
    30,
    59,
    60,
    89,
    90,
    119,
    120,
    149,
    150,
    179,
    180,
    209,
    210,
    239,
    240,
    269,
    270,
    299,
    300,
    329,
    330,
    359,
    360,
    389,
    390,
    419,
    420,
    449
  ],
  "surrogate_from_baseline": false,
  "hidden_sizes": [
    10,
    10
  ],
  "mlp_mode": "mlp_transfer",
  "mlp_metrics": {
    "train_mse": 18.437368392944336,
    "val_mse": 31.17450714111328,
    "train_rmse": 4.29387568438402,
    "val_rmse": 5.583413574249474,
    "train_mae": 3.5570812225341797,
    "val_mae": 4.1448259353637695,
    "train_r2": 0.7463474273681641,
    "val_r2": 0.5726445913314819
  },
  "mlp_train_time": 3.4913894180208445
}