{
  "iter_idx": 15,
  "n0_value": 0,
  "mode": "sensors",
  "is_final_mlp": true,
  "orig_indices": [
    210,
    211,
    212,
    213,
    214,
    215,
    216,
    217,
    218,
    219,
    220,
    221,
    222,
    223,
    224,
    225,
    226,
    227,
    228,
    229,
    230,
    231,
    232,
    233,
    234,
    235,
    236,
    237,
    238,
    239
  ],
  "input_dim": 30,
  "hidden_sizes": [
    10,
    10
  ],
  "mlp_mode": "mlp_rebuild",
  "mlp_metrics": {
    "train_mse": 1370.104248046875,
    "val_mse": 2287.603271484375,
    "train_rmse": 37.014919263006306,
    "val_rmse": 47.828895779480156,
    "train_mae": 26.731218338012695,
    "val_mae": 35.04053497314453,
    "train_r2": 0.6289820671081543,
    "val_r2": 0.5356978178024292
  },
  "mlp_train_time": 10.458219769992866
}