{
  "loss": [
    16016.2724609375,
    8256.9697265625,
    6860.6416015625,
    6169.93994140625,
    5650.54052734375,
    5294.63037109375,
    5049.861328125,
    4863.09814453125,
    4705.46044921875,
    4563.62939453125,
    4430.2158203125,
    4300.7099609375,
    4178.64892578125,
    4063.785400390625,
    3960.96630859375,
    3873.8720703125,
    3800.333740234375,
    3739.1376953125,
    3689.49169921875,
    3648.045654296875,
    3613.10693359375,
    3583.4814453125,
    3556.890380859375,
    3533.57763671875,
    3513.0087890625,
    3493.99560546875,
    3476.27734375,
    3459.5869140625,
    3444.016357421875,
    3429.61572265625
  ],
  "mae": [
    97.97774505615234,
    68.70136260986328,
    64.18904113769531,
    60.40572738647461,
    57.347328186035156,
    55.354618072509766,
    54.06477355957031,
    53.113529205322266,
    52.29449462890625,
    51.54058837890625,
    50.79986572265625,
    50.045589447021484,
    49.301475524902344,
    48.57788848876953,
    47.90668487548828,
    47.316776275634766,
    46.79248809814453,
    46.34083557128906,
    45.960933685302734,
    45.62794876098633,
    45.33310317993164,
    45.073734283447266,
    44.83674240112305,
    44.627037048339844,
    44.434322357177734,
    44.25596618652344,
    44.08747482299805,
    43.92734909057617,
    43.779693603515625,
    43.63896560668945
  ],
  "val_loss": [
    9793.345703125,
    6594.04931640625,
    5788.7744140625,
    5146.734375,
    4685.9765625,
    4370.3583984375,
    4148.57275390625,
    3983.228271484375,
    3845.756591796875,
    3723.283203125,
    3608.994873046875,
    3498.471923828125,
    3390.029052734375,
    3284.776123046875,
    3188.050048828125,
    3105.220458984375,
    3036.286865234375,
    2980.00634765625,
    2937.513916015625,
    2903.926025390625,
    2876.822998046875,
    2851.486083984375,
    2829.25244140625,
    2809.033935546875,
    2789.525390625,
    2772.454833984375,
    2755.685302734375,
    2740.36474609375,
    2725.829833984375,
    2712.49365234375
  ],
  "val_mae": [
    76.19239807128906,
    65.38522338867188,
    61.377017974853516,
    57.31902313232422,
    54.26262283325195,
    52.26662063598633,
    50.910606384277344,
    49.88100051879883,
    49.02922058105469,
    48.27469253540039,
    47.590389251708984,
    46.8934211730957,
    46.16499328613281,
    45.469234466552734,
    44.82268524169922,
    44.23503494262695,
    43.707176208496094,
    43.2723503112793,
    42.93769836425781,
    42.6578483581543,
    42.40952682495117,
    42.17500305175781,
    41.97572326660156,
    41.78069305419922,
    41.587615966796875,
    41.41405487060547,
    41.2453498840332,
    41.090003967285156,
    40.938758850097656,
    40.804080963134766
  ]
}