{
  "iter_idx": 28,
  "n0_value": 2,
  "mode": "windows",
  "baseline_mode": "capped",
  "baseline_slack": 0.0,
  "baseline_mae_clusters": 16.046988947842912,
  "baseline_mae_floor": 16.046988947842912,
  "summary_1": [
    {
      "Solver Status": "Normal",
      "Model Status": "OptimalGlobal",
      "Objective": 12.9170230279969,
      "Num of Equations": 2215,
      "Num of Variables": 1667,
      "Model Type": "MIP",
      "Solver": "GUROBI",
      "Solver Time": 0.028
    }
  ],
  "summary_2": [
    {
      "Solver Status": "Normal",
      "Model Status": "OptimalGlobal",
      "Objective": 16.0469889478429,
      "Num of Equations": 4736,
      "Num of Variables": 2937,
      "Model Type": "MIP",
      "Solver": "GUROBI",
      "Solver Time": 0.169
    }
  ],
  "selection_df": [
    {
      "w": "1",
      "level": 1.0,
      "marginal": -0.0,
      "lower": 0.0,
      "upper": 1.0,
      "scale": 1.0
    },
    {
      "w": "2",
      "level": 1.0,
      "marginal": -0.0,
      "lower": 0.0,
      "upper": 1.0,
      "scale": 1.0
    },
    {
      "w": "3",
      "level": 0.0,
      "marginal": -0.0,
      "lower": 0.0,
      "upper": 1.0,
      "scale": 1.0
    }
  ],
  "selected_original": [
    0,
    1
  ],
  "selection_vector": [
    1,
    1,
    0,
    0,
    0,
    0,
    0,
    0,
    0,
    0,
    0,
    0,
    0,
    0,
    0,
    0,
    0,
    0,
    0,
    0,
    0,
    0,
    0,
    0,
    0,
    0,
    0,
    0,
    0,
    0
  ],
  "importance_vector": [
    116.4713876352055,
    94.39136810217275,
    0.0,
    0.0,
    0.0,
    0.0,
    0.0,
    0.0,
    0.0,
    0.0,
    0.0,
    0.0,
    0.0,
    0.0,
    0.0,
    0.0,
    0.0,
    0.0,
    0.0,
    0.0,
    0.0,
    0.0,
    0.0,
    0.0,
    0.0,
    0.0,
    0.0,
    0.0,
    0.0,
    0.0
  ],
  "importance_vector_norm": [
    0.5523563762026629,
    0.4476436237973372,
    0.0,
    0.0,
    0.0,
    0.0,
    0.0,
    0.0,
    0.0,
    0.0,
    0.0,
    0.0,
    0.0,
    0.0,
    0.0,
    0.0,
    0.0,
    0.0,
    0.0,
    0.0,
    0.0,
    0.0,
    0.0,
    0.0,
    0.0,
    0.0,
    0.0,
    0.0,
    0.0,
    0.0
  ],
  "selected_sensors": [
    1,
    2,
    3,
    4,
    5,
    6,
    7,
    8,
    9,
    10,
    11,
    12,
    13,
    14,
    15,
    16,
    17,
    18,
    19,
    20,
    21
  ],
  "selected_windows": [
    1,
    2
  ],
  "X_train_shape_next": [
    100,
    21,
    2
  ],
  "X_val_shape_next": [
    100,
    21,
    2
  ],
  "M_curr": 21,
  "W_curr": 3,
  "input_dim": 63,
  "orig_indices": [
    0,
    1,
    2,
    30,
    31,
    32,
    60,
    61,
    62,
    90,
    91,
    92,
    120,
    121,
    122,
    150,
    151,
    152,
    180,
    181,
    182,
    210,
    211,
    212,
    240,
    241,
    242,
    270,
    271,
    272,
    300,
    301,
    302,
    330,
    331,
    332,
    360,
    361,
    362,
    390,
    391,
    392,
    420,
    421,
    422,
    450,
    451,
    452,
    480,
    481,
    482,
    510,
    511,
    512,
    540,
    541,
    542,
    570,
    571,
    572,
    600,
    601,
    602
  ],
  "surrogate_from_baseline": false,
  "hidden_sizes": [
    10
  ],
  "mlp_mode": "mlp_transfer",
  "mlp_metrics": {
    "train_mse": 124.3465347290039,
    "val_mse": 184.16880798339844,
    "train_rmse": 11.151077738452186,
    "val_rmse": 13.570880884577775,
    "train_mae": 9.02221965789795,
    "val_mae": 11.236990928649902,
    "train_r2": -0.8408727645874023,
    "val_r2": -1.419529914855957
  },
  "mlp_train_time": 3.50791455199942
}