{
  "iter_idx": 30,
  "n0_value": 0,
  "mode": "windows",
  "is_final_mlp": true,
  "orig_indices": [
    1,
    31,
    61,
    91,
    121,
    151,
    181,
    211,
    241,
    271,
    301,
    331,
    361,
    391,
    421,
    451,
    481,
    511,
    541,
    571,
    601
  ],
  "input_dim": 21,
  "hidden_sizes": [
    10
  ],
  "mlp_mode": "mlp_transfer",
  "mlp_metrics": {
    "train_mse": 474.6280822753906,
    "val_mse": 473.6524353027344,
    "train_rmse": 21.785960669095836,
    "val_rmse": 21.763557505672974,
    "train_mae": 19.903047561645508,
    "val_mae": 19.747886657714844,
    "train_r2": -6.026572227478027,
    "val_r2": -5.222640037536621
  },
  "mlp_train_time": 3.779160034842789
}