{
  "iter_idx": 0,
  "n0_value": 5,
  "mode": "sensors",
  "is_baseline": true,
  "is_final_mlp": false,
  "orig_indices": [
    0,
    1,
    2,
    3,
    4,
    5,
    6,
    7,
    8,
    9,
    10,
    11,
    12,
    13,
    14,
    15,
    16,
    17,
    18,
    19,
    20,
    21,
    22,
    23,
    24,
    25,
    26,
    27,
    28,
    29,
    30,
    31,
    32,
    33,
    34,
    35,
    36,
    37,
    38,
    39,
    40,
    41,
    42,
    43,
    44,
    45,
    46,
    47,
    48,
    49
  ],
  "input_dim": 50,
  "selection_vector": [
    1,
    1,
    1,
    1,
    1
  ],
  "selected_original": [
    0,
    1,
    2,
    3,
    4
  ],
  "importance_vector": [
    20.39497739309445,
    15.785927682183683,
    22.061395841650665,
    17.102016440236184,
    19.579993099556305
  ],
  "importance_vector_norm": [
    0.2148551545432938,
    0.16630015647446753,
    0.23241038818721876,
    0.180164768729434,
    0.20626953206558593
  ],
  "hidden_sizes": [
    10,
    10,
    10
  ],
  "mlp_mode": "baseline",
  "mlp_metrics": {
    "train_mse": 127.8987045288086,
    "val_mse": 157.2519073486328,
    "train_rmse": 11.309230943296216,
    "val_rmse": 12.540012254724187,
    "train_mae": 9.089273452758789,
    "val_mae": 10.332369804382324,
    "train_r2": 0.12788647413253784,
    "val_r2": -0.15262925624847412
  },
  "baseline_mae_clusters": 4.001159558017393,
  "baseline_mae_floor": 4.001159558017393
}