{
  "iter_idx": [
    0,
    1,
    2,
    3,
    4
  ],
  "n0_value": [
    5,
    4,
    3,
    2,
    1
  ],
  "selection_vector": [
    [
      1,
      1,
      1,
      1,
      1
    ],
    [
      1,
      1,
      0,
      1,
      1
    ],
    [
      1,
      1,
      0,
      1,
      0
    ],
    [
      1,
      0,
      0,
      1,
      0
    ],
    [
      0,
      0,
      0,
      1,
      0
    ]
  ],
  "importance_vector": [
    [
      20.394977569580078,
      15.785927772521973,
      22.0613956451416,
      17.10201644897461,
      19.579992294311523
    ],
    [
      33.48482894897461,
      26.36322021484375,
      0.0,
      29.231836318969727,
      36.053043365478516
    ],
    [
      37.861572265625,
      32.31053924560547,
      0.0,
      31.839561462402344,
      0.0
    ],
    [
      37.88251876831055,
      0.0,
      0.0,
      38.74341583251953,
      0.0
    ],
    [
      0.0,
      0.0,
      0.0,
      29.0706729888916,
      0.0
    ]
  ]
}