{
  "iter_idx": 29,
  "n0_value": 1,
  "mode": "windows",
  "baseline_mode": "capped",
  "baseline_slack": 0.0,
  "baseline_mae_clusters": 11.565959906880703,
  "baseline_mae_floor": 11.565959906880703,
  "summary_1": [
    {
      "Solver Status": "Normal",
      "Model Status": "OptimalGlobal",
      "Objective": 20.1944723547667,
      "Num of Equations": 6182,
      "Num of Variables": 4633,
      "Model Type": "MIP",
      "Solver": "GUROBI",
      "Solver Time": 0.053
    }
  ],
  "summary_2": [
    {
      "Solver Status": "Normal",
      "Model Status": "OptimalGlobal",
      "Objective": 11.5659599068807,
      "Num of Equations": 7383,
      "Num of Variables": 5243,
      "Model Type": "MIP",
      "Solver": "GUROBI",
      "Solver Time": 44.893
    }
  ],
  "selection_df": [
    {
      "w": "1",
      "level": 0.0,
      "marginal": -0.0,
      "lower": 0.0,
      "upper": 1.0,
      "scale": 1.0
    },
    {
      "w": "2",
      "level": 1.0,
      "marginal": -0.0,
      "lower": 0.0,
      "upper": 1.0,
      "scale": 1.0
    }
  ],
  "selected_original": [
    25
  ],
  "selection_vector": [
    0,
    0,
    0,
    0,
    0,
    0,
    0,
    0,
    0,
    0,
    0,
    0,
    0,
    0,
    0,
    0,
    0,
    0,
    0,
    0,
    0,
    0,
    0,
    0,
    0,
    1,
    0,
    0,
    0,
    0
  ],
  "importance_vector": [
    0.0,
    0.0,
    0.0,
    0.0,
    0.0,
    0.0,
    0.0,
    0.0,
    0.0,
    0.0,
    0.0,
    0.0,
    0.0,
    0.0,
    0.0,
    0.0,
    0.0,
    0.0,
    0.0,
    0.0,
    0.0,
    0.0,
    0.0,
    0.0,
    0.0,
    58.203733665113745,
    0.0,
    0.0,
    0.0,
    0.0
  ],
  "importance_vector_norm": [
    0.0,
    0.0,
    0.0,
    0.0,
    0.0,
    0.0,
    0.0,
    0.0,
    0.0,
    0.0,
    0.0,
    0.0,
    0.0,
    0.0,
    0.0,
    0.0,
    0.0,
    0.0,
    0.0,
    0.0,
    0.0,
    0.0,
    0.0,
    0.0,
    0.0,
    1.0,
    0.0,
    0.0,
    0.0,
    0.0
  ],
  "selected_sensors": [
    1,
    2,
    3,
    4,
    5,
    6,
    7,
    8,
    9,
    10,
    11,
    12,
    13,
    14,
    15
  ],
  "selected_windows": [
    26
  ],
  "X_train_shape_next": [
    15843,
    15,
    1
  ],
  "X_val_shape_next": [
    1888,
    15,
    1
  ],
  "M_curr": 15,
  "W_curr": 2,
  "input_dim": 30,
  "orig_indices": [
    1,
    25,
    31,
    55,
    61,
    85,
    91,
    115,
    121,
    145,
    151,
    175,
    181,
    205,
    211,
    235,
    241,
    265,
    271,
    295,
    301,
    325,
    331,
    355,
    361,
    385,
    391,
    415,
    421,
    445
  ],
  "surrogate_from_baseline": false,
  "hidden_sizes": [
    10,
    10,
    10
  ],
  "mlp_mode": "mlp_rebuild",
  "mlp_metrics": {
    "train_mse": 1300.7066650390625,
    "val_mse": 2216.673583984375,
    "train_rmse": 36.06531110414913,
    "val_rmse": 47.08156310047889,
    "train_mae": 25.7562255859375,
    "val_mae": 33.37769317626953,
    "train_r2": 0.6477746963500977,
    "val_r2": 0.5500940084457397
  },
  "mlp_train_time": 11.07253307197243
}