{
  "iter_idx": 30,
  "n0_value": 0,
  "mode": "windows",
  "is_final_mlp": true,
  "orig_indices": [
    25,
    55,
    85,
    115,
    145,
    175,
    205,
    235,
    265,
    295,
    325,
    355,
    385,
    415,
    445
  ],
  "input_dim": 15,
  "hidden_sizes": [
    10,
    10,
    10
  ],
  "mlp_mode": "mlp_rebuild",
  "mlp_metrics": {
    "train_mse": 1388.643798828125,
    "val_mse": 2408.614990234375,
    "train_rmse": 37.26451125170066,
    "val_rmse": 49.077642468178674,
    "train_mae": 26.815353393554688,
    "val_mae": 35.40111541748047,
    "train_r2": 0.6239616870880127,
    "val_r2": 0.5111367702484131
  },
  "mlp_train_time": 11.067936604027636
}