{
  "iter_idx": 27,
  "n0_value": 3,
  "mode": "windows",
  "baseline_mode": "capped",
  "baseline_slack": 0.0,
  "baseline_mae_clusters": 11.565959906880703,
  "baseline_mae_floor": 11.565959906880703,
  "summary_1": [
    {
      "Solver Status": "Normal",
      "Model Status": "OptimalGlobal",
      "Objective": 10.4728838160507,
      "Num of Equations": 6212,
      "Num of Variables": 4665,
      "Model Type": "MIP",
      "Solver": "GUROBI",
      "Solver Time": 0.739
    }
  ],
  "summary_2": [
    {
      "Solver Status": "Normal",
      "Model Status": "OptimalGlobal",
      "Objective": 11.5659599068807,
      "Num of Equations": 8613,
      "Num of Variables": 5875,
      "Model Type": "MIP",
      "Solver": "GUROBI",
      "Solver Time": 14.217
    }
  ],
  "selection_df": [
    {
      "w": "1",
      "level": 1.0,
      "marginal": -0.0,
      "lower": 0.0,
      "upper": 1.0,
      "scale": 1.0
    },
    {
      "w": "2",
      "level": 1.0,
      "marginal": -0.0,
      "lower": 0.0,
      "upper": 1.0,
      "scale": 1.0
    },
    {
      "w": "3",
      "level": 1.0,
      "marginal": -0.0,
      "lower": 0.0,
      "upper": 1.0,
      "scale": 1.0
    },
    {
      "w": "4",
      "level": 0.0,
      "marginal": -0.0,
      "lower": 0.0,
      "upper": 1.0,
      "scale": 1.0
    }
  ],
  "selected_original": [
    1,
    8,
    25
  ],
  "selection_vector": [
    0,
    1,
    0,
    0,
    0,
    0,
    0,
    0,
    1,
    0,
    0,
    0,
    0,
    0,
    0,
    0,
    0,
    0,
    0,
    0,
    0,
    0,
    0,
    0,
    0,
    1,
    0,
    0,
    0,
    0
  ],
  "importance_vector": [
    0.0,
    42.54300123043237,
    0.0,
    0.0,
    0.0,
    0.0,
    0.0,
    0.0,
    48.24409420303671,
    0.0,
    0.0,
    0.0,
    0.0,
    0.0,
    0.0,
    0.0,
    0.0,
    0.0,
    0.0,
    0.0,
    0.0,
    0.0,
    0.0,
    0.0,
    0.0,
    51.815104652001615,
    0.0,
    0.0,
    0.0,
    0.0
  ],
  "importance_vector_norm": [
    0.0,
    0.29833341424559795,
    0.0,
    0.0,
    0.0,
    0.0,
    0.0,
    0.0,
    0.33831241154849584,
    0.0,
    0.0,
    0.0,
    0.0,
    0.0,
    0.0,
    0.0,
    0.0,
    0.0,
    0.0,
    0.0,
    0.0,
    0.0,
    0.0,
    0.0,
    0.0,
    0.36335417420590627,
    0.0,
    0.0,
    0.0,
    0.0
  ],
  "selected_sensors": [
    1,
    2,
    3,
    4,
    5,
    6,
    7,
    8,
    9,
    10,
    11,
    12,
    13,
    14,
    15
  ],
  "selected_windows": [
    2,
    9,
    26
  ],
  "X_train_shape_next": [
    15843,
    15,
    3
  ],
  "X_val_shape_next": [
    1888,
    15,
    3
  ],
  "M_curr": 15,
  "W_curr": 4,
  "input_dim": 60,
  "orig_indices": [
    1,
    8,
    25,
    26,
    31,
    38,
    55,
    56,
    61,
    68,
    85,
    86,
    91,
    98,
    115,
    116,
    121,
    128,
    145,
    146,
    151,
    158,
    175,
    176,
    181,
    188,
    205,
    206,
    211,
    218,
    235,
    236,
    241,
    248,
    265,
    266,
    271,
    278,
    295,
    296,
    301,
    308,
    325,
    326,
    331,
    338,
    355,
    356,
    361,
    368,
    385,
    386,
    391,
    398,
    415,
    416,
    421,
    428,
    445,
    446
  ],
  "surrogate_from_baseline": false,
  "hidden_sizes": [
    10,
    10,
    10
  ],
  "mlp_mode": "mlp_rebuild",
  "mlp_metrics": {
    "train_mse": 1129.3699951171875,
    "val_mse": 1939.16259765625,
    "train_rmse": 33.606100563992655,
    "val_rmse": 44.03592394461879,
    "train_mae": 23.328500747680664,
    "val_mae": 30.745065689086914,
    "train_r2": 0.6941718459129333,
    "val_r2": 0.6064189076423645
  },
  "mlp_train_time": 11.174853732984047
}