{
  "iter_idx": 28,
  "n0_value": 2,
  "mode": "windows",
  "baseline_mode": "capped",
  "baseline_slack": 0.0,
  "baseline_mae_clusters": 11.565959906880703,
  "baseline_mae_floor": 11.565959906880703,
  "summary_1": [
    {
      "Solver Status": "Normal",
      "Model Status": "OptimalGlobal",
      "Objective": 11.0458938730624,
      "Num of Equations": 6197,
      "Num of Variables": 4649,
      "Model Type": "MIP",
      "Solver": "GUROBI",
      "Solver Time": 0.381
    }
  ],
  "summary_2": [
    {
      "Solver Status": "Normal",
      "Model Status": "OptimalGlobal",
      "Objective": 11.5659599068807,
      "Num of Equations": 7998,
      "Num of Variables": 5559,
      "Model Type": "MIP",
      "Solver": "GUROBI",
      "Solver Time": 15.151
    }
  ],
  "selection_df": [
    {
      "w": "1",
      "level": 1.0,
      "marginal": -0.0,
      "lower": 0.0,
      "upper": 1.0,
      "scale": 1.0
    },
    {
      "w": "2",
      "level": 0.0,
      "marginal": -0.0,
      "lower": 0.0,
      "upper": 1.0,
      "scale": 1.0
    },
    {
      "w": "3",
      "level": 1.0,
      "marginal": -0.0,
      "lower": 0.0,
      "upper": 1.0,
      "scale": 1.0
    }
  ],
  "selected_original": [
    1,
    25
  ],
  "selection_vector": [
    0,
    1,
    0,
    0,
    0,
    0,
    0,
    0,
    0,
    0,
    0,
    0,
    0,
    0,
    0,
    0,
    0,
    0,
    0,
    0,
    0,
    0,
    0,
    0,
    0,
    1,
    0,
    0,
    0,
    0
  ],
  "importance_vector": [
    0.0,
    44.96596613995666,
    0.0,
    0.0,
    0.0,
    0.0,
    0.0,
    0.0,
    0.0,
    0.0,
    0.0,
    0.0,
    0.0,
    0.0,
    0.0,
    0.0,
    0.0,
    0.0,
    0.0,
    0.0,
    0.0,
    0.0,
    0.0,
    0.0,
    0.0,
    47.261808583972154,
    0.0,
    0.0,
    0.0,
    0.0
  ],
  "importance_vector_norm": [
    0.0,
    0.4875534108304804,
    0.0,
    0.0,
    0.0,
    0.0,
    0.0,
    0.0,
    0.0,
    0.0,
    0.0,
    0.0,
    0.0,
    0.0,
    0.0,
    0.0,
    0.0,
    0.0,
    0.0,
    0.0,
    0.0,
    0.0,
    0.0,
    0.0,
    0.0,
    0.5124465891695196,
    0.0,
    0.0,
    0.0,
    0.0
  ],
  "selected_sensors": [
    1,
    2,
    3,
    4,
    5,
    6,
    7,
    8,
    9,
    10,
    11,
    12,
    13,
    14,
    15
  ],
  "selected_windows": [
    2,
    26
  ],
  "X_train_shape_next": [
    15843,
    15,
    2
  ],
  "X_val_shape_next": [
    1888,
    15,
    2
  ],
  "M_curr": 15,
  "W_curr": 3,
  "input_dim": 45,
  "orig_indices": [
    1,
    8,
    25,
    31,
    38,
    55,
    61,
    68,
    85,
    91,
    98,
    115,
    121,
    128,
    145,
    151,
    158,
    175,
    181,
    188,
    205,
    211,
    218,
    235,
    241,
    248,
    265,
    271,
    278,
    295,
    301,
    308,
    325,
    331,
    338,
    355,
    361,
    368,
    385,
    391,
    398,
    415,
    421,
    428,
    445
  ],
  "surrogate_from_baseline": false,
  "hidden_sizes": [
    10,
    10,
    10
  ],
  "mlp_mode": "mlp_rebuild",
  "mlp_metrics": {
    "train_mse": 1251.8472900390625,
    "val_mse": 2156.08349609375,
    "train_rmse": 35.38145404076919,
    "val_rmse": 46.43364616410982,
    "train_mae": 24.625640869140625,
    "val_mae": 32.29447937011719,
    "train_r2": 0.6610055565834045,
    "val_r2": 0.5623916387557983
  },
  "mlp_train_time": 11.008377591962926
}