{
  "iter_idx": 16,
  "n0_value": 0,
  "mode": "sensors",
  "is_final_mlp": true,
  "orig_indices": [
    120,
    121,
    122,
    123,
    124,
    125,
    126,
    127,
    128,
    129,
    130,
    131,
    132,
    133,
    134,
    135,
    136,
    137,
    138,
    139,
    140,
    141,
    142,
    143,
    144,
    145,
    146,
    147,
    148,
    149
  ],
  "input_dim": 30,
  "hidden_sizes": [
    10,
    10,
    10
  ],
  "mlp_mode": "mlp_rebuild",
  "mlp_metrics": {
    "train_mse": 4009.77783203125,
    "val_mse": 3717.451904296875,
    "train_rmse": 63.32280657102344,
    "val_rmse": 60.97091031218802,
    "train_mae": 43.729618072509766,
    "val_mae": 40.12052536010742,
    "train_r2": 0.5442554950714111,
    "val_r2": 0.5485378503799438
  },
  "mlp_train_time": 12.765424001030624
}