{
  "iter_idx": 30,
  "n0_value": 0,
  "mode": "windows",
  "is_final_mlp": true,
  "orig_indices": [
    1,
    31,
    61,
    91,
    121,
    151,
    181,
    211,
    241,
    271,
    301,
    331,
    361,
    391,
    421,
    451,
    481,
    511,
    541,
    571,
    601
  ],
  "input_dim": 21,
  "hidden_sizes": [
    10
  ],
  "mlp_mode": "mlp_transfer",
  "mlp_metrics": {
    "train_mse": 377.7441711425781,
    "val_mse": 401.9906311035156,
    "train_rmse": 19.435641773365194,
    "val_rmse": 20.04970401535932,
    "train_mae": 17.277332305908203,
    "val_mae": 17.683853149414062,
    "train_r2": -4.583768367767334,
    "val_r2": -4.591505527496338
  },
  "mlp_train_time": 3.507358141010627
}