{
  "iter_idx": 16,
  "n0_value": 0,
  "mode": "sensors",
  "is_final_mlp": true,
  "orig_indices": [
    450,
    451,
    452,
    453,
    454,
    455,
    456,
    457,
    458,
    459,
    460,
    461,
    462,
    463,
    464,
    465,
    466,
    467,
    468,
    469,
    470,
    471,
    472,
    473,
    474,
    475,
    476,
    477,
    478,
    479
  ],
  "input_dim": 30,
  "hidden_sizes": [
    10
  ],
  "mlp_mode": "mlp_transfer",
  "mlp_metrics": {
    "train_mse": 1168.7152099609375,
    "val_mse": 1114.7086181640625,
    "train_rmse": 34.18647700423279,
    "val_rmse": 33.38725233025417,
    "train_mae": 26.055665969848633,
    "val_mae": 26.143232345581055,
    "train_r2": -15.705572128295898,
    "val_r2": -14.401123046875
  },
  "mlp_train_time": 3.235046121990308
}