{
  "iter_idx": 21,
  "n0_value": 0,
  "mode": "sensors",
  "is_final_mlp": true,
  "orig_indices": [
    300,
    301,
    302,
    303,
    304,
    305,
    306,
    307,
    308,
    309,
    310,
    311,
    312,
    313,
    314,
    315,
    316,
    317,
    318,
    319,
    320,
    321,
    322,
    323,
    324,
    325,
    326,
    327,
    328,
    329
  ],
  "input_dim": 30,
  "hidden_sizes": [
    10,
    10,
    10
  ],
  "mlp_mode": "mlp_rebuild",
  "mlp_metrics": {
    "train_mse": 3653.53125,
    "val_mse": 4372.96484375,
    "train_rmse": 60.44444763582508,
    "val_rmse": 66.12839665189229,
    "train_mae": 49.14849090576172,
    "val_mae": 53.308570861816406,
    "train_r2": 0.04469102621078491,
    "val_r2": -0.018713951110839844
  },
  "mlp_train_time": 22.023690835980233
}