{
  "loss": [
    16036.6923828125,
    4398.71875,
    3218.18359375,
    3025.706787109375,
    2878.32470703125,
    2752.00634765625,
    2645.986083984375,
    2557.400146484375,
    2484.43701171875,
    2424.537109375,
    2375.29736328125,
    2334.466552734375,
    2298.33251953125,
    2266.087158203125,
    2239.77001953125,
    2217.4833984375,
    2198.05859375,
    2180.5283203125,
    2164.350341796875,
    2149.0068359375,
    2134.86572265625,
    2121.599853515625,
    2109.057373046875,
    2096.4453125,
    2085.10888671875,
    2074.830078125,
    2065.01416015625,
    2055.671630859375,
    2046.7449951171875,
    2038.4705810546875
  ],
  "mae": [
    98.08856201171875,
    48.69575119018555,
    39.92707824707031,
    38.17850875854492,
    36.843719482421875,
    35.787593841552734,
    34.98225784301758,
    34.368309020996094,
    33.873207092285156,
    33.48159408569336,
    33.156158447265625,
    32.87642288208008,
    32.57898712158203,
    32.24361038208008,
    32.01493453979492,
    31.838459014892578,
    31.688873291015625,
    31.551494598388672,
    31.419849395751953,
    31.28934097290039,
    31.17349624633789,
    31.065122604370117,
    30.95325469970703,
    30.82855224609375,
    30.728300094604492,
    30.64067840576172,
    30.55854034423828,
    30.47992515563965,
    30.405797958374023,
    30.338714599609375
  ],
  "val_loss": [
    3426.14111328125,
    2135.8076171875,
    2010.168212890625,
    1941.83544921875,
    1885.8837890625,
    1846.4542236328125,
    1814.5679931640625,
    1792.5926513671875,
    1777.8980712890625,
    1769.43212890625,
    1766.65771484375,
    1765.5772705078125,
    1763.6126708984375,
    1763.8350830078125,
    1764.191650390625,
    1764.9127197265625,
    1764.72314453125,
    1762.759521484375,
    1762.0992431640625,
    1759.25390625,
    1756.0467529296875,
    1752.4688720703125,
    1747.44580078125,
    1745.60546875,
    1743.15966796875,
    1739.6702880859375,
    1736.7530517578125,
    1733.9144287109375,
    1731.203857421875,
    1729.3126220703125
  ],
  "val_mae": [
    47.74797058105469,
    35.109619140625,
    33.49831008911133,
    32.19842529296875,
    31.352947235107422,
    30.749601364135742,
    30.1822452545166,
    29.698753356933594,
    29.316837310791016,
    29.005773544311523,
    28.810503005981445,
    28.63835906982422,
    28.390918731689453,
    28.210046768188477,
    28.108442306518555,
    28.013582229614258,
    27.958038330078125,
    27.89991569519043,
    27.84168815612793,
    27.80110740661621,
    27.74319076538086,
    27.665719985961914,
    27.555471420288086,
    27.51468849182129,
    27.483190536499023,
    27.463403701782227,
    27.446216583251953,
    27.41733741760254,
    27.400314331054688,
    27.381582260131836
  ]
}