{
  "iter_idx": 18,
  "n0_value": 3,
  "mode": "sensors",
  "baseline_mode": "capped",
  "baseline_slack": 0.0,
  "baseline_mae_clusters": 29.74219455629404,
  "baseline_mae_floor": 29.74219455629404,
  "summary_1": [
    {
      "Solver Status": "Normal",
      "Model Status": "OptimalGlobal",
      "Objective": 23.258941277692,
      "Num of Equations": 6272,
      "Num of Variables": 4725,
      "Model Type": "MIP",
      "Solver": "GUROBI",
      "Solver Time": 0.237
    }
  ],
  "summary_2": [
    {
      "Solver Status": "Normal",
      "Model Status": "OptimalGlobal",
      "Objective": 29.742194556294,
      "Num of Equations": 11073,
      "Num of Variables": 7135,
      "Model Type": "MIP",
      "Solver": "GUROBI",
      "Solver Time": 6.158
    }
  ],
  "selection_df": [
    {
      "s": "1",
      "level": 1.0,
      "marginal": -0.0,
      "lower": 0.0,
      "upper": 1.0,
      "scale": 1.0
    },
    {
      "s": "2",
      "level": 0.0,
      "marginal": -0.0,
      "lower": 0.0,
      "upper": 1.0,
      "scale": 1.0
    },
    {
      "s": "3",
      "level": 1.0,
      "marginal": -0.0,
      "lower": 0.0,
      "upper": 1.0,
      "scale": 1.0
    },
    {
      "s": "4",
      "level": 1.0,
      "marginal": -0.0,
      "lower": 0.0,
      "upper": 1.0,
      "scale": 1.0
    }
  ],
  "selected_original": [
    3,
    10,
    17
  ],
  "selection_vector": [
    0,
    0,
    0,
    1,
    0,
    0,
    0,
    0,
    0,
    0,
    1,
    0,
    0,
    0,
    0,
    0,
    0,
    1,
    0,
    0,
    0
  ],
  "importance_vector": [
    0.0,
    0.0,
    0.0,
    78.64762322837214,
    0.0,
    0.0,
    0.0,
    0.0,
    0.0,
    0.0,
    142.43708869816558,
    0.0,
    0.0,
    0.0,
    0.0,
    0.0,
    0.0,
    87.50324176388172,
    0.0,
    0.0,
    0.0
  ],
  "importance_vector_norm": [
    0.0,
    0.0,
    0.0,
    0.2548629079256695,
    0.0,
    0.0,
    0.0,
    0.0,
    0.0,
    0.0,
    0.46157695721674485,
    0.0,
    0.0,
    0.0,
    0.0,
    0.0,
    0.0,
    0.2835601348575856,
    0.0,
    0.0,
    0.0
  ],
  "selected_sensors": [
    4,
    11,
    18
  ],
  "selected_windows": [
    1,
    2,
    3,
    4,
    5,
    6,
    7,
    8,
    9,
    10,
    11,
    12,
    13,
    14,
    15,
    16,
    17,
    18,
    19,
    20,
    21,
    22,
    23,
    24,
    25,
    26,
    27,
    28,
    29,
    30
  ],
  "X_train_shape_next": [
    48596,
    3,
    30
  ],
  "X_val_shape_next": [
    5432,
    3,
    30
  ],
  "M_curr": 4,
  "W_curr": 30,
  "input_dim": 120,
  "orig_indices": [
    90,
    91,
    92,
    93,
    94,
    95,
    96,
    97,
    98,
    99,
    100,
    101,
    102,
    103,
    104,
    105,
    106,
    107,
    108,
    109,
    110,
    111,
    112,
    113,
    114,
    115,
    116,
    117,
    118,
    119,
    210,
    211,
    212,
    213,
    214,
    215,
    216,
    217,
    218,
    219,
    220,
    221,
    222,
    223,
    224,
    225,
    226,
    227,
    228,
    229,
    230,
    231,
    232,
    233,
    234,
    235,
    236,
    237,
    238,
    239,
    300,
    301,
    302,
    303,
    304,
    305,
    306,
    307,
    308,
    309,
    310,
    311,
    312,
    313,
    314,
    315,
    316,
    317,
    318,
    319,
    320,
    321,
    322,
    323,
    324,
    325,
    326,
    327,
    328,
    329,
    510,
    511,
    512,
    513,
    514,
    515,
    516,
    517,
    518,
    519,
    520,
    521,
    522,
    523,
    524,
    525,
    526,
    527,
    528,
    529,
    530,
    531,
    532,
    533,
    534,
    535,
    536,
    537,
    538,
    539
  ],
  "surrogate_from_baseline": false,
  "hidden_sizes": [
    10,
    10,
    10
  ],
  "mlp_mode": "mlp_rebuild",
  "mlp_metrics": {
    "train_mse": 3679.499267578125,
    "val_mse": 2851.26220703125,
    "train_rmse": 60.65887624724122,
    "val_rmse": 53.39721160352149,
    "train_mae": 45.22654724121094,
    "val_mae": 41.99028778076172,
    "train_r2": 0.4777876138687134,
    "val_r2": 0.5480096340179443
  },
  "mlp_train_time": 26.742455070023425
}