{
  "iter_idx": 21,
  "n0_value": 0,
  "mode": "sensors",
  "is_final_mlp": true,
  "orig_indices": [
    510,
    511,
    512,
    513,
    514,
    515,
    516,
    517,
    518,
    519,
    520,
    521,
    522,
    523,
    524,
    525,
    526,
    527,
    528,
    529,
    530,
    531,
    532,
    533,
    534,
    535,
    536,
    537,
    538,
    539
  ],
  "input_dim": 30,
  "hidden_sizes": [
    10,
    10,
    10
  ],
  "mlp_mode": "mlp_rebuild",
  "mlp_metrics": {
    "train_mse": 7037.5517578125,
    "val_mse": 6324.54248046875,
    "train_rmse": 83.8901171641362,
    "val_rmse": 79.52699215026776,
    "train_mae": 66.96119689941406,
    "val_mae": 65.91315460205078,
    "train_r2": 0.0011965036392211914,
    "val_r2": -0.0025849342346191406
  },
  "mlp_train_time": 25.442809882981237
}