{
  "iter_idx": 29,
  "n0_value": 1,
  "mode": "windows",
  "baseline_mode": "capped",
  "baseline_slack": 0.0,
  "baseline_mae_clusters": 10.122978968995556,
  "baseline_mae_floor": 10.122978968995556,
  "summary_1": [
    {
      "Solver Status": "Normal",
      "Model Status": "OptimalGlobal",
      "Objective": 5.7334084746118,
      "Num of Equations": 2182,
      "Num of Variables": 1633,
      "Model Type": "MIP",
      "Solver": "GUROBI",
      "Solver Time": 0.02
    }
  ],
  "summary_2": [
    {
      "Solver Status": "Normal",
      "Model Status": "OptimalGlobal",
      "Objective": 10.1229789689956,
      "Num of Equations": 3383,
      "Num of Variables": 2243,
      "Model Type": "MIP",
      "Solver": "GUROBI",
      "Solver Time": 0.915
    }
  ],
  "selection_df": [
    {
      "w": "1",
      "level": 0.0,
      "marginal": -0.0,
      "lower": 0.0,
      "upper": 1.0,
      "scale": 1.0
    },
    {
      "w": "2",
      "level": 1.0,
      "marginal": -0.0,
      "lower": 0.0,
      "upper": 1.0,
      "scale": 1.0
    }
  ],
  "selected_original": [
    29
  ],
  "selection_vector": [
    0,
    0,
    0,
    0,
    0,
    0,
    0,
    0,
    0,
    0,
    0,
    0,
    0,
    0,
    0,
    0,
    0,
    0,
    0,
    0,
    0,
    0,
    0,
    0,
    0,
    0,
    0,
    0,
    0,
    1
  ],
  "importance_vector": [
    0.0,
    0.0,
    0.0,
    0.0,
    0.0,
    0.0,
    0.0,
    0.0,
    0.0,
    0.0,
    0.0,
    0.0,
    0.0,
    0.0,
    0.0,
    0.0,
    0.0,
    0.0,
    0.0,
    0.0,
    0.0,
    0.0,
    0.0,
    0.0,
    0.0,
    0.0,
    0.0,
    0.0,
    0.0,
    68.33140729643333
  ],
  "importance_vector_norm": [
    0.0,
    0.0,
    0.0,
    0.0,
    0.0,
    0.0,
    0.0,
    0.0,
    0.0,
    0.0,
    0.0,
    0.0,
    0.0,
    0.0,
    0.0,
    0.0,
    0.0,
    0.0,
    0.0,
    0.0,
    0.0,
    0.0,
    0.0,
    0.0,
    0.0,
    0.0,
    0.0,
    0.0,
    0.0,
    1.0
  ],
  "selected_sensors": [
    1,
    2,
    3,
    4,
    5,
    6,
    7,
    8,
    9,
    10,
    11,
    12,
    13,
    14,
    15
  ],
  "selected_windows": [
    30
  ],
  "X_train_shape_next": [
    100,
    15,
    1
  ],
  "X_val_shape_next": [
    100,
    15,
    1
  ],
  "M_curr": 15,
  "W_curr": 2,
  "input_dim": 30,
  "orig_indices": [
    0,
    29,
    30,
    59,
    60,
    89,
    90,
    119,
    120,
    149,
    150,
    179,
    180,
    209,
    210,
    239,
    240,
    269,
    270,
    299,
    300,
    329,
    330,
    359,
    360,
    389,
    390,
    419,
    420,
    449
  ],
  "surrogate_from_baseline": false,
  "hidden_sizes": [
    10
  ],
  "mlp_mode": "mlp_transfer",
  "mlp_metrics": {
    "train_mse": 29.974018096923828,
    "val_mse": 53.37095642089844,
    "train_rmse": 5.474853248893876,
    "val_rmse": 7.305542856003135,
    "train_mae": 4.243699550628662,
    "val_mae": 5.616631507873535,
    "train_r2": 0.5827112197875977,
    "val_r2": 0.27300500869750977
  },
  "mlp_train_time": 3.4543667058460414
}