{
  "iter_idx": 30,
  "n0_value": 0,
  "mode": "windows",
  "is_final_mlp": true,
  "orig_indices": [
    29,
    59,
    89,
    119,
    149,
    179,
    209,
    239,
    269,
    299,
    329,
    359,
    389,
    419,
    449
  ],
  "input_dim": 15,
  "hidden_sizes": [
    10
  ],
  "mlp_mode": "mlp_transfer",
  "mlp_metrics": {
    "train_mse": 36.4038200378418,
    "val_mse": 39.488502502441406,
    "train_rmse": 6.033557825847184,
    "val_rmse": 6.283987786624144,
    "train_mae": 4.818536758422852,
    "val_mae": 5.265805244445801,
    "train_r2": 0.49319761991500854,
    "val_r2": 0.46210551261901855
  },
  "mlp_train_time": 3.4056997820734978
}