{
  "iter_idx": 27,
  "n0_value": 3,
  "mode": "windows",
  "baseline_mode": "capped",
  "baseline_slack": 0.0,
  "baseline_mae_clusters": 10.122978968995556,
  "baseline_mae_floor": 10.122978968995556,
  "summary_1": [
    {
      "Solver Status": "Normal",
      "Model Status": "OptimalGlobal",
      "Objective": 4.56003699379594,
      "Num of Equations": 2212,
      "Num of Variables": 1665,
      "Model Type": "MIP",
      "Solver": "GUROBI",
      "Solver Time": 0.042
    }
  ],
  "summary_2": [
    {
      "Solver Status": "Normal",
      "Model Status": "OptimalGlobal",
      "Objective": 10.1229789689956,
      "Num of Equations": 4613,
      "Num of Variables": 2875,
      "Model Type": "MIP",
      "Solver": "GUROBI",
      "Solver Time": 0.346
    }
  ],
  "selection_df": [
    {
      "w": "1",
      "level": 1.0,
      "marginal": -0.0,
      "lower": 0.0,
      "upper": 1.0,
      "scale": 1.0
    },
    {
      "w": "2",
      "level": 1.0,
      "marginal": -0.0,
      "lower": 0.0,
      "upper": 1.0,
      "scale": 1.0
    },
    {
      "w": "3",
      "level": 0.0,
      "marginal": -0.0,
      "lower": 0.0,
      "upper": 1.0,
      "scale": 1.0
    },
    {
      "w": "4",
      "level": 1.0,
      "marginal": -0.0,
      "lower": 0.0,
      "upper": 1.0,
      "scale": 1.0
    }
  ],
  "selected_original": [
    0,
    24,
    29
  ],
  "selection_vector": [
    1,
    0,
    0,
    0,
    0,
    0,
    0,
    0,
    0,
    0,
    0,
    0,
    0,
    0,
    0,
    0,
    0,
    0,
    0,
    0,
    0,
    0,
    0,
    0,
    1,
    0,
    0,
    0,
    0,
    1
  ],
  "importance_vector": [
    64.56760725096852,
    0.0,
    0.0,
    0.0,
    0.0,
    0.0,
    0.0,
    0.0,
    0.0,
    0.0,
    0.0,
    0.0,
    0.0,
    0.0,
    0.0,
    0.0,
    0.0,
    0.0,
    0.0,
    0.0,
    0.0,
    0.0,
    0.0,
    0.0,
    62.88092363810832,
    0.0,
    0.0,
    0.0,
    0.0,
    69.54079433764822
  ],
  "importance_vector_norm": [
    0.3277721124058594,
    0.0,
    0.0,
    0.0,
    0.0,
    0.0,
    0.0,
    0.0,
    0.0,
    0.0,
    0.0,
    0.0,
    0.0,
    0.0,
    0.0,
    0.0,
    0.0,
    0.0,
    0.0,
    0.0,
    0.0,
    0.0,
    0.0,
    0.0,
    0.3192098026922802,
    0.0,
    0.0,
    0.0,
    0.0,
    0.35301808490186043
  ],
  "selected_sensors": [
    1,
    2,
    3,
    4,
    5,
    6,
    7,
    8,
    9,
    10,
    11,
    12,
    13,
    14,
    15
  ],
  "selected_windows": [
    1,
    25,
    30
  ],
  "X_train_shape_next": [
    100,
    15,
    3
  ],
  "X_val_shape_next": [
    100,
    15,
    3
  ],
  "M_curr": 15,
  "W_curr": 4,
  "input_dim": 60,
  "orig_indices": [
    0,
    24,
    26,
    29,
    30,
    54,
    56,
    59,
    60,
    84,
    86,
    89,
    90,
    114,
    116,
    119,
    120,
    144,
    146,
    149,
    150,
    174,
    176,
    179,
    180,
    204,
    206,
    209,
    210,
    234,
    236,
    239,
    240,
    264,
    266,
    269,
    270,
    294,
    296,
    299,
    300,
    324,
    326,
    329,
    330,
    354,
    356,
    359,
    360,
    384,
    386,
    389,
    390,
    414,
    416,
    419,
    420,
    444,
    446,
    449
  ],
  "surrogate_from_baseline": false,
  "hidden_sizes": [
    10
  ],
  "mlp_mode": "mlp_transfer",
  "mlp_metrics": {
    "train_mse": 18.31078338623047,
    "val_mse": 47.48442459106445,
    "train_rmse": 4.27911011616089,
    "val_rmse": 6.890894324473744,
    "train_mae": 3.498833656311035,
    "val_mae": 5.238372325897217,
    "train_r2": 0.7450830936431885,
    "val_r2": 0.353188693523407
  },
  "mlp_train_time": 3.4589328430593014
}