{
  "iter_idx": 15,
  "n0_value": 0,
  "mode": "sensors",
  "is_final_mlp": true,
  "orig_indices": [
    60,
    61,
    62,
    63,
    64,
    65,
    66,
    67,
    68,
    69,
    70,
    71,
    72,
    73,
    74,
    75,
    76,
    77,
    78,
    79,
    80,
    81,
    82,
    83,
    84,
    85,
    86,
    87,
    88,
    89
  ],
  "input_dim": 30,
  "hidden_sizes": [
    10,
    10,
    10
  ],
  "mlp_mode": "mlp_transfer",
  "mlp_metrics": {
    "train_mse": 202.5885772705078,
    "val_mse": 475.60284423828125,
    "train_rmse": 14.233361418530333,
    "val_rmse": 21.808320527685787,
    "train_mae": 12.284736633300781,
    "val_mae": 16.954275131225586,
    "train_r2": -1.8957936763763428,
    "val_r2": -5.537936687469482
  },
  "mlp_train_time": 3.51703373901546
}