{
  "iter_idx": 21,
  "n0_value": 0,
  "mode": "sensors",
  "is_final_mlp": true,
  "orig_indices": [
    30,
    31,
    32,
    33,
    34,
    35,
    36,
    37,
    38,
    39,
    40,
    41,
    42,
    43,
    44,
    45,
    46,
    47,
    48,
    49,
    50,
    51,
    52,
    53,
    54,
    55,
    56,
    57,
    58,
    59
  ],
  "input_dim": 30,
  "hidden_sizes": [
    10,
    10,
    10
  ],
  "mlp_mode": "mlp_transfer",
  "mlp_metrics": {
    "train_mse": 1054.7210693359375,
    "val_mse": 1697.51611328125,
    "train_rmse": 32.476469471541044,
    "val_rmse": 41.200923694515026,
    "train_mae": 28.38653564453125,
    "val_mae": 35.364437103271484,
    "train_r2": -12.613184928894043,
    "val_r2": -21.750150680541992
  },
  "mlp_train_time": 3.5454327510669827
}