{
  "iter_idx": 27,
  "n0_value": 3,
  "mode": "windows",
  "baseline_mode": "capped",
  "baseline_slack": 0.0,
  "baseline_mae_clusters": 5.216729816692834,
  "baseline_mae_floor": 5.216729816692834,
  "summary_1": [
    {
      "Solver Status": "Normal",
      "Model Status": "OptimalGlobal",
      "Objective": 4.3392621854347,
      "Num of Equations": 4212,
      "Num of Variables": 3165,
      "Model Type": "MIP",
      "Solver": "GUROBI",
      "Solver Time": 0.438
    }
  ],
  "summary_2": [
    {
      "Solver Status": "Normal",
      "Model Status": "OptimalGlobal",
      "Objective": 5.21672981669283,
      "Num of Equations": 6613,
      "Num of Variables": 4375,
      "Model Type": "MIP",
      "Solver": "GUROBI",
      "Solver Time": 2.13
    }
  ],
  "selection_df": [
    {
      "w": "1",
      "level": 0.0,
      "marginal": -0.0,
      "lower": 0.0,
      "upper": 1.0,
      "scale": 1.0
    },
    {
      "w": "2",
      "level": 1.0,
      "marginal": -0.0,
      "lower": 0.0,
      "upper": 1.0,
      "scale": 1.0
    },
    {
      "w": "3",
      "level": 1.0,
      "marginal": -0.0,
      "lower": 0.0,
      "upper": 1.0,
      "scale": 1.0
    },
    {
      "w": "4",
      "level": 1.0,
      "marginal": -0.0,
      "lower": 0.0,
      "upper": 1.0,
      "scale": 1.0
    }
  ],
  "selected_original": [
    3,
    13,
    28
  ],
  "selection_vector": [
    0,
    0,
    0,
    1,
    0,
    0,
    0,
    0,
    0,
    0,
    0,
    0,
    0,
    1,
    0,
    0,
    0,
    0,
    0,
    0,
    0,
    0,
    0,
    0,
    0,
    0,
    0,
    0,
    1,
    0
  ],
  "importance_vector": [
    0.0,
    0.0,
    0.0,
    32.41544427986828,
    0.0,
    0.0,
    0.0,
    0.0,
    0.0,
    0.0,
    0.0,
    0.0,
    0.0,
    36.09552093984321,
    0.0,
    0.0,
    0.0,
    0.0,
    0.0,
    0.0,
    0.0,
    0.0,
    0.0,
    0.0,
    0.0,
    0.0,
    0.0,
    0.0,
    46.49512212429135,
    0.0
  ],
  "importance_vector_norm": [
    0.0,
    0.0,
    0.0,
    0.28185850878404506,
    0.0,
    0.0,
    0.0,
    0.0,
    0.0,
    0.0,
    0.0,
    0.0,
    0.0,
    0.31385748157726073,
    0.0,
    0.0,
    0.0,
    0.0,
    0.0,
    0.0,
    0.0,
    0.0,
    0.0,
    0.0,
    0.0,
    0.0,
    0.0,
    0.0,
    0.40428400963869415,
    0.0
  ],
  "selected_sensors": [
    1,
    2,
    3,
    4,
    5,
    6,
    7,
    8,
    9,
    10,
    11,
    12,
    13,
    14,
    15
  ],
  "selected_windows": [
    4,
    14,
    29
  ],
  "X_train_shape_next": [
    100,
    15,
    3
  ],
  "X_val_shape_next": [
    100,
    15,
    3
  ],
  "M_curr": 15,
  "W_curr": 4,
  "input_dim": 60,
  "orig_indices": [
    2,
    3,
    13,
    28,
    32,
    33,
    43,
    58,
    62,
    63,
    73,
    88,
    92,
    93,
    103,
    118,
    122,
    123,
    133,
    148,
    152,
    153,
    163,
    178,
    182,
    183,
    193,
    208,
    212,
    213,
    223,
    238,
    242,
    243,
    253,
    268,
    272,
    273,
    283,
    298,
    302,
    303,
    313,
    328,
    332,
    333,
    343,
    358,
    362,
    363,
    373,
    388,
    392,
    393,
    403,
    418,
    422,
    423,
    433,
    448
  ],
  "surrogate_from_baseline": false,
  "hidden_sizes": [
    10,
    10
  ],
  "mlp_mode": "mlp_transfer",
  "mlp_metrics": {
    "train_mse": 31.71432876586914,
    "val_mse": 46.620025634765625,
    "train_rmse": 5.631547635052832,
    "val_rmse": 6.827885883255931,
    "train_mae": 4.411587238311768,
    "val_mae": 5.151185512542725,
    "train_r2": 0.5584832429885864,
    "val_r2": 0.364963173866272
  },
  "mlp_train_time": 3.507978359935805
}