{
  "iter_idx": 30,
  "n0_value": 0,
  "mode": "windows",
  "is_final_mlp": true,
  "orig_indices": [
    28,
    58,
    88,
    118,
    148,
    178,
    208,
    238,
    268,
    298,
    328,
    358,
    388,
    418,
    448
  ],
  "input_dim": 15,
  "hidden_sizes": [
    10,
    10
  ],
  "mlp_mode": "mlp_transfer",
  "mlp_metrics": {
    "train_mse": 23.215883255004883,
    "val_mse": 32.551910400390625,
    "train_rmse": 4.818286340080348,
    "val_rmse": 5.705428152241567,
    "train_mae": 3.9210522174835205,
    "val_mae": 4.726222038269043,
    "train_r2": 0.6767958402633667,
    "val_r2": 0.5565926432609558
  },
  "mlp_train_time": 3.5180541209410876
}