{
  "iter_idx": 28,
  "n0_value": 2,
  "mode": "windows",
  "baseline_mode": "capped",
  "baseline_slack": 0.0,
  "baseline_mae_clusters": 5.216729816692834,
  "baseline_mae_floor": 5.216729816692834,
  "summary_1": [
    {
      "Solver Status": "Normal",
      "Model Status": "OptimalGlobal",
      "Objective": 4.34560323856507,
      "Num of Equations": 4197,
      "Num of Variables": 3149,
      "Model Type": "MIP",
      "Solver": "GUROBI",
      "Solver Time": 0.288
    }
  ],
  "summary_2": [
    {
      "Solver Status": "Normal",
      "Model Status": "OptimalGlobal",
      "Objective": 5.21672981669283,
      "Num of Equations": 5998,
      "Num of Variables": 4059,
      "Model Type": "MIP",
      "Solver": "GUROBI",
      "Solver Time": 3.755
    }
  ],
  "selection_df": [
    {
      "w": "1",
      "level": 0.0,
      "marginal": -0.0,
      "lower": 0.0,
      "upper": 1.0,
      "scale": 1.0
    },
    {
      "w": "2",
      "level": 1.0,
      "marginal": -0.0,
      "lower": 0.0,
      "upper": 1.0,
      "scale": 1.0
    },
    {
      "w": "3",
      "level": 1.0,
      "marginal": -0.0,
      "lower": 0.0,
      "upper": 1.0,
      "scale": 1.0
    }
  ],
  "selected_original": [
    13,
    28
  ],
  "selection_vector": [
    0,
    0,
    0,
    0,
    0,
    0,
    0,
    0,
    0,
    0,
    0,
    0,
    0,
    1,
    0,
    0,
    0,
    0,
    0,
    0,
    0,
    0,
    0,
    0,
    0,
    0,
    0,
    0,
    1,
    0
  ],
  "importance_vector": [
    0.0,
    0.0,
    0.0,
    0.0,
    0.0,
    0.0,
    0.0,
    0.0,
    0.0,
    0.0,
    0.0,
    0.0,
    0.0,
    32.337465712730825,
    0.0,
    0.0,
    0.0,
    0.0,
    0.0,
    0.0,
    0.0,
    0.0,
    0.0,
    0.0,
    0.0,
    0.0,
    0.0,
    0.0,
    47.69373970946283,
    0.0
  ],
  "importance_vector_norm": [
    0.0,
    0.0,
    0.0,
    0.0,
    0.0,
    0.0,
    0.0,
    0.0,
    0.0,
    0.0,
    0.0,
    0.0,
    0.0,
    0.4040607103459076,
    0.0,
    0.0,
    0.0,
    0.0,
    0.0,
    0.0,
    0.0,
    0.0,
    0.0,
    0.0,
    0.0,
    0.0,
    0.0,
    0.0,
    0.5959392896540923,
    0.0
  ],
  "selected_sensors": [
    1,
    2,
    3,
    4,
    5,
    6,
    7,
    8,
    9,
    10,
    11,
    12,
    13,
    14,
    15
  ],
  "selected_windows": [
    14,
    29
  ],
  "X_train_shape_next": [
    100,
    15,
    2
  ],
  "X_val_shape_next": [
    100,
    15,
    2
  ],
  "M_curr": 15,
  "W_curr": 3,
  "input_dim": 45,
  "orig_indices": [
    3,
    13,
    28,
    33,
    43,
    58,
    63,
    73,
    88,
    93,
    103,
    118,
    123,
    133,
    148,
    153,
    163,
    178,
    183,
    193,
    208,
    213,
    223,
    238,
    243,
    253,
    268,
    273,
    283,
    298,
    303,
    313,
    328,
    333,
    343,
    358,
    363,
    373,
    388,
    393,
    403,
    418,
    423,
    433,
    448
  ],
  "surrogate_from_baseline": false,
  "hidden_sizes": [
    10,
    10
  ],
  "mlp_mode": "mlp_transfer",
  "mlp_metrics": {
    "train_mse": 24.742321014404297,
    "val_mse": 33.35578155517578,
    "train_rmse": 4.974165358570652,
    "val_rmse": 5.775446437737587,
    "train_mae": 3.7714743614196777,
    "val_mae": 4.268245697021484,
    "train_r2": 0.6555452346801758,
    "val_r2": 0.545642614364624
  },
  "mlp_train_time": 3.44311941601336
}