{
  "iter_idx": 21,
  "n0_value": 0,
  "mode": "sensors",
  "is_final_mlp": true,
  "orig_indices": [
    30,
    31,
    32,
    33,
    34,
    35,
    36,
    37,
    38,
    39,
    40,
    41,
    42,
    43,
    44,
    45,
    46,
    47,
    48,
    49,
    50,
    51,
    52,
    53,
    54,
    55,
    56,
    57,
    58,
    59
  ],
  "input_dim": 30,
  "hidden_sizes": [
    10
  ],
  "mlp_mode": "mlp_transfer",
  "mlp_metrics": {
    "train_mse": 546.9296264648438,
    "val_mse": 604.4950561523438,
    "train_rmse": 23.386526601118938,
    "val_rmse": 24.58648116653426,
    "train_mae": 19.13857650756836,
    "val_mae": 20.9997501373291,
    "train_r2": -6.91935396194458,
    "val_r2": -7.0331573486328125
  },
  "mlp_train_time": 3.391802062978968
}