{
  "iter_idx": 13,
  "n0_value": 2,
  "mode": "sensors",
  "baseline_mode": "capped",
  "baseline_slack": 0.0,
  "baseline_mae_clusters": 2.2066822279071308,
  "baseline_mae_floor": 2.2066822279071308,
  "summary_1": [
    {
      "Solver Status": "Normal",
      "Model Status": "OptimalGlobal",
      "Objective": 7.92061376392982,
      "Num of Equations": 6242,
      "Num of Variables": 4694,
      "Model Type": "MIP",
      "Solver": "GUROBI",
      "Solver Time": 0.642
    }
  ],
  "summary_2": [
    {
      "Solver Status": "Normal",
      "Model Status": "OptimalGlobal",
      "Objective": 2.20668222790713,
      "Num of Equations": 9843,
      "Num of Variables": 6504,
      "Model Type": "MIP",
      "Solver": "GUROBI",
      "Solver Time": 39.195
    }
  ],
  "selection_df": [
    {
      "s": "1",
      "level": 1.0,
      "marginal": -0.0,
      "lower": 0.0,
      "upper": 1.0,
      "scale": 1.0
    },
    {
      "s": "2",
      "level": 1.0,
      "marginal": -0.0,
      "lower": 0.0,
      "upper": 1.0,
      "scale": 1.0
    },
    {
      "s": "3",
      "level": 0.0,
      "marginal": -0.0,
      "lower": 0.0,
      "upper": 1.0,
      "scale": 1.0
    }
  ],
  "selected_original": [
    0,
    4
  ],
  "selection_vector": [
    1,
    0,
    0,
    0,
    1,
    0,
    0,
    0,
    0,
    0,
    0,
    0,
    0,
    0,
    0
  ],
  "importance_vector": [
    47.84439947145315,
    0.0,
    0.0,
    0.0,
    58.22504758599668,
    0.0,
    0.0,
    0.0,
    0.0,
    0.0,
    0.0,
    0.0,
    0.0,
    0.0,
    0.0
  ],
  "importance_vector_norm": [
    0.45106673786598933,
    0.0,
    0.0,
    0.0,
    0.5489332621340107,
    0.0,
    0.0,
    0.0,
    0.0,
    0.0,
    0.0,
    0.0,
    0.0,
    0.0,
    0.0
  ],
  "selected_sensors": [
    1,
    5
  ],
  "selected_windows": [
    1,
    2,
    3,
    4,
    5,
    6,
    7,
    8,
    9,
    10,
    11,
    12,
    13,
    14,
    15,
    16,
    17,
    18,
    19,
    20,
    21,
    22,
    23,
    24,
    25,
    26,
    27,
    28,
    29,
    30
  ],
  "X_train_shape_next": [
    100,
    2,
    30
  ],
  "X_val_shape_next": [
    100,
    2,
    30
  ],
  "M_curr": 3,
  "W_curr": 30,
  "input_dim": 90,
  "orig_indices": [
    0,
    1,
    2,
    3,
    4,
    5,
    6,
    7,
    8,
    9,
    10,
    11,
    12,
    13,
    14,
    15,
    16,
    17,
    18,
    19,
    20,
    21,
    22,
    23,
    24,
    25,
    26,
    27,
    28,
    29,
    120,
    121,
    122,
    123,
    124,
    125,
    126,
    127,
    128,
    129,
    130,
    131,
    132,
    133,
    134,
    135,
    136,
    137,
    138,
    139,
    140,
    141,
    142,
    143,
    144,
    145,
    146,
    147,
    148,
    149,
    180,
    181,
    182,
    183,
    184,
    185,
    186,
    187,
    188,
    189,
    190,
    191,
    192,
    193,
    194,
    195,
    196,
    197,
    198,
    199,
    200,
    201,
    202,
    203,
    204,
    205,
    206,
    207,
    208,
    209
  ],
  "surrogate_from_baseline": false,
  "hidden_sizes": [
    10,
    10,
    10
  ],
  "mlp_mode": "mlp_transfer",
  "mlp_metrics": {
    "train_mse": 45.43631362915039,
    "val_mse": 99.0074691772461,
    "train_rmse": 6.740646380663385,
    "val_rmse": 9.950249704266025,
    "train_mae": 5.167092800140381,
    "val_mae": 7.272805690765381,
    "train_r2": 0.37490880489349365,
    "val_r2": -0.469539999961853
  },
  "mlp_train_time": 3.4837037390097976
}