{
  "iter_idx": 14,
  "n0_value": 1,
  "mode": "sensors",
  "baseline_mode": "capped",
  "baseline_slack": 0.0,
  "baseline_mae_clusters": 2.2066822279071308,
  "baseline_mae_floor": 2.2066822279071308,
  "summary_1": [
    {
      "Solver Status": "Normal",
      "Model Status": "OptimalGlobal",
      "Objective": 19.1669353919309,
      "Num of Equations": 6212,
      "Num of Variables": 4663,
      "Model Type": "MIP",
      "Solver": "GUROBI",
      "Solver Time": 0.06
    }
  ],
  "summary_2": [
    {
      "Solver Status": "Resource",
      "Model Status": "Feasible",
      "Objective": 2.63689559718188,
      "Num of Equations": 8613,
      "Num of Variables": 5873,
      "Model Type": "MIP",
      "Solver": "GUROBI",
      "Solver Time": 60.233
    }
  ],
  "selection_df": [
    {
      "s": "1",
      "level": 0.0,
      "marginal": -0.0,
      "lower": 0.0,
      "upper": 1.0,
      "scale": 1.0
    },
    {
      "s": "2",
      "level": 1.0,
      "marginal": -0.0,
      "lower": 0.0,
      "upper": 1.0,
      "scale": 1.0
    }
  ],
  "selected_original": [
    4
  ],
  "selection_vector": [
    0,
    0,
    0,
    0,
    1,
    0,
    0,
    0,
    0,
    0,
    0,
    0,
    0,
    0,
    0
  ],
  "importance_vector": [
    0.0,
    0.0,
    0.0,
    0.0,
    51.84390511353889,
    0.0,
    0.0,
    0.0,
    0.0,
    0.0,
    0.0,
    0.0,
    0.0,
    0.0,
    0.0
  ],
  "importance_vector_norm": [
    0.0,
    0.0,
    0.0,
    0.0,
    1.0,
    0.0,
    0.0,
    0.0,
    0.0,
    0.0,
    0.0,
    0.0,
    0.0,
    0.0,
    0.0
  ],
  "selected_sensors": [
    5
  ],
  "selected_windows": [
    1,
    2,
    3,
    4,
    5,
    6,
    7,
    8,
    9,
    10,
    11,
    12,
    13,
    14,
    15,
    16,
    17,
    18,
    19,
    20,
    21,
    22,
    23,
    24,
    25,
    26,
    27,
    28,
    29,
    30
  ],
  "X_train_shape_next": [
    100,
    1,
    30
  ],
  "X_val_shape_next": [
    100,
    1,
    30
  ],
  "M_curr": 2,
  "W_curr": 30,
  "input_dim": 60,
  "orig_indices": [
    0,
    1,
    2,
    3,
    4,
    5,
    6,
    7,
    8,
    9,
    10,
    11,
    12,
    13,
    14,
    15,
    16,
    17,
    18,
    19,
    20,
    21,
    22,
    23,
    24,
    25,
    26,
    27,
    28,
    29,
    120,
    121,
    122,
    123,
    124,
    125,
    126,
    127,
    128,
    129,
    130,
    131,
    132,
    133,
    134,
    135,
    136,
    137,
    138,
    139,
    140,
    141,
    142,
    143,
    144,
    145,
    146,
    147,
    148,
    149
  ],
  "surrogate_from_baseline": false,
  "hidden_sizes": [
    10,
    10,
    10
  ],
  "mlp_mode": "mlp_transfer",
  "mlp_metrics": {
    "train_mse": 51.236080169677734,
    "val_mse": 225.84890747070312,
    "train_rmse": 7.157938262494147,
    "val_rmse": 15.028270275407717,
    "train_mae": 5.423829555511475,
    "val_mae": 9.406177520751953,
    "train_r2": 0.29511839151382446,
    "val_r2": -2.3522117137908936
  },
  "mlp_train_time": 3.496427997946739
}