{
  "iter_idx": 15,
  "n0_value": 0,
  "mode": "sensors",
  "is_final_mlp": true,
  "orig_indices": [
    120,
    121,
    122,
    123,
    124,
    125,
    126,
    127,
    128,
    129,
    130,
    131,
    132,
    133,
    134,
    135,
    136,
    137,
    138,
    139,
    140,
    141,
    142,
    143,
    144,
    145,
    146,
    147,
    148,
    149
  ],
  "input_dim": 30,
  "hidden_sizes": [
    10,
    10,
    10
  ],
  "mlp_mode": "mlp_transfer",
  "mlp_metrics": {
    "train_mse": 295.85528564453125,
    "val_mse": 536.9141845703125,
    "train_rmse": 17.20044434439213,
    "val_rmse": 23.171408773967812,
    "train_mae": 13.859818458557129,
    "val_mae": 17.95162582397461,
    "train_r2": -3.0702366828918457,
    "val_r2": -6.969265937805176
  },
  "mlp_train_time": 3.5516787769738585
}