{
  "iter_idx": 21,
  "n0_value": 0,
  "mode": "sensors",
  "is_final_mlp": true,
  "orig_indices": [
    30,
    31,
    32,
    33,
    34,
    35,
    36,
    37,
    38,
    39,
    40,
    41,
    42,
    43,
    44,
    45,
    46,
    47,
    48,
    49,
    50,
    51,
    52,
    53,
    54,
    55,
    56,
    57,
    58,
    59
  ],
  "input_dim": 30,
  "hidden_sizes": [
    10
  ],
  "mlp_mode": "mlp_transfer",
  "mlp_metrics": {
    "train_mse": 1357.251708984375,
    "val_mse": 1373.3148193359375,
    "train_rmse": 36.84089723370449,
    "val_rmse": 37.05826249753134,
    "train_mae": 32.32048416137695,
    "val_mae": 31.845064163208008,
    "train_r2": -15.430902481079102,
    "val_r2": -16.375286102294922
  },
  "mlp_train_time": 3.4384184109512717
}