{
  "iter_idx": 15,
  "n0_value": 0,
  "mode": "sensors",
  "is_final_mlp": true,
  "orig_indices": [
    150,
    151,
    152,
    153,
    154,
    155,
    156,
    157,
    158,
    159,
    160,
    161,
    162,
    163,
    164,
    165,
    166,
    167,
    168,
    169,
    170,
    171,
    172,
    173,
    174,
    175,
    176,
    177,
    178,
    179
  ],
  "input_dim": 30,
  "hidden_sizes": [
    10
  ],
  "mlp_mode": "mlp_rebuild",
  "mlp_metrics": {
    "train_mse": 2958.85888671875,
    "val_mse": 4797.52294921875,
    "train_rmse": 54.39539398440598,
    "val_rmse": 69.26415342165636,
    "train_mae": 40.08842086791992,
    "val_mae": 51.972599029541016,
    "train_r2": 0.19875472784042358,
    "val_r2": 0.026273369789123535
  },
  "mlp_train_time": 9.475681193987839
}