{
  "iter_idx": 21,
  "n0_value": 0,
  "mode": "sensors",
  "is_final_mlp": true,
  "orig_indices": [
    30,
    31,
    32,
    33,
    34,
    35,
    36,
    37,
    38,
    39,
    40,
    41,
    42,
    43,
    44,
    45,
    46,
    47,
    48,
    49,
    50,
    51,
    52,
    53,
    54,
    55,
    56,
    57,
    58,
    59
  ],
  "input_dim": 30,
  "hidden_sizes": [
    10
  ],
  "mlp_mode": "mlp_transfer",
  "mlp_metrics": {
    "train_mse": 1173.5810546875,
    "val_mse": 1429.39794921875,
    "train_rmse": 34.25756930500908,
    "val_rmse": 37.80737956032856,
    "train_mae": 29.9442081451416,
    "val_mae": 32.392608642578125,
    "train_r2": -14.734622955322266,
    "val_r2": -17.409543991088867
  },
  "mlp_train_time": 3.4396479290444404
}