{
  "iter_idx": 30,
  "n0_value": 0,
  "mode": "windows",
  "is_final_mlp": true,
  "orig_indices": [
    1,
    31,
    61,
    91,
    121,
    151,
    181,
    211,
    241,
    271,
    301,
    331,
    361,
    391,
    421,
    451,
    481,
    511,
    541,
    571,
    601
  ],
  "input_dim": 21,
  "hidden_sizes": [
    10
  ],
  "mlp_mode": "mlp_transfer",
  "mlp_metrics": {
    "train_mse": 132.18682861328125,
    "val_mse": 124.18840789794922,
    "train_rmse": 11.497253089902877,
    "val_rmse": 11.143985278972206,
    "train_mae": 8.962501525878906,
    "val_mae": 9.586974143981934,
    "train_r2": -0.9140200614929199,
    "val_r2": -0.8372941017150879
  },
  "mlp_train_time": 3.4139385879971087
}