{
  "iter_idx": 15,
  "n0_value": 0,
  "mode": "sensors",
  "is_final_mlp": true,
  "orig_indices": [
    210,
    211,
    212,
    213,
    214,
    215,
    216,
    217,
    218,
    219,
    220,
    221,
    222,
    223,
    224,
    225,
    226,
    227,
    228,
    229,
    230,
    231,
    232,
    233,
    234,
    235,
    236,
    237,
    238,
    239
  ],
  "input_dim": 30,
  "hidden_sizes": [
    10,
    10,
    10
  ],
  "mlp_mode": "mlp_rebuild",
  "mlp_metrics": {
    "train_mse": 1362.4049072265625,
    "val_mse": 2273.40380859375,
    "train_rmse": 36.91076952904887,
    "val_rmse": 47.68022450234216,
    "train_mae": 26.544921875,
    "val_mae": 34.501163482666016,
    "train_r2": 0.6310670375823975,
    "val_r2": 0.5385798215866089
  },
  "mlp_train_time": 11.28178736101836
}