{
  "iter_idx": 47,
  "n0_value": 3,
  "mode": "full",
  "baseline_mode": "capped",
  "baseline_slack": 0.0,
  "baseline_mae_clusters": 5.0686967940160095,
  "baseline_mae_floor": 5.0686967940160095,
  "summary_1": [
    {
      "Solver Status": "Normal",
      "Model Status": "OptimalGlobal",
      "Objective": 7.82544398714846,
      "Num of Equations": 2152,
      "Num of Variables": 1605,
      "Model Type": "MIP",
      "Solver": "GUROBI",
      "Solver Time": 0.048
    }
  ],
  "summary_2": [
    {
      "Solver Status": "Normal",
      "Model Status": "OptimalGlobal",
      "Objective": 5.06869679401601,
      "Num of Equations": 2313,
      "Num of Variables": 1695,
      "Model Type": "MIP",
      "Solver": "GUROBI",
      "Solver Time": 1.333
    }
  ],
  "selection_df": [
    {
      "m": "1",
      "level": 0.0,
      "marginal": -0.0,
      "lower": 0.0,
      "upper": 1.0,
      "scale": 1.0
    },
    {
      "m": "2",
      "level": 1.0,
      "marginal": -0.0,
      "lower": 0.0,
      "upper": 1.0,
      "scale": 1.0
    },
    {
      "m": "3",
      "level": 1.0,
      "marginal": -0.0,
      "lower": 0.0,
      "upper": 1.0,
      "scale": 1.0
    },
    {
      "m": "4",
      "level": 1.0,
      "marginal": -0.0,
      "lower": 0.0,
      "upper": 1.0,
      "scale": 1.0
    }
  ],
  "selected_original": [
    29,
    30,
    34
  ],
  "selection_vector": [
    0,
    0,
    0,
    0,
    0,
    0,
    0,
    0,
    0,
    0,
    0,
    0,
    0,
    0,
    0,
    0,
    0,
    0,
    0,
    0,
    0,
    0,
    0,
    0,
    0,
    0,
    0,
    0,
    0,
    1,
    1,
    0,
    0,
    0,
    1,
    0,
    0,
    0,
    0,
    0,
    0,
    0,
    0,
    0,
    0,
    0,
    0,
    0,
    0,
    0
  ],
  "importance_vector": [
    0.0,
    0.0,
    0.0,
    0.0,
    0.0,
    0.0,
    0.0,
    0.0,
    0.0,
    0.0,
    0.0,
    0.0,
    0.0,
    0.0,
    0.0,
    0.0,
    0.0,
    0.0,
    0.0,
    0.0,
    0.0,
    0.0,
    0.0,
    0.0,
    0.0,
    0.0,
    0.0,
    0.0,
    0.0,
    7.267163491774871,
    9.293674306003396,
    0.0,
    0.0,
    0.0,
    10.321742438338132,
    0.0,
    0.0,
    0.0,
    0.0,
    0.0,
    0.0,
    0.0,
    0.0,
    0.0,
    0.0,
    0.0,
    0.0,
    0.0,
    0.0,
    0.0
  ],
  "importance_vector_norm": [
    0.0,
    0.0,
    0.0,
    0.0,
    0.0,
    0.0,
    0.0,
    0.0,
    0.0,
    0.0,
    0.0,
    0.0,
    0.0,
    0.0,
    0.0,
    0.0,
    0.0,
    0.0,
    0.0,
    0.0,
    0.0,
    0.0,
    0.0,
    0.0,
    0.0,
    0.0,
    0.0,
    0.0,
    0.0,
    0.2703298354527565,
    0.3457136266078159,
    0.0,
    0.0,
    0.0,
    0.38395653793942763,
    0.0,
    0.0,
    0.0,
    0.0,
    0.0,
    0.0,
    0.0,
    0.0,
    0.0,
    0.0,
    0.0,
    0.0,
    0.0,
    0.0,
    0.0
  ],
  "selected_sensors": [
    3,
    4
  ],
  "selected_windows": [
    1,
    5,
    10
  ],
  "X_train_shape_next": [
    3014,
    3,
    1
  ],
  "X_val_shape_next": [
    319,
    3,
    1
  ],
  "M_curr": 4,
  "W_curr": 1,
  "input_dim": 4,
  "orig_indices": [
    27,
    29,
    30,
    34
  ],
  "surrogate_from_baseline": false,
  "hidden_sizes": [
    10
  ],
  "mlp_mode": "mlp_rebuild",
  "mlp_metrics": {
    "train_mse": 196.39503479003906,
    "val_mse": 176.24359130859375,
    "train_rmse": 14.014101283708458,
    "val_rmse": 13.275676679875634,
    "train_mae": 11.137772560119629,
    "val_mae": 10.483949661254883,
    "train_r2": -0.33917510509490967,
    "val_r2": -0.2918349504470825
  },
  "mlp_train_time": 4.949864674999844
}