{
  "iter_idx": 48,
  "n0_value": 2,
  "mode": "full",
  "baseline_mode": "capped",
  "baseline_slack": 0.0,
  "baseline_mae_clusters": 5.0686967940160095,
  "baseline_mae_floor": 5.0686967940160095,
  "summary_1": [
    {
      "Solver Status": "Normal",
      "Model Status": "OptimalGlobal",
      "Objective": 8.78573521891009,
      "Num of Equations": 2152,
      "Num of Variables": 1604,
      "Model Type": "MIP",
      "Solver": "GUROBI",
      "Solver Time": 0.026
    }
  ],
  "summary_2": [
    {
      "Solver Status": "Normal",
      "Model Status": "OptimalGlobal",
      "Objective": 5.06869679401601,
      "Num of Equations": 2273,
      "Num of Variables": 1674,
      "Model Type": "MIP",
      "Solver": "GUROBI",
      "Solver Time": 1.138
    }
  ],
  "selection_df": [
    {
      "m": "1",
      "level": 1.0,
      "marginal": -0.0,
      "lower": 0.0,
      "upper": 1.0,
      "scale": 1.0
    },
    {
      "m": "2",
      "level": 0.0,
      "marginal": -0.0,
      "lower": 0.0,
      "upper": 1.0,
      "scale": 1.0
    },
    {
      "m": "3",
      "level": 1.0,
      "marginal": -0.0,
      "lower": 0.0,
      "upper": 1.0,
      "scale": 1.0
    }
  ],
  "selected_original": [
    29,
    34
  ],
  "selection_vector": [
    0,
    0,
    0,
    0,
    0,
    0,
    0,
    0,
    0,
    0,
    0,
    0,
    0,
    0,
    0,
    0,
    0,
    0,
    0,
    0,
    0,
    0,
    0,
    0,
    0,
    0,
    0,
    0,
    0,
    1,
    0,
    0,
    0,
    0,
    1,
    0,
    0,
    0,
    0,
    0,
    0,
    0,
    0,
    0,
    0,
    0,
    0,
    0,
    0,
    0
  ],
  "importance_vector": [
    0.0,
    0.0,
    0.0,
    0.0,
    0.0,
    0.0,
    0.0,
    0.0,
    0.0,
    0.0,
    0.0,
    0.0,
    0.0,
    0.0,
    0.0,
    0.0,
    0.0,
    0.0,
    0.0,
    0.0,
    0.0,
    0.0,
    0.0,
    0.0,
    0.0,
    0.0,
    0.0,
    0.0,
    0.0,
    7.352473742361385,
    0.0,
    0.0,
    0.0,
    0.0,
    15.389179632723916,
    0.0,
    0.0,
    0.0,
    0.0,
    0.0,
    0.0,
    0.0,
    0.0,
    0.0,
    0.0,
    0.0,
    0.0,
    0.0,
    0.0,
    0.0
  ],
  "importance_vector_norm": [
    0.0,
    0.0,
    0.0,
    0.0,
    0.0,
    0.0,
    0.0,
    0.0,
    0.0,
    0.0,
    0.0,
    0.0,
    0.0,
    0.0,
    0.0,
    0.0,
    0.0,
    0.0,
    0.0,
    0.0,
    0.0,
    0.0,
    0.0,
    0.0,
    0.0,
    0.0,
    0.0,
    0.0,
    0.0,
    0.32330427436803755,
    0.0,
    0.0,
    0.0,
    0.0,
    0.6766957256319626,
    0.0,
    0.0,
    0.0,
    0.0,
    0.0,
    0.0,
    0.0,
    0.0,
    0.0,
    0.0,
    0.0,
    0.0,
    0.0,
    0.0,
    0.0
  ],
  "selected_sensors": [
    3,
    4
  ],
  "selected_windows": [
    5,
    10
  ],
  "X_train_shape_next": [
    3014,
    2,
    1
  ],
  "X_val_shape_next": [
    319,
    2,
    1
  ],
  "M_curr": 3,
  "W_curr": 1,
  "input_dim": 3,
  "orig_indices": [
    29,
    30,
    34
  ],
  "surrogate_from_baseline": false,
  "hidden_sizes": [
    10
  ],
  "mlp_mode": "mlp_rebuild",
  "mlp_metrics": {
    "train_mse": 221.16519165039062,
    "val_mse": 200.62525939941406,
    "train_rmse": 14.871623705916937,
    "val_rmse": 14.164224631070141,
    "train_mae": 11.6065673828125,
    "val_mae": 11.135628700256348,
    "train_r2": -0.5080775022506714,
    "val_r2": -0.47054827213287354
  },
  "mlp_train_time": 4.961654374958016
}