{
  "iter_idx": 0,
  "n0_value": 50,
  "mode": "full",
  "is_baseline": true,
  "is_final_mlp": false,
  "orig_indices": [
    0,
    1,
    2,
    3,
    4,
    5,
    6,
    7,
    8,
    9,
    10,
    11,
    12,
    13,
    14,
    15,
    16,
    17,
    18,
    19,
    20,
    21,
    22,
    23,
    24,
    25,
    26,
    27,
    28,
    29,
    30,
    31,
    32,
    33,
    34,
    35,
    36,
    37,
    38,
    39,
    40,
    41,
    42,
    43,
    44,
    45,
    46,
    47,
    48,
    49
  ],
  "input_dim": 50,
  "selection_vector": [
    1,
    1,
    1,
    1,
    1,
    1,
    1,
    1,
    1,
    1,
    1,
    1,
    1,
    1,
    1,
    1,
    1,
    1,
    1,
    1,
    1,
    1,
    1,
    1,
    1,
    1,
    1,
    1,
    1,
    1,
    1,
    1,
    1,
    1,
    1,
    1,
    1,
    1,
    1,
    1,
    1,
    1,
    1,
    1,
    1,
    1,
    1,
    1,
    1,
    1
  ],
  "selected_original": [
    0,
    1,
    2,
    3,
    4,
    5,
    6,
    7,
    8,
    9,
    10,
    11,
    12,
    13,
    14,
    15,
    16,
    17,
    18,
    19,
    20,
    21,
    22,
    23,
    24,
    25,
    26,
    27,
    28,
    29,
    30,
    31,
    32,
    33,
    34,
    35,
    36,
    37,
    38,
    39,
    40,
    41,
    42,
    43,
    44,
    45,
    46,
    47,
    48,
    49
  ],
  "importance_vector": [
    2.680480517446995,
    2.600167613476515,
    2.842490116134286,
    2.0976003780961037,
    1.4249857924878597,
    2.504872553050518,
    2.8317050859332085,
    2.8519047051668167,
    2.5813103541731834,
    2.822903972119093,
    1.655177547596395,
    1.36148646986112,
    2.0635029766708612,
    2.6452280916273594,
    2.0005622217431664,
    2.844740368425846,
    2.630161091685295,
    2.1851397585123777,
    2.5053253024816513,
    2.1812714179977775,
    3.8845725804567337,
    3.794779620715417,
    2.888026366941631,
    3.4703815542161465,
    3.437515750527382,
    1.995444044470787,
    3.2441523201414384,
    3.4340808764100075,
    3.40927105024457,
    3.2968131192028522,
    1.6889664195477962,
    3.2229773327708244,
    2.1922359317541122,
    2.228250380605459,
    2.317811533808708,
    2.5177027620375156,
    2.3975897217169404,
    2.256082307547331,
    2.6380678862333298,
    2.6182580832391977,
    2.7692031506448984,
    2.094364875461906,
    2.312153497710824,
    2.587667437735945,
    2.550003495067358,
    3.2685675024986267,
    2.5207612458616495,
    2.6834419444203377,
    1.5185973718762398,
    3.32756008207798
  ],
  "importance_vector_norm": [
    0.020638716803943906,
    0.020020336901549463,
    0.02188613128991535,
    0.016150753527059435,
    0.010971867927923517,
    0.019286599889791547,
    0.02180309051323624,
    0.021958620172264316,
    0.01987514292161684,
    0.0217353251650509,
    0.012744260009628626,
    0.010482946434778786,
    0.01588821604275933,
    0.02036728605546137,
    0.01540359531601875,
    0.02190345740718449,
    0.020251275682371443,
    0.01682477464746846,
    0.019290085894346137,
    0.016794989844384687,
    0.029909784037069582,
    0.029218411182453927,
    0.02223674371877242,
    0.026720665057217336,
    0.026467610423747186,
    0.01536418722833094,
    0.024978782934049332,
    0.026441163152929784,
    0.02625013659151637,
    0.02538425177123121,
    0.013004421930146478,
    0.024815743298124117,
    0.016879412578606038,
    0.01715671062492835,
    0.017846298654225802,
    0.019385387792965815,
    0.01846056143907083,
    0.017371006253836127,
    0.020312155100237643,
    0.02015962688327182,
    0.021321848536763128,
    0.016125841343534512,
    0.017802733851597825,
    0.01992409013331894,
    0.019634091589625997,
    0.02516677088289165,
    0.019408936996582433,
    0.020661518705409172,
    0.011692642753180158,
    0.025620992107611474
  ],
  "hidden_sizes": [
    10
  ],
  "mlp_mode": "baseline",
  "mlp_metrics": {
    "train_mse": 172.44189453125,
    "val_mse": 168.739501953125,
    "train_rmse": 13.131713312864015,
    "val_rmse": 12.989976980469404,
    "train_mae": 10.556182861328125,
    "val_mae": 10.55332088470459,
    "train_r2": -0.1758439540863037,
    "val_r2": -0.23683130741119385
  },
  "baseline_mae_clusters": 5.0686967940160095,
  "baseline_mae_floor": 5.0686967940160095
}