{
  "iter_idx": 30,
  "n0_value": 0,
  "mode": "windows",
  "is_final_mlp": true,
  "orig_indices": [
    17,
    47,
    77,
    107,
    137,
    167,
    197,
    227,
    257,
    287,
    317,
    347,
    377,
    407,
    437,
    467,
    497,
    527,
    557,
    587,
    617
  ],
  "input_dim": 21,
  "hidden_sizes": [
    10,
    10,
    10
  ],
  "mlp_mode": "mlp_transfer",
  "mlp_metrics": {
    "train_mse": 522.4788818359375,
    "val_mse": 412.2493896484375,
    "train_rmse": 22.85779695937335,
    "val_rmse": 20.30392547386927,
    "train_mae": 20.954452514648438,
    "val_mae": 18.13665771484375,
    "train_r2": -5.648701190948486,
    "val_r2": -4.93633508682251
  },
  "mlp_train_time": 3.4520513110328466
}