{
  "iter_idx": 27,
  "n0_value": 3,
  "mode": "windows",
  "baseline_mode": "capped",
  "baseline_slack": 0.0,
  "baseline_mae_clusters": 7.382947994106875,
  "baseline_mae_floor": 7.382947994106875,
  "summary_1": [
    {
      "Solver Status": "Normal",
      "Model Status": "OptimalGlobal",
      "Objective": 8.73081695846895,
      "Num of Equations": 6236,
      "Num of Variables": 4689,
      "Model Type": "MIP",
      "Solver": "GUROBI",
      "Solver Time": 0.798
    }
  ],
  "summary_2": [
    {
      "Solver Status": "Normal",
      "Model Status": "OptimalGlobal",
      "Objective": 7.38294799410688,
      "Num of Equations": 9597,
      "Num of Variables": 6379,
      "Model Type": "MIP",
      "Solver": "GUROBI",
      "Solver Time": 7.146
    }
  ],
  "selection_df": [
    {
      "w": "1",
      "level": 1.0,
      "marginal": -0.0,
      "lower": 0.0,
      "upper": 1.0,
      "scale": 1.0
    },
    {
      "w": "2",
      "level": 1.0,
      "marginal": -0.0,
      "lower": 0.0,
      "upper": 1.0,
      "scale": 1.0
    },
    {
      "w": "3",
      "level": 0.0,
      "marginal": -0.0,
      "lower": 0.0,
      "upper": 1.0,
      "scale": 1.0
    },
    {
      "w": "4",
      "level": 1.0,
      "marginal": -0.0,
      "lower": 0.0,
      "upper": 1.0,
      "scale": 1.0
    }
  ],
  "selected_original": [
    14,
    17,
    25
  ],
  "selection_vector": [
    0,
    0,
    0,
    0,
    0,
    0,
    0,
    0,
    0,
    0,
    0,
    0,
    0,
    0,
    1,
    0,
    0,
    1,
    0,
    0,
    0,
    0,
    0,
    0,
    0,
    1,
    0,
    0,
    0,
    0
  ],
  "importance_vector": [
    0.0,
    0.0,
    0.0,
    0.0,
    0.0,
    0.0,
    0.0,
    0.0,
    0.0,
    0.0,
    0.0,
    0.0,
    0.0,
    0.0,
    51.444540019841796,
    0.0,
    0.0,
    56.21445991294311,
    0.0,
    0.0,
    0.0,
    0.0,
    0.0,
    0.0,
    0.0,
    77.15060343315034,
    0.0,
    0.0,
    0.0,
    0.0
  ],
  "importance_vector_norm": [
    0.0,
    0.0,
    0.0,
    0.0,
    0.0,
    0.0,
    0.0,
    0.0,
    0.0,
    0.0,
    0.0,
    0.0,
    0.0,
    0.0,
    0.27836507996815624,
    0.0,
    0.0,
    0.30417499355612365,
    0.0,
    0.0,
    0.0,
    0.0,
    0.0,
    0.0,
    0.0,
    0.4174599264757202,
    0.0,
    0.0,
    0.0,
    0.0
  ],
  "selected_sensors": [
    1,
    2,
    3,
    4,
    5,
    6,
    7,
    8,
    9,
    10,
    11,
    12,
    13,
    14,
    15,
    16,
    17,
    18,
    19,
    20,
    21
  ],
  "selected_windows": [
    15,
    18,
    26
  ],
  "X_train_shape_next": [
    100,
    21,
    3
  ],
  "X_val_shape_next": [
    100,
    21,
    3
  ],
  "M_curr": 21,
  "W_curr": 4,
  "input_dim": 84,
  "orig_indices": [
    14,
    17,
    22,
    25,
    44,
    47,
    52,
    55,
    74,
    77,
    82,
    85,
    104,
    107,
    112,
    115,
    134,
    137,
    142,
    145,
    164,
    167,
    172,
    175,
    194,
    197,
    202,
    205,
    224,
    227,
    232,
    235,
    254,
    257,
    262,
    265,
    284,
    287,
    292,
    295,
    314,
    317,
    322,
    325,
    344,
    347,
    352,
    355,
    374,
    377,
    382,
    385,
    404,
    407,
    412,
    415,
    434,
    437,
    442,
    445,
    464,
    467,
    472,
    475,
    494,
    497,
    502,
    505,
    524,
    527,
    532,
    535,
    554,
    557,
    562,
    565,
    584,
    587,
    592,
    595,
    614,
    617,
    622,
    625
  ],
  "surrogate_from_baseline": false,
  "hidden_sizes": [
    10,
    10,
    10
  ],
  "mlp_mode": "mlp_transfer",
  "mlp_metrics": {
    "train_mse": 97.22083282470703,
    "val_mse": 201.12913513183594,
    "train_rmse": 9.860062516267686,
    "val_rmse": 14.182000392463538,
    "train_mae": 8.132672309875488,
    "val_mae": 10.369855880737305,
    "train_r2": -0.23716425895690918,
    "val_r2": -1.8962323665618896
  },
  "mlp_train_time": 3.4863303899765015
}