{
  "iter_idx": 30,
  "n0_value": 0,
  "mode": "windows",
  "is_final_mlp": true,
  "orig_indices": [
    1,
    31,
    61,
    91,
    121,
    151,
    181,
    211,
    241,
    271,
    301,
    331,
    361,
    391,
    421,
    451,
    481,
    511,
    541,
    571,
    601
  ],
  "input_dim": 21,
  "hidden_sizes": [
    10,
    10,
    10
  ],
  "mlp_mode": "mlp_transfer",
  "mlp_metrics": {
    "train_mse": 269.4027404785156,
    "val_mse": 280.9952087402344,
    "train_rmse": 16.413492634979175,
    "val_rmse": 16.76291170233365,
    "train_mae": 14.222679138183594,
    "val_mae": 14.290165901184082,
    "train_r2": -2.900859832763672,
    "val_r2": -3.1571578979492188
  },
  "mlp_train_time": 3.53897259500809
}