{
  "iter_idx": 30,
  "n0_value": 0,
  "mode": "windows",
  "is_final_mlp": true,
  "orig_indices": [
    29,
    59,
    89,
    119,
    149,
    179,
    209,
    239,
    269,
    299,
    329,
    359,
    389,
    419,
    449
  ],
  "input_dim": 15,
  "hidden_sizes": [
    10,
    10,
    10
  ],
  "mlp_mode": "mlp_transfer",
  "mlp_metrics": {
    "train_mse": 95.20578002929688,
    "val_mse": 170.09034729003906,
    "train_rmse": 9.757344927248235,
    "val_rmse": 13.041869010614969,
    "train_mae": 8.330777168273926,
    "val_mae": 10.197613716125488,
    "train_r2": -0.36086785793304443,
    "val_r2": -1.3381693363189697
  },
  "mlp_train_time": 3.431516082957387
}