{
  "iter_idx": 28,
  "n0_value": 2,
  "mode": "windows",
  "baseline_mode": "capped",
  "baseline_slack": 0.0,
  "baseline_mae_clusters": 3.2503905419446117,
  "baseline_mae_floor": 3.2503905419446117,
  "summary_1": [
    {
      "Solver Status": "Normal",
      "Model Status": "OptimalGlobal",
      "Objective": 5.39552207773578,
      "Num of Equations": 6197,
      "Num of Variables": 4649,
      "Model Type": "MIP",
      "Solver": "GUROBI",
      "Solver Time": 0.598
    }
  ],
  "summary_2": [
    {
      "Solver Status": "Normal",
      "Model Status": "OptimalGlobal",
      "Objective": 3.25039054194461,
      "Num of Equations": 7998,
      "Num of Variables": 5559,
      "Model Type": "MIP",
      "Solver": "GUROBI",
      "Solver Time": 3.262
    }
  ],
  "selection_df": [
    {
      "w": "1",
      "level": 1.0,
      "marginal": -0.0,
      "lower": 0.0,
      "upper": 1.0,
      "scale": 1.0
    },
    {
      "w": "2",
      "level": 0.0,
      "marginal": -0.0,
      "lower": 0.0,
      "upper": 1.0,
      "scale": 1.0
    },
    {
      "w": "3",
      "level": 1.0,
      "marginal": -0.0,
      "lower": 0.0,
      "upper": 1.0,
      "scale": 1.0
    }
  ],
  "selected_original": [
    0,
    29
  ],
  "selection_vector": [
    1,
    0,
    0,
    0,
    0,
    0,
    0,
    0,
    0,
    0,
    0,
    0,
    0,
    0,
    0,
    0,
    0,
    0,
    0,
    0,
    0,
    0,
    0,
    0,
    0,
    0,
    0,
    0,
    0,
    1
  ],
  "importance_vector": [
    35.608336494644334,
    0.0,
    0.0,
    0.0,
    0.0,
    0.0,
    0.0,
    0.0,
    0.0,
    0.0,
    0.0,
    0.0,
    0.0,
    0.0,
    0.0,
    0.0,
    0.0,
    0.0,
    0.0,
    0.0,
    0.0,
    0.0,
    0.0,
    0.0,
    0.0,
    0.0,
    0.0,
    0.0,
    0.0,
    51.43503680780384
  ],
  "importance_vector_norm": [
    0.40908727618949964,
    0.0,
    0.0,
    0.0,
    0.0,
    0.0,
    0.0,
    0.0,
    0.0,
    0.0,
    0.0,
    0.0,
    0.0,
    0.0,
    0.0,
    0.0,
    0.0,
    0.0,
    0.0,
    0.0,
    0.0,
    0.0,
    0.0,
    0.0,
    0.0,
    0.0,
    0.0,
    0.0,
    0.0,
    0.5909127238105004
  ],
  "selected_sensors": [
    1,
    2,
    3,
    4,
    5,
    6,
    7,
    8,
    9,
    10,
    11,
    12,
    13,
    14,
    15
  ],
  "selected_windows": [
    1,
    30
  ],
  "X_train_shape_next": [
    100,
    15,
    2
  ],
  "X_val_shape_next": [
    100,
    15,
    2
  ],
  "M_curr": 15,
  "W_curr": 3,
  "input_dim": 45,
  "orig_indices": [
    0,
    22,
    29,
    30,
    52,
    59,
    60,
    82,
    89,
    90,
    112,
    119,
    120,
    142,
    149,
    150,
    172,
    179,
    180,
    202,
    209,
    210,
    232,
    239,
    240,
    262,
    269,
    270,
    292,
    299,
    300,
    322,
    329,
    330,
    352,
    359,
    360,
    382,
    389,
    390,
    412,
    419,
    420,
    442,
    449
  ],
  "surrogate_from_baseline": false,
  "hidden_sizes": [
    10,
    10,
    10
  ],
  "mlp_mode": "mlp_transfer",
  "mlp_metrics": {
    "train_mse": 41.14437484741211,
    "val_mse": 103.91419982910156,
    "train_rmse": 6.414388111691723,
    "val_rmse": 10.193831459716291,
    "train_mae": 5.259111404418945,
    "val_mae": 7.589756011962891,
    "train_r2": 0.4118838310241699,
    "val_r2": -0.4284701347351074
  },
  "mlp_train_time": 3.5126758001279086
}