{
  "iter_idx": 27,
  "n0_value": 3,
  "mode": "windows",
  "baseline_mode": "capped",
  "baseline_slack": 0.0,
  "baseline_mae_clusters": 3.2503905419446117,
  "baseline_mae_floor": 3.2503905419446117,
  "summary_1": [
    {
      "Solver Status": "Normal",
      "Model Status": "OptimalGlobal",
      "Objective": 4.13453977303876,
      "Num of Equations": 6212,
      "Num of Variables": 4665,
      "Model Type": "MIP",
      "Solver": "GUROBI",
      "Solver Time": 0.392
    }
  ],
  "summary_2": [
    {
      "Solver Status": "Normal",
      "Model Status": "OptimalGlobal",
      "Objective": 3.25039054194461,
      "Num of Equations": 8613,
      "Num of Variables": 5875,
      "Model Type": "MIP",
      "Solver": "GUROBI",
      "Solver Time": 7.007
    }
  ],
  "selection_df": [
    {
      "w": "1",
      "level": 1.0,
      "marginal": -0.0,
      "lower": 0.0,
      "upper": 1.0,
      "scale": 1.0
    },
    {
      "w": "2",
      "level": 1.0,
      "marginal": -0.0,
      "lower": 0.0,
      "upper": 1.0,
      "scale": 1.0
    },
    {
      "w": "3",
      "level": 0.0,
      "marginal": -0.0,
      "lower": 0.0,
      "upper": 1.0,
      "scale": 1.0
    },
    {
      "w": "4",
      "level": 1.0,
      "marginal": -0.0,
      "lower": 0.0,
      "upper": 1.0,
      "scale": 1.0
    }
  ],
  "selected_original": [
    0,
    22,
    29
  ],
  "selection_vector": [
    1,
    0,
    0,
    0,
    0,
    0,
    0,
    0,
    0,
    0,
    0,
    0,
    0,
    0,
    0,
    0,
    0,
    0,
    0,
    0,
    0,
    0,
    1,
    0,
    0,
    0,
    0,
    0,
    0,
    1
  ],
  "importance_vector": [
    34.64101878909874,
    0.0,
    0.0,
    0.0,
    0.0,
    0.0,
    0.0,
    0.0,
    0.0,
    0.0,
    0.0,
    0.0,
    0.0,
    0.0,
    0.0,
    0.0,
    0.0,
    0.0,
    0.0,
    0.0,
    0.0,
    0.0,
    32.8344931518378,
    0.0,
    0.0,
    0.0,
    0.0,
    0.0,
    0.0,
    48.84836760425094
  ],
  "importance_vector_norm": [
    0.29779800093102976,
    0.0,
    0.0,
    0.0,
    0.0,
    0.0,
    0.0,
    0.0,
    0.0,
    0.0,
    0.0,
    0.0,
    0.0,
    0.0,
    0.0,
    0.0,
    0.0,
    0.0,
    0.0,
    0.0,
    0.0,
    0.0,
    0.28226786520718494,
    0.0,
    0.0,
    0.0,
    0.0,
    0.0,
    0.0,
    0.41993413386178524
  ],
  "selected_sensors": [
    1,
    2,
    3,
    4,
    5,
    6,
    7,
    8,
    9,
    10,
    11,
    12,
    13,
    14,
    15
  ],
  "selected_windows": [
    1,
    23,
    30
  ],
  "X_train_shape_next": [
    100,
    15,
    3
  ],
  "X_val_shape_next": [
    100,
    15,
    3
  ],
  "M_curr": 15,
  "W_curr": 4,
  "input_dim": 60,
  "orig_indices": [
    0,
    22,
    24,
    29,
    30,
    52,
    54,
    59,
    60,
    82,
    84,
    89,
    90,
    112,
    114,
    119,
    120,
    142,
    144,
    149,
    150,
    172,
    174,
    179,
    180,
    202,
    204,
    209,
    210,
    232,
    234,
    239,
    240,
    262,
    264,
    269,
    270,
    292,
    294,
    299,
    300,
    322,
    324,
    329,
    330,
    352,
    354,
    359,
    360,
    382,
    384,
    389,
    390,
    412,
    414,
    419,
    420,
    442,
    444,
    449
  ],
  "surrogate_from_baseline": false,
  "hidden_sizes": [
    10,
    10,
    10
  ],
  "mlp_mode": "mlp_transfer",
  "mlp_metrics": {
    "train_mse": 16.521930694580078,
    "val_mse": 67.55952453613281,
    "train_rmse": 4.06471778781505,
    "val_rmse": 8.21946011220523,
    "train_mae": 3.220970869064331,
    "val_mae": 5.766583442687988,
    "train_r2": 0.763836145401001,
    "val_r2": 0.07128411531448364
  },
  "mlp_train_time": 3.5042415531352162
}