{
  "iter_idx": 30,
  "n0_value": 0,
  "mode": "windows",
  "is_final_mlp": true,
  "orig_indices": [
    24,
    54,
    84,
    114,
    144,
    174,
    204,
    234,
    264,
    294,
    324,
    354,
    384,
    414,
    444,
    474
  ],
  "input_dim": 16,
  "hidden_sizes": [
    10,
    10,
    10
  ],
  "mlp_mode": "mlp_transfer",
  "mlp_metrics": {
    "train_mse": 81.5152359008789,
    "val_mse": 84.72872924804688,
    "train_rmse": 9.028578841704762,
    "val_rmse": 9.204820978598491,
    "train_mae": 7.357949256896973,
    "val_mae": 7.775014877319336,
    "train_r2": -0.12144780158996582,
    "val_r2": -0.16150283813476562
  },
  "mlp_train_time": 3.586144848028198
}