{
  "iter_idx": 27,
  "n0_value": 3,
  "mode": "windows",
  "baseline_mode": "capped",
  "baseline_slack": 0.0,
  "baseline_mae_clusters": 5.738785416236184,
  "baseline_mae_floor": 5.738785416236184,
  "summary_1": [
    {
      "Solver Status": "Normal",
      "Model Status": "OptimalGlobal",
      "Objective": 6.74533471154977,
      "Num of Equations": 6216,
      "Num of Variables": 4669,
      "Model Type": "MIP",
      "Solver": "GUROBI",
      "Solver Time": 2.797
    }
  ],
  "summary_2": [
    {
      "Solver Status": "Normal",
      "Model Status": "OptimalGlobal",
      "Objective": 5.73878541623618,
      "Num of Equations": 8777,
      "Num of Variables": 5959,
      "Model Type": "MIP",
      "Solver": "GUROBI",
      "Solver Time": 47.036
    }
  ],
  "selection_df": [
    {
      "w": "1",
      "level": 1.0,
      "marginal": -0.0,
      "lower": 0.0,
      "upper": 1.0,
      "scale": 1.0
    },
    {
      "w": "2",
      "level": 0.0,
      "marginal": -0.0,
      "lower": 0.0,
      "upper": 1.0,
      "scale": 1.0
    },
    {
      "w": "3",
      "level": 1.0,
      "marginal": -0.0,
      "lower": 0.0,
      "upper": 1.0,
      "scale": 1.0
    },
    {
      "w": "4",
      "level": 1.0,
      "marginal": -0.0,
      "lower": 0.0,
      "upper": 1.0,
      "scale": 1.0
    }
  ],
  "selected_original": [
    1,
    23,
    24
  ],
  "selection_vector": [
    0,
    1,
    0,
    0,
    0,
    0,
    0,
    0,
    0,
    0,
    0,
    0,
    0,
    0,
    0,
    0,
    0,
    0,
    0,
    0,
    0,
    0,
    0,
    1,
    1,
    0,
    0,
    0,
    0,
    0
  ],
  "importance_vector": [
    0.0,
    50.273620312079956,
    0.0,
    0.0,
    0.0,
    0.0,
    0.0,
    0.0,
    0.0,
    0.0,
    0.0,
    0.0,
    0.0,
    0.0,
    0.0,
    0.0,
    0.0,
    0.0,
    0.0,
    0.0,
    0.0,
    0.0,
    0.0,
    44.21805354827751,
    43.001364930946714,
    0.0,
    0.0,
    0.0,
    0.0,
    0.0
  ],
  "importance_vector_norm": [
    0.0,
    0.3656448410336505,
    0.0,
    0.0,
    0.0,
    0.0,
    0.0,
    0.0,
    0.0,
    0.0,
    0.0,
    0.0,
    0.0,
    0.0,
    0.0,
    0.0,
    0.0,
    0.0,
    0.0,
    0.0,
    0.0,
    0.0,
    0.0,
    0.32160212572939445,
    0.31275303323695514,
    0.0,
    0.0,
    0.0,
    0.0,
    0.0
  ],
  "selected_sensors": [
    1,
    2,
    3,
    4,
    5,
    6,
    7,
    8,
    9,
    10,
    11,
    12,
    13,
    14,
    15,
    16
  ],
  "selected_windows": [
    2,
    24,
    25
  ],
  "X_train_shape_next": [
    100,
    16,
    3
  ],
  "X_val_shape_next": [
    100,
    16,
    3
  ],
  "M_curr": 16,
  "W_curr": 4,
  "input_dim": 64,
  "orig_indices": [
    1,
    4,
    23,
    24,
    31,
    34,
    53,
    54,
    61,
    64,
    83,
    84,
    91,
    94,
    113,
    114,
    121,
    124,
    143,
    144,
    151,
    154,
    173,
    174,
    181,
    184,
    203,
    204,
    211,
    214,
    233,
    234,
    241,
    244,
    263,
    264,
    271,
    274,
    293,
    294,
    301,
    304,
    323,
    324,
    331,
    334,
    353,
    354,
    361,
    364,
    383,
    384,
    391,
    394,
    413,
    414,
    421,
    424,
    443,
    444,
    451,
    454,
    473,
    474
  ],
  "surrogate_from_baseline": false,
  "hidden_sizes": [
    10,
    10,
    10
  ],
  "mlp_mode": "mlp_transfer",
  "mlp_metrics": {
    "train_mse": 39.87618637084961,
    "val_mse": 50.74260330200195,
    "train_rmse": 6.314759407202273,
    "val_rmse": 7.123384259044429,
    "train_mae": 5.2753586769104,
    "val_mae": 5.742612838745117,
    "train_r2": 0.45140236616134644,
    "val_r2": 0.3043956160545349
  },
  "mlp_train_time": 3.513602877035737
}