{
  "iter_idx": 30,
  "n0_value": 0,
  "mode": "windows",
  "is_final_mlp": true,
  "orig_indices": [
    17,
    47,
    77,
    107,
    137,
    167,
    197,
    227,
    257,
    287,
    317,
    347,
    377,
    407,
    437,
    467,
    497,
    527,
    557,
    587,
    617
  ],
  "input_dim": 21,
  "hidden_sizes": [
    10,
    10,
    10
  ],
  "mlp_mode": "mlp_transfer",
  "mlp_metrics": {
    "train_mse": 381.9740905761719,
    "val_mse": 356.0542907714844,
    "train_rmse": 19.54415745372954,
    "val_rmse": 18.869400911833008,
    "train_mae": 17.99833869934082,
    "val_mae": 16.412256240844727,
    "train_r2": -4.654888153076172,
    "val_r2": -3.677687168121338
  },
  "mlp_train_time": 3.4654811318032444
}