{
  "iter_idx": 27,
  "n0_value": 3,
  "mode": "windows",
  "baseline_mode": "capped",
  "baseline_slack": 0.0,
  "baseline_mae_clusters": 6.767011505495089,
  "baseline_mae_floor": 6.767011505495089,
  "summary_1": [
    {
      "Solver Status": "Normal",
      "Model Status": "OptimalGlobal",
      "Objective": 9.08275883512982,
      "Num of Equations": 6236,
      "Num of Variables": 4689,
      "Model Type": "MIP",
      "Solver": "GUROBI",
      "Solver Time": 0.639
    }
  ],
  "summary_2": [
    {
      "Solver Status": "Normal",
      "Model Status": "OptimalGlobal",
      "Objective": 6.76701150549509,
      "Num of Equations": 9597,
      "Num of Variables": 6379,
      "Model Type": "MIP",
      "Solver": "GUROBI",
      "Solver Time": 9.211
    }
  ],
  "selection_df": [
    {
      "w": "1",
      "level": 1.0,
      "marginal": -0.0,
      "lower": 0.0,
      "upper": 1.0,
      "scale": 1.0
    },
    {
      "w": "2",
      "level": 1.0,
      "marginal": -0.0,
      "lower": 0.0,
      "upper": 1.0,
      "scale": 1.0
    },
    {
      "w": "3",
      "level": 0.0,
      "marginal": -0.0,
      "lower": 0.0,
      "upper": 1.0,
      "scale": 1.0
    },
    {
      "w": "4",
      "level": 1.0,
      "marginal": -0.0,
      "lower": 0.0,
      "upper": 1.0,
      "scale": 1.0
    }
  ],
  "selected_original": [
    6,
    17,
    20
  ],
  "selection_vector": [
    0,
    0,
    0,
    0,
    0,
    0,
    1,
    0,
    0,
    0,
    0,
    0,
    0,
    0,
    0,
    0,
    0,
    1,
    0,
    0,
    1,
    0,
    0,
    0,
    0,
    0,
    0,
    0,
    0,
    0
  ],
  "importance_vector": [
    0.0,
    0.0,
    0.0,
    0.0,
    0.0,
    0.0,
    44.344164920039645,
    0.0,
    0.0,
    0.0,
    0.0,
    0.0,
    0.0,
    0.0,
    0.0,
    0.0,
    0.0,
    55.9852166328525,
    0.0,
    0.0,
    68.08029870132214,
    0.0,
    0.0,
    0.0,
    0.0,
    0.0,
    0.0,
    0.0,
    0.0,
    0.0
  ],
  "importance_vector_norm": [
    0.0,
    0.0,
    0.0,
    0.0,
    0.0,
    0.0,
    0.2633112589080519,
    0.0,
    0.0,
    0.0,
    0.0,
    0.0,
    0.0,
    0.0,
    0.0,
    0.0,
    0.0,
    0.33243467090693873,
    0.0,
    0.0,
    0.4042540701850095,
    0.0,
    0.0,
    0.0,
    0.0,
    0.0,
    0.0,
    0.0,
    0.0,
    0.0
  ],
  "selected_sensors": [
    1,
    2,
    3,
    4,
    5,
    6,
    7,
    8,
    9,
    10,
    11,
    12,
    13,
    14,
    15,
    16,
    17,
    18,
    19,
    20,
    21
  ],
  "selected_windows": [
    7,
    18,
    21
  ],
  "X_train_shape_next": [
    100,
    21,
    3
  ],
  "X_val_shape_next": [
    100,
    21,
    3
  ],
  "M_curr": 21,
  "W_curr": 4,
  "input_dim": 84,
  "orig_indices": [
    6,
    17,
    18,
    20,
    36,
    47,
    48,
    50,
    66,
    77,
    78,
    80,
    96,
    107,
    108,
    110,
    126,
    137,
    138,
    140,
    156,
    167,
    168,
    170,
    186,
    197,
    198,
    200,
    216,
    227,
    228,
    230,
    246,
    257,
    258,
    260,
    276,
    287,
    288,
    290,
    306,
    317,
    318,
    320,
    336,
    347,
    348,
    350,
    366,
    377,
    378,
    380,
    396,
    407,
    408,
    410,
    426,
    437,
    438,
    440,
    456,
    467,
    468,
    470,
    486,
    497,
    498,
    500,
    516,
    527,
    528,
    530,
    546,
    557,
    558,
    560,
    576,
    587,
    588,
    590,
    606,
    617,
    618,
    620
  ],
  "surrogate_from_baseline": false,
  "hidden_sizes": [
    10,
    10,
    10
  ],
  "mlp_mode": "mlp_transfer",
  "mlp_metrics": {
    "train_mse": 115.77151489257812,
    "val_mse": 159.33309936523438,
    "train_rmse": 10.759717231069695,
    "val_rmse": 12.622721551441844,
    "train_mae": 8.914024353027344,
    "val_mae": 10.110235214233398,
    "train_r2": -0.7139250040054321,
    "val_r2": -1.0932490825653076
  },
  "mlp_train_time": 3.773975424002856
}