{
  "iter_idx": 21,
  "n0_value": 0,
  "mode": "sensors",
  "is_final_mlp": true,
  "orig_indices": [
    30,
    31,
    32,
    33,
    34,
    35,
    36,
    37,
    38,
    39,
    40,
    41,
    42,
    43,
    44,
    45,
    46,
    47,
    48,
    49,
    50,
    51,
    52,
    53,
    54,
    55,
    56,
    57,
    58,
    59
  ],
  "input_dim": 30,
  "hidden_sizes": [
    10,
    10
  ],
  "mlp_mode": "mlp_transfer",
  "mlp_metrics": {
    "train_mse": 949.6422729492188,
    "val_mse": 1396.6539306640625,
    "train_rmse": 30.816266369390352,
    "val_rmse": 37.37183338644309,
    "train_mae": 26.708091735839844,
    "val_mae": 32.99382019042969,
    "train_r2": -11.256942749023438,
    "val_r2": -17.717987060546875
  },
  "mlp_train_time": 3.461054672021419
}