{
  "iter_idx": 30,
  "n0_value": 0,
  "mode": "windows",
  "is_final_mlp": true,
  "orig_indices": [
    1,
    31,
    61,
    91,
    121,
    151,
    181,
    211,
    241,
    271,
    301,
    331,
    361,
    391,
    421,
    451,
    481,
    511,
    541,
    571,
    601
  ],
  "input_dim": 21,
  "hidden_sizes": [
    10,
    10,
    10
  ],
  "mlp_mode": "mlp_transfer",
  "mlp_metrics": {
    "train_mse": 233.08665466308594,
    "val_mse": 262.0542297363281,
    "train_rmse": 15.267175726475605,
    "val_rmse": 16.188089131714346,
    "train_mae": 12.845372200012207,
    "val_mae": 13.870205879211426,
    "train_r2": -2.008427381515503,
    "val_r2": -2.4041152000427246
  },
  "mlp_train_time": 3.443204138893634
}