{
  "iter_idx": 30,
  "n0_value": 0,
  "mode": "windows",
  "is_final_mlp": true,
  "orig_indices": [
    1,
    31,
    61,
    91,
    121,
    151,
    181,
    211,
    241,
    271,
    301,
    331,
    361,
    391,
    421,
    451,
    481,
    511,
    541,
    571,
    601
  ],
  "input_dim": 21,
  "hidden_sizes": [
    10,
    10
  ],
  "mlp_mode": "mlp_transfer",
  "mlp_metrics": {
    "train_mse": 145.04364013671875,
    "val_mse": 164.13986206054688,
    "train_rmse": 12.04340650051798,
    "val_rmse": 12.811708007152944,
    "train_mae": 9.163806915283203,
    "val_mae": 10.541238784790039,
    "train_r2": -1.1440174579620361,
    "val_r2": -1.2831101417541504
  },
  "mlp_train_time": 3.4701943688560277
}