{
  "iter_idx": 28,
  "n0_value": 2,
  "mode": "windows",
  "baseline_mode": "capped",
  "baseline_slack": 0.0,
  "baseline_mae_clusters": 11.585423279729786,
  "baseline_mae_floor": 11.585423279729786,
  "summary_1": [
    {
      "Solver Status": "Normal",
      "Model Status": "OptimalGlobal",
      "Objective": 20.9280635286994,
      "Num of Equations": 4215,
      "Num of Variables": 3167,
      "Model Type": "MIP",
      "Solver": "GUROBI",
      "Solver Time": 0.176
    }
  ],
  "summary_2": [
    {
      "Solver Status": "Normal",
      "Model Status": "OptimalGlobal",
      "Objective": 11.5854232797298,
      "Num of Equations": 6736,
      "Num of Variables": 4437,
      "Model Type": "MIP",
      "Solver": "GUROBI",
      "Solver Time": 0.204
    }
  ],
  "selection_df": [
    {
      "w": "1",
      "level": 1.0,
      "marginal": -0.0,
      "lower": 0.0,
      "upper": 1.0,
      "scale": 1.0
    },
    {
      "w": "2",
      "level": 1.0,
      "marginal": -0.0,
      "lower": 0.0,
      "upper": 1.0,
      "scale": 1.0
    },
    {
      "w": "3",
      "level": 0.0,
      "marginal": -0.0,
      "lower": 0.0,
      "upper": 1.0,
      "scale": 1.0
    }
  ],
  "selected_original": [
    0,
    1
  ],
  "selection_vector": [
    1,
    1,
    0,
    0,
    0,
    0,
    0,
    0,
    0,
    0,
    0,
    0,
    0,
    0,
    0,
    0,
    0,
    0,
    0,
    0,
    0,
    0,
    0,
    0,
    0,
    0,
    0,
    0,
    0,
    0
  ],
  "importance_vector": [
    50.25337292711217,
    58.23995337608499,
    0.0,
    0.0,
    0.0,
    0.0,
    0.0,
    0.0,
    0.0,
    0.0,
    0.0,
    0.0,
    0.0,
    0.0,
    0.0,
    0.0,
    0.0,
    0.0,
    0.0,
    0.0,
    0.0,
    0.0,
    0.0,
    0.0,
    0.0,
    0.0,
    0.0,
    0.0,
    0.0,
    0.0
  ],
  "importance_vector_norm": [
    0.46319321786368034,
    0.5368067821363196,
    0.0,
    0.0,
    0.0,
    0.0,
    0.0,
    0.0,
    0.0,
    0.0,
    0.0,
    0.0,
    0.0,
    0.0,
    0.0,
    0.0,
    0.0,
    0.0,
    0.0,
    0.0,
    0.0,
    0.0,
    0.0,
    0.0,
    0.0,
    0.0,
    0.0,
    0.0,
    0.0,
    0.0
  ],
  "selected_sensors": [
    1,
    2,
    3,
    4,
    5,
    6,
    7,
    8,
    9,
    10,
    11,
    12,
    13,
    14,
    15,
    16,
    17,
    18,
    19,
    20,
    21
  ],
  "selected_windows": [
    1,
    2
  ],
  "X_train_shape_next": [
    100,
    21,
    2
  ],
  "X_val_shape_next": [
    100,
    21,
    2
  ],
  "M_curr": 21,
  "W_curr": 3,
  "input_dim": 63,
  "orig_indices": [
    0,
    1,
    2,
    30,
    31,
    32,
    60,
    61,
    62,
    90,
    91,
    92,
    120,
    121,
    122,
    150,
    151,
    152,
    180,
    181,
    182,
    210,
    211,
    212,
    240,
    241,
    242,
    270,
    271,
    272,
    300,
    301,
    302,
    330,
    331,
    332,
    360,
    361,
    362,
    390,
    391,
    392,
    420,
    421,
    422,
    450,
    451,
    452,
    480,
    481,
    482,
    510,
    511,
    512,
    540,
    541,
    542,
    570,
    571,
    572,
    600,
    601,
    602
  ],
  "surrogate_from_baseline": false,
  "hidden_sizes": [
    10,
    10
  ],
  "mlp_mode": "mlp_transfer",
  "mlp_metrics": {
    "train_mse": 256.5587463378906,
    "val_mse": 361.1842956542969,
    "train_rmse": 16.017451305931623,
    "val_rmse": 19.004849266813373,
    "train_mae": 12.876230239868164,
    "val_mae": 14.552952766418457,
    "train_r2": -2.7924203872680664,
    "val_r2": -4.0239081382751465
  },
  "mlp_train_time": 3.472778267925605
}