{
  "iter_idx": 16,
  "n0_value": 0,
  "mode": "sensors",
  "is_final_mlp": true,
  "orig_indices": [
    360,
    361,
    362,
    363,
    364,
    365,
    366,
    367,
    368,
    369,
    370,
    371,
    372,
    373,
    374,
    375,
    376,
    377,
    378,
    379,
    380,
    381,
    382,
    383,
    384,
    385,
    386,
    387,
    388,
    389
  ],
  "input_dim": 30,
  "hidden_sizes": [
    10
  ],
  "mlp_mode": "mlp_transfer",
  "mlp_metrics": {
    "train_mse": 983.2078857421875,
    "val_mse": 927.822998046875,
    "train_rmse": 31.35614590063944,
    "val_rmse": 30.460187098028058,
    "train_mae": 23.803123474121094,
    "val_mae": 24.762489318847656,
    "train_r2": -13.26735782623291,
    "val_r2": -11.323322296142578
  },
  "mlp_train_time": 3.351028318051249
}