{
  "iter_idx": 15,
  "n0_value": 0,
  "mode": "sensors",
  "is_final_mlp": true,
  "orig_indices": [
    330,
    331,
    332,
    333,
    334,
    335,
    336,
    337,
    338,
    339,
    340,
    341,
    342,
    343,
    344,
    345,
    346,
    347,
    348,
    349,
    350,
    351,
    352,
    353,
    354,
    355,
    356,
    357,
    358,
    359
  ],
  "input_dim": 30,
  "hidden_sizes": [
    10,
    10,
    10
  ],
  "mlp_mode": "mlp_transfer",
  "mlp_metrics": {
    "train_mse": 462.5059509277344,
    "val_mse": 592.404541015625,
    "train_rmse": 21.505951523421007,
    "val_rmse": 24.339361968129424,
    "train_mae": 20.76556396484375,
    "val_mae": 22.61865997314453,
    "train_r2": -5.711437225341797,
    "val_r2": -6.868302822113037
  },
  "mlp_train_time": 3.85976153309457
}