{
  "iter_idx": 14,
  "n0_value": 1,
  "mode": "sensors",
  "baseline_mode": "capped",
  "baseline_slack": 0.0,
  "baseline_mae_clusters": 2.7730736885635663,
  "baseline_mae_floor": 2.7730736885635663,
  "summary_1": [
    {
      "Solver Status": "Normal",
      "Model Status": "OptimalGlobal",
      "Objective": 20.0781735114844,
      "Num of Equations": 6212,
      "Num of Variables": 4663,
      "Model Type": "MIP",
      "Solver": "GUROBI",
      "Solver Time": 0.074
    }
  ],
  "summary_2": [
    {
      "Solver Status": "Normal",
      "Model Status": "OptimalGlobal",
      "Objective": 2.77307368856357,
      "Num of Equations": 8613,
      "Num of Variables": 5873,
      "Model Type": "MIP",
      "Solver": "GUROBI",
      "Solver Time": 31.533
    }
  ],
  "selection_df": [
    {
      "s": "1",
      "level": 0.0,
      "marginal": -0.0,
      "lower": 0.0,
      "upper": 1.0,
      "scale": 1.0
    },
    {
      "s": "2",
      "level": 1.0,
      "marginal": -0.0,
      "lower": 0.0,
      "upper": 1.0,
      "scale": 1.0
    }
  ],
  "selected_original": [
    11
  ],
  "selection_vector": [
    0,
    0,
    0,
    0,
    0,
    0,
    0,
    0,
    0,
    0,
    0,
    1,
    0,
    0,
    0
  ],
  "importance_vector": [
    0.0,
    0.0,
    0.0,
    0.0,
    0.0,
    0.0,
    0.0,
    0.0,
    0.0,
    0.0,
    0.0,
    61.10129147586536,
    0.0,
    0.0,
    0.0
  ],
  "importance_vector_norm": [
    0.0,
    0.0,
    0.0,
    0.0,
    0.0,
    0.0,
    0.0,
    0.0,
    0.0,
    0.0,
    0.0,
    1.0,
    0.0,
    0.0,
    0.0
  ],
  "selected_sensors": [
    12
  ],
  "selected_windows": [
    1,
    2,
    3,
    4,
    5,
    6,
    7,
    8,
    9,
    10,
    11,
    12,
    13,
    14,
    15,
    16,
    17,
    18,
    19,
    20,
    21,
    22,
    23,
    24,
    25,
    26,
    27,
    28,
    29,
    30
  ],
  "X_train_shape_next": [
    100,
    1,
    30
  ],
  "X_val_shape_next": [
    100,
    1,
    30
  ],
  "M_curr": 2,
  "W_curr": 30,
  "input_dim": 60,
  "orig_indices": [
    0,
    1,
    2,
    3,
    4,
    5,
    6,
    7,
    8,
    9,
    10,
    11,
    12,
    13,
    14,
    15,
    16,
    17,
    18,
    19,
    20,
    21,
    22,
    23,
    24,
    25,
    26,
    27,
    28,
    29,
    330,
    331,
    332,
    333,
    334,
    335,
    336,
    337,
    338,
    339,
    340,
    341,
    342,
    343,
    344,
    345,
    346,
    347,
    348,
    349,
    350,
    351,
    352,
    353,
    354,
    355,
    356,
    357,
    358,
    359
  ],
  "surrogate_from_baseline": false,
  "hidden_sizes": [
    10,
    10,
    10
  ],
  "mlp_mode": "mlp_transfer",
  "mlp_metrics": {
    "train_mse": 89.28518676757812,
    "val_mse": 180.5249481201172,
    "train_rmse": 9.449083911553444,
    "val_rmse": 13.43595728335414,
    "train_mae": 8.142617225646973,
    "val_mae": 10.552153587341309,
    "train_r2": -0.2956199645996094,
    "val_r2": -1.3977279663085938
  },
  "mlp_train_time": 3.5200255929958075
}