{
  "iter_idx": 27,
  "n0_value": 3,
  "mode": "windows",
  "baseline_mode": "capped",
  "baseline_slack": 0.0,
  "baseline_mae_clusters": 6.548652023542032,
  "baseline_mae_floor": 6.548652023542032,
  "summary_1": [
    {
      "Solver Status": "Normal",
      "Model Status": "OptimalGlobal",
      "Objective": 12.6360575851683,
      "Num of Equations": 6236,
      "Num of Variables": 4689,
      "Model Type": "MIP",
      "Solver": "GUROBI",
      "Solver Time": 1.261
    }
  ],
  "summary_2": [
    {
      "Solver Status": "Normal",
      "Model Status": "OptimalGlobal",
      "Objective": 6.54865202354203,
      "Num of Equations": 9597,
      "Num of Variables": 6379,
      "Model Type": "MIP",
      "Solver": "GUROBI",
      "Solver Time": 0.392
    }
  ],
  "selection_df": [
    {
      "w": "1",
      "level": 1.0,
      "marginal": -0.0,
      "lower": 0.0,
      "upper": 1.0,
      "scale": 1.0
    },
    {
      "w": "2",
      "level": 1.0,
      "marginal": -0.0,
      "lower": 0.0,
      "upper": 1.0,
      "scale": 1.0
    },
    {
      "w": "3",
      "level": 1.0,
      "marginal": -0.0,
      "lower": 0.0,
      "upper": 1.0,
      "scale": 1.0
    },
    {
      "w": "4",
      "level": 0.0,
      "marginal": -0.0,
      "lower": 0.0,
      "upper": 1.0,
      "scale": 1.0
    }
  ],
  "selected_original": [
    0,
    1,
    2
  ],
  "selection_vector": [
    1,
    1,
    1,
    0,
    0,
    0,
    0,
    0,
    0,
    0,
    0,
    0,
    0,
    0,
    0,
    0,
    0,
    0,
    0,
    0,
    0,
    0,
    0,
    0,
    0,
    0,
    0,
    0,
    0,
    0
  ],
  "importance_vector": [
    37.76707818435562,
    42.02889719514659,
    36.56231135003448,
    0.0,
    0.0,
    0.0,
    0.0,
    0.0,
    0.0,
    0.0,
    0.0,
    0.0,
    0.0,
    0.0,
    0.0,
    0.0,
    0.0,
    0.0,
    0.0,
    0.0,
    0.0,
    0.0,
    0.0,
    0.0,
    0.0,
    0.0,
    0.0,
    0.0,
    0.0,
    0.0
  ],
  "importance_vector_norm": [
    0.32457575000344796,
    0.3612024409816088,
    0.31422180901494323,
    0.0,
    0.0,
    0.0,
    0.0,
    0.0,
    0.0,
    0.0,
    0.0,
    0.0,
    0.0,
    0.0,
    0.0,
    0.0,
    0.0,
    0.0,
    0.0,
    0.0,
    0.0,
    0.0,
    0.0,
    0.0,
    0.0,
    0.0,
    0.0,
    0.0,
    0.0,
    0.0
  ],
  "selected_sensors": [
    1,
    2,
    3,
    4,
    5,
    6,
    7,
    8,
    9,
    10,
    11,
    12,
    13,
    14,
    15,
    16,
    17,
    18,
    19,
    20,
    21
  ],
  "selected_windows": [
    1,
    2,
    3
  ],
  "X_train_shape_next": [
    100,
    21,
    3
  ],
  "X_val_shape_next": [
    100,
    21,
    3
  ],
  "M_curr": 21,
  "W_curr": 4,
  "input_dim": 84,
  "orig_indices": [
    0,
    1,
    2,
    3,
    30,
    31,
    32,
    33,
    60,
    61,
    62,
    63,
    90,
    91,
    92,
    93,
    120,
    121,
    122,
    123,
    150,
    151,
    152,
    153,
    180,
    181,
    182,
    183,
    210,
    211,
    212,
    213,
    240,
    241,
    242,
    243,
    270,
    271,
    272,
    273,
    300,
    301,
    302,
    303,
    330,
    331,
    332,
    333,
    360,
    361,
    362,
    363,
    390,
    391,
    392,
    393,
    420,
    421,
    422,
    423,
    450,
    451,
    452,
    453,
    480,
    481,
    482,
    483,
    510,
    511,
    512,
    513,
    540,
    541,
    542,
    543,
    570,
    571,
    572,
    573,
    600,
    601,
    602,
    603
  ],
  "surrogate_from_baseline": false,
  "hidden_sizes": [
    10,
    10,
    10
  ],
  "mlp_mode": "mlp_transfer",
  "mlp_metrics": {
    "train_mse": 166.60372924804688,
    "val_mse": 324.5945739746094,
    "train_rmse": 12.90750670145272,
    "val_rmse": 18.016508373561436,
    "train_mae": 10.879049301147461,
    "val_mae": 15.085026741027832,
    "train_r2": -1.1316709518432617,
    "val_r2": -3.454580307006836
  },
  "mlp_train_time": 4.3590697310864925
}