{
  "iter_idx": 28,
  "n0_value": 2,
  "mode": "windows",
  "baseline_mode": "capped",
  "baseline_slack": 0.0,
  "baseline_mae_clusters": 6.548652023542032,
  "baseline_mae_floor": 6.548652023542032,
  "summary_1": [
    {
      "Solver Status": "Normal",
      "Model Status": "OptimalGlobal",
      "Objective": 13.6622400495461,
      "Num of Equations": 6215,
      "Num of Variables": 4667,
      "Model Type": "MIP",
      "Solver": "GUROBI",
      "Solver Time": 0.63
    }
  ],
  "summary_2": [
    {
      "Solver Status": "Normal",
      "Model Status": "OptimalGlobal",
      "Objective": 6.54865202354203,
      "Num of Equations": 8736,
      "Num of Variables": 5937,
      "Model Type": "MIP",
      "Solver": "GUROBI",
      "Solver Time": 0.286
    }
  ],
  "selection_df": [
    {
      "w": "1",
      "level": 1.0,
      "marginal": -0.0,
      "lower": 0.0,
      "upper": 1.0,
      "scale": 1.0
    },
    {
      "w": "2",
      "level": 1.0,
      "marginal": -0.0,
      "lower": 0.0,
      "upper": 1.0,
      "scale": 1.0
    },
    {
      "w": "3",
      "level": 0.0,
      "marginal": -0.0,
      "lower": 0.0,
      "upper": 1.0,
      "scale": 1.0
    }
  ],
  "selected_original": [
    0,
    1
  ],
  "selection_vector": [
    1,
    1,
    0,
    0,
    0,
    0,
    0,
    0,
    0,
    0,
    0,
    0,
    0,
    0,
    0,
    0,
    0,
    0,
    0,
    0,
    0,
    0,
    0,
    0,
    0,
    0,
    0,
    0,
    0,
    0
  ],
  "importance_vector": [
    35.9018813573995,
    42.23130041316744,
    0.0,
    0.0,
    0.0,
    0.0,
    0.0,
    0.0,
    0.0,
    0.0,
    0.0,
    0.0,
    0.0,
    0.0,
    0.0,
    0.0,
    0.0,
    0.0,
    0.0,
    0.0,
    0.0,
    0.0,
    0.0,
    0.0,
    0.0,
    0.0,
    0.0,
    0.0,
    0.0,
    0.0
  ],
  "importance_vector_norm": [
    0.4594959598960537,
    0.5405040401039463,
    0.0,
    0.0,
    0.0,
    0.0,
    0.0,
    0.0,
    0.0,
    0.0,
    0.0,
    0.0,
    0.0,
    0.0,
    0.0,
    0.0,
    0.0,
    0.0,
    0.0,
    0.0,
    0.0,
    0.0,
    0.0,
    0.0,
    0.0,
    0.0,
    0.0,
    0.0,
    0.0,
    0.0
  ],
  "selected_sensors": [
    1,
    2,
    3,
    4,
    5,
    6,
    7,
    8,
    9,
    10,
    11,
    12,
    13,
    14,
    15,
    16,
    17,
    18,
    19,
    20,
    21
  ],
  "selected_windows": [
    1,
    2
  ],
  "X_train_shape_next": [
    100,
    21,
    2
  ],
  "X_val_shape_next": [
    100,
    21,
    2
  ],
  "M_curr": 21,
  "W_curr": 3,
  "input_dim": 63,
  "orig_indices": [
    0,
    1,
    2,
    30,
    31,
    32,
    60,
    61,
    62,
    90,
    91,
    92,
    120,
    121,
    122,
    150,
    151,
    152,
    180,
    181,
    182,
    210,
    211,
    212,
    240,
    241,
    242,
    270,
    271,
    272,
    300,
    301,
    302,
    330,
    331,
    332,
    360,
    361,
    362,
    390,
    391,
    392,
    420,
    421,
    422,
    450,
    451,
    452,
    480,
    481,
    482,
    510,
    511,
    512,
    540,
    541,
    542,
    570,
    571,
    572,
    600,
    601,
    602
  ],
  "surrogate_from_baseline": false,
  "hidden_sizes": [
    10,
    10,
    10
  ],
  "mlp_mode": "mlp_transfer",
  "mlp_metrics": {
    "train_mse": 183.09226989746094,
    "val_mse": 302.4678649902344,
    "train_rmse": 13.53115922223447,
    "val_rmse": 17.391603289813002,
    "train_mae": 11.624411582946777,
    "val_mae": 14.785987854003906,
    "train_r2": -1.342639446258545,
    "val_r2": -3.1509242057800293
  },
  "mlp_train_time": 3.4643873320892453
}