{
  "iter_idx": 30,
  "n0_value": 0,
  "mode": "windows",
  "is_final_mlp": true,
  "orig_indices": [
    1,
    31,
    61,
    91,
    121,
    151,
    181,
    211,
    241,
    271,
    301,
    331,
    361,
    391,
    421,
    451,
    481,
    511,
    541,
    571,
    601
  ],
  "input_dim": 21,
  "hidden_sizes": [
    10,
    10,
    10
  ],
  "mlp_mode": "mlp_transfer",
  "mlp_metrics": {
    "train_mse": 235.60687255859375,
    "val_mse": 288.8947448730469,
    "train_rmse": 15.34949095438001,
    "val_rmse": 16.996903979050035,
    "train_mae": 13.144701957702637,
    "val_mae": 14.981725692749023,
    "train_r2": -2.014556407928467,
    "val_r2": -2.9646530151367188
  },
  "mlp_train_time": 3.454814129974693
}