{
  "iter_idx": 21,
  "n0_value": 0,
  "mode": "sensors",
  "is_final_mlp": true,
  "orig_indices": [
    30,
    31,
    32,
    33,
    34,
    35,
    36,
    37,
    38,
    39,
    40,
    41,
    42,
    43,
    44,
    45,
    46,
    47,
    48,
    49,
    50,
    51,
    52,
    53,
    54,
    55,
    56,
    57,
    58,
    59
  ],
  "input_dim": 30,
  "hidden_sizes": [
    10,
    10,
    10
  ],
  "mlp_mode": "mlp_transfer",
  "mlp_metrics": {
    "train_mse": 1229.6978759765625,
    "val_mse": 1722.3800048828125,
    "train_rmse": 35.06704829289974,
    "val_rmse": 41.501566294331745,
    "train_mae": 30.193321228027344,
    "val_mae": 34.885189056396484,
    "train_r2": -17.24737548828125,
    "val_r2": -18.701993942260742
  },
  "mlp_train_time": 3.47790463315323
}