{
  "iter_idx": 16,
  "n0_value": 0,
  "mode": "sensors",
  "is_final_mlp": true,
  "orig_indices": [
    450,
    451,
    452,
    453,
    454,
    455,
    456,
    457,
    458,
    459,
    460,
    461,
    462,
    463,
    464,
    465,
    466,
    467,
    468,
    469,
    470,
    471,
    472,
    473,
    474,
    475,
    476,
    477,
    478,
    479
  ],
  "input_dim": 30,
  "hidden_sizes": [
    10,
    10
  ],
  "mlp_mode": "mlp_transfer",
  "mlp_metrics": {
    "train_mse": 2572.066650390625,
    "val_mse": 2464.58349609375,
    "train_rmse": 50.71554643687303,
    "val_rmse": 49.64457166794523,
    "train_mae": 43.98393249511719,
    "val_mae": 43.82524871826172,
    "train_r2": -35.880210876464844,
    "val_r2": -33.8532829284668
  },
  "mlp_train_time": 3.4523336431011558
}