{
  "iter_idx": 30,
  "n0_value": 0,
  "mode": "windows",
  "is_final_mlp": true,
  "orig_indices": [
    29,
    59,
    89,
    119,
    149,
    179,
    209,
    239,
    269,
    299,
    329,
    359,
    389,
    419,
    449,
    479
  ],
  "input_dim": 16,
  "hidden_sizes": [
    10,
    10
  ],
  "mlp_mode": "mlp_rebuild",
  "mlp_metrics": {
    "train_mse": 3030.742919921875,
    "val_mse": 2157.43115234375,
    "train_rmse": 55.052183607209216,
    "val_rmse": 46.44815553220332,
    "train_mae": 37.733829498291016,
    "val_mae": 32.172847747802734,
    "train_r2": 0.6555309295654297,
    "val_r2": 0.7379930019378662
  },
  "mlp_train_time": 11.95341716898838
}