{
  "iter_idx": 29,
  "n0_value": 1,
  "mode": "windows",
  "baseline_mode": "capped",
  "baseline_slack": 0.0,
  "baseline_mae_clusters": 7.8248316649031455,
  "baseline_mae_floor": 7.8248316649031455,
  "summary_1": [
    {
      "Solver Status": "Normal",
      "Model Status": "OptimalGlobal",
      "Objective": 30.9657678491726,
      "Num of Equations": 4184,
      "Num of Variables": 3135,
      "Model Type": "MIP",
      "Solver": "GUROBI",
      "Solver Time": 0.03
    }
  ],
  "summary_2": [
    {
      "Solver Status": "Resource",
      "Model Status": "Feasible",
      "Objective": 8.73761790505961,
      "Num of Equations": 5465,
      "Num of Variables": 3785,
      "Model Type": "MIP",
      "Solver": "GUROBI",
      "Solver Time": 60.142
    }
  ],
  "selection_df": [
    {
      "w": "1",
      "level": 0.0,
      "marginal": -0.0,
      "lower": 0.0,
      "upper": 1.0,
      "scale": 1.0
    },
    {
      "w": "2",
      "level": 1.0,
      "marginal": -0.0,
      "lower": 0.0,
      "upper": 1.0,
      "scale": 1.0
    }
  ],
  "selected_original": [
    29
  ],
  "selection_vector": [
    0,
    0,
    0,
    0,
    0,
    0,
    0,
    0,
    0,
    0,
    0,
    0,
    0,
    0,
    0,
    0,
    0,
    0,
    0,
    0,
    0,
    0,
    0,
    0,
    0,
    0,
    0,
    0,
    0,
    1
  ],
  "importance_vector": [
    0.0,
    0.0,
    0.0,
    0.0,
    0.0,
    0.0,
    0.0,
    0.0,
    0.0,
    0.0,
    0.0,
    0.0,
    0.0,
    0.0,
    0.0,
    0.0,
    0.0,
    0.0,
    0.0,
    0.0,
    0.0,
    0.0,
    0.0,
    0.0,
    0.0,
    0.0,
    0.0,
    0.0,
    0.0,
    103.73933409501889
  ],
  "importance_vector_norm": [
    0.0,
    0.0,
    0.0,
    0.0,
    0.0,
    0.0,
    0.0,
    0.0,
    0.0,
    0.0,
    0.0,
    0.0,
    0.0,
    0.0,
    0.0,
    0.0,
    0.0,
    0.0,
    0.0,
    0.0,
    0.0,
    0.0,
    0.0,
    0.0,
    0.0,
    0.0,
    0.0,
    0.0,
    0.0,
    1.0
  ],
  "selected_sensors": [
    1,
    2,
    3,
    4,
    5,
    6,
    7,
    8,
    9,
    10,
    11,
    12,
    13,
    14,
    15,
    16
  ],
  "selected_windows": [
    30
  ],
  "X_train_shape_next": [
    19620,
    16,
    1
  ],
  "X_val_shape_next": [
    2200,
    16,
    1
  ],
  "M_curr": 16,
  "W_curr": 2,
  "input_dim": 32,
  "orig_indices": [
    1,
    29,
    31,
    59,
    61,
    89,
    91,
    119,
    121,
    149,
    151,
    179,
    181,
    209,
    211,
    239,
    241,
    269,
    271,
    299,
    301,
    329,
    331,
    359,
    361,
    389,
    391,
    419,
    421,
    449,
    451,
    479
  ],
  "surrogate_from_baseline": false,
  "hidden_sizes": [
    10,
    10
  ],
  "mlp_mode": "mlp_rebuild",
  "mlp_metrics": {
    "train_mse": 2787.74462890625,
    "val_mse": 2098.797607421875,
    "train_rmse": 52.799096856918396,
    "val_rmse": 45.812635892533784,
    "train_mae": 36.45368957519531,
    "val_mae": 32.23809051513672,
    "train_r2": 0.6831496953964233,
    "val_r2": 0.7451136112213135
  },
  "mlp_train_time": 11.9711100270506
}