{
  "iter_idx": 27,
  "n0_value": 3,
  "mode": "windows",
  "baseline_mode": "capped",
  "baseline_slack": 0.0,
  "baseline_mae_clusters": 7.8248316649031455,
  "baseline_mae_floor": 7.8248316649031455,
  "summary_1": [
    {
      "Solver Status": "Normal",
      "Model Status": "OptimalGlobal",
      "Objective": 28.2131881753449,
      "Num of Equations": 4216,
      "Num of Variables": 3169,
      "Model Type": "MIP",
      "Solver": "GUROBI",
      "Solver Time": 0.165
    }
  ],
  "summary_2": [
    {
      "Solver Status": "Normal",
      "Model Status": "OptimalGlobal",
      "Objective": 7.82483166490314,
      "Num of Equations": 6777,
      "Num of Variables": 4459,
      "Model Type": "MIP",
      "Solver": "GUROBI",
      "Solver Time": 23.476
    }
  ],
  "selection_df": [
    {
      "w": "1",
      "level": 1.0,
      "marginal": -0.0,
      "lower": 0.0,
      "upper": 1.0,
      "scale": 1.0
    },
    {
      "w": "2",
      "level": 0.0,
      "marginal": -0.0,
      "lower": 0.0,
      "upper": 1.0,
      "scale": 1.0
    },
    {
      "w": "3",
      "level": 1.0,
      "marginal": -0.0,
      "lower": 0.0,
      "upper": 1.0,
      "scale": 1.0
    },
    {
      "w": "4",
      "level": 1.0,
      "marginal": -0.0,
      "lower": 0.0,
      "upper": 1.0,
      "scale": 1.0
    }
  ],
  "selected_original": [
    1,
    28,
    29
  ],
  "selection_vector": [
    0,
    1,
    0,
    0,
    0,
    0,
    0,
    0,
    0,
    0,
    0,
    0,
    0,
    0,
    0,
    0,
    0,
    0,
    0,
    0,
    0,
    0,
    0,
    0,
    0,
    0,
    0,
    0,
    1,
    1
  ],
  "importance_vector": [
    0.0,
    125.72524586416314,
    0.0,
    0.0,
    0.0,
    0.0,
    0.0,
    0.0,
    0.0,
    0.0,
    0.0,
    0.0,
    0.0,
    0.0,
    0.0,
    0.0,
    0.0,
    0.0,
    0.0,
    0.0,
    0.0,
    0.0,
    0.0,
    0.0,
    0.0,
    0.0,
    0.0,
    0.0,
    134.88023730720911,
    140.22173378626192
  ],
  "importance_vector_norm": [
    0.0,
    0.3136644432941583,
    0.0,
    0.0,
    0.0,
    0.0,
    0.0,
    0.0,
    0.0,
    0.0,
    0.0,
    0.0,
    0.0,
    0.0,
    0.0,
    0.0,
    0.0,
    0.0,
    0.0,
    0.0,
    0.0,
    0.0,
    0.0,
    0.0,
    0.0,
    0.0,
    0.0,
    0.0,
    0.33650468730885963,
    0.3498308693969821
  ],
  "selected_sensors": [
    1,
    2,
    3,
    4,
    5,
    6,
    7,
    8,
    9,
    10,
    11,
    12,
    13,
    14,
    15,
    16
  ],
  "selected_windows": [
    2,
    29,
    30
  ],
  "X_train_shape_next": [
    19620,
    16,
    3
  ],
  "X_val_shape_next": [
    2200,
    16,
    3
  ],
  "M_curr": 16,
  "W_curr": 4,
  "input_dim": 64,
  "orig_indices": [
    1,
    2,
    28,
    29,
    31,
    32,
    58,
    59,
    61,
    62,
    88,
    89,
    91,
    92,
    118,
    119,
    121,
    122,
    148,
    149,
    151,
    152,
    178,
    179,
    181,
    182,
    208,
    209,
    211,
    212,
    238,
    239,
    241,
    242,
    268,
    269,
    271,
    272,
    298,
    299,
    301,
    302,
    328,
    329,
    331,
    332,
    358,
    359,
    361,
    362,
    388,
    389,
    391,
    392,
    418,
    419,
    421,
    422,
    448,
    449,
    451,
    452,
    478,
    479
  ],
  "surrogate_from_baseline": false,
  "hidden_sizes": [
    10,
    10
  ],
  "mlp_mode": "mlp_rebuild",
  "mlp_metrics": {
    "train_mse": 2619.62109375,
    "val_mse": 1954.845458984375,
    "train_rmse": 51.18223416137674,
    "val_rmse": 44.21363431097216,
    "train_mae": 34.61505889892578,
    "val_mae": 30.725799560546875,
    "train_r2": 0.702258288860321,
    "val_r2": 0.7625957727432251
  },
  "mlp_train_time": 12.284981964039616
}