{
  "iter_idx": 28,
  "n0_value": 2,
  "mode": "windows",
  "baseline_mode": "capped",
  "baseline_slack": 0.0,
  "baseline_mae_clusters": 7.8248316649031455,
  "baseline_mae_floor": 7.8248316649031455,
  "summary_1": [
    {
      "Solver Status": "Normal",
      "Model Status": "OptimalGlobal",
      "Objective": 39.7107723360686,
      "Num of Equations": 4200,
      "Num of Variables": 3152,
      "Model Type": "MIP",
      "Solver": "GUROBI",
      "Solver Time": 0.08
    }
  ],
  "summary_2": [
    {
      "Solver Status": "Normal",
      "Model Status": "OptimalGlobal",
      "Objective": 7.82483166490315,
      "Num of Equations": 6121,
      "Num of Variables": 4122,
      "Model Type": "MIP",
      "Solver": "GUROBI",
      "Solver Time": 21.473
    }
  ],
  "selection_df": [
    {
      "w": "1",
      "level": 1.0,
      "marginal": -0.0,
      "lower": 0.0,
      "upper": 1.0,
      "scale": 1.0
    },
    {
      "w": "2",
      "level": 0.0,
      "marginal": -0.0,
      "lower": 0.0,
      "upper": 1.0,
      "scale": 1.0
    },
    {
      "w": "3",
      "level": 1.0,
      "marginal": -0.0,
      "lower": 0.0,
      "upper": 1.0,
      "scale": 1.0
    }
  ],
  "selected_original": [
    1,
    29
  ],
  "selection_vector": [
    0,
    1,
    0,
    0,
    0,
    0,
    0,
    0,
    0,
    0,
    0,
    0,
    0,
    0,
    0,
    0,
    0,
    0,
    0,
    0,
    0,
    0,
    0,
    0,
    0,
    0,
    0,
    0,
    0,
    1
  ],
  "importance_vector": [
    0.0,
    113.1688897396721,
    0.0,
    0.0,
    0.0,
    0.0,
    0.0,
    0.0,
    0.0,
    0.0,
    0.0,
    0.0,
    0.0,
    0.0,
    0.0,
    0.0,
    0.0,
    0.0,
    0.0,
    0.0,
    0.0,
    0.0,
    0.0,
    0.0,
    0.0,
    0.0,
    0.0,
    0.0,
    0.0,
    93.17396033158317
  ],
  "importance_vector_norm": [
    0.0,
    0.5484507444798407,
    0.0,
    0.0,
    0.0,
    0.0,
    0.0,
    0.0,
    0.0,
    0.0,
    0.0,
    0.0,
    0.0,
    0.0,
    0.0,
    0.0,
    0.0,
    0.0,
    0.0,
    0.0,
    0.0,
    0.0,
    0.0,
    0.0,
    0.0,
    0.0,
    0.0,
    0.0,
    0.0,
    0.45154925552015934
  ],
  "selected_sensors": [
    1,
    2,
    3,
    4,
    5,
    6,
    7,
    8,
    9,
    10,
    11,
    12,
    13,
    14,
    15,
    16
  ],
  "selected_windows": [
    2,
    30
  ],
  "X_train_shape_next": [
    19620,
    16,
    2
  ],
  "X_val_shape_next": [
    2200,
    16,
    2
  ],
  "M_curr": 16,
  "W_curr": 3,
  "input_dim": 48,
  "orig_indices": [
    1,
    28,
    29,
    31,
    58,
    59,
    61,
    88,
    89,
    91,
    118,
    119,
    121,
    148,
    149,
    151,
    178,
    179,
    181,
    208,
    209,
    211,
    238,
    239,
    241,
    268,
    269,
    271,
    298,
    299,
    301,
    328,
    329,
    331,
    358,
    359,
    361,
    388,
    389,
    391,
    418,
    419,
    421,
    448,
    449,
    451,
    478,
    479
  ],
  "surrogate_from_baseline": false,
  "hidden_sizes": [
    10,
    10
  ],
  "mlp_mode": "mlp_rebuild",
  "mlp_metrics": {
    "train_mse": 2585.16259765625,
    "val_mse": 1919.7747802734375,
    "train_rmse": 50.84449427082789,
    "val_rmse": 43.815234568280445,
    "train_mae": 34.44701385498047,
    "val_mae": 30.20942497253418,
    "train_r2": 0.7061748504638672,
    "val_r2": 0.7668548822402954
  },
  "mlp_train_time": 11.54178296099417
}