{
  "iter_idx": 21,
  "n0_value": 0,
  "mode": "sensors",
  "is_final_mlp": true,
  "orig_indices": [
    30,
    31,
    32,
    33,
    34,
    35,
    36,
    37,
    38,
    39,
    40,
    41,
    42,
    43,
    44,
    45,
    46,
    47,
    48,
    49,
    50,
    51,
    52,
    53,
    54,
    55,
    56,
    57,
    58,
    59
  ],
  "input_dim": 30,
  "hidden_sizes": [
    10,
    10
  ],
  "mlp_mode": "mlp_transfer",
  "mlp_metrics": {
    "train_mse": 901.91259765625,
    "val_mse": 1484.7025146484375,
    "train_rmse": 30.03185971025188,
    "val_rmse": 38.531837675465695,
    "train_mae": 25.430131912231445,
    "val_mae": 32.82899475097656,
    "train_r2": -10.53984260559082,
    "val_r2": -16.675472259521484
  },
  "mlp_train_time": 3.421289697987959
}