{
  "iter_idx": 15,
  "n0_value": 0,
  "mode": "sensors",
  "is_final_mlp": true,
  "orig_indices": [
    240,
    241,
    242,
    243,
    244,
    245,
    246,
    247,
    248,
    249,
    250,
    251,
    252,
    253,
    254,
    255,
    256,
    257,
    258,
    259,
    260,
    261,
    262,
    263,
    264,
    265,
    266,
    267,
    268,
    269
  ],
  "input_dim": 30,
  "hidden_sizes": [
    10,
    10
  ],
  "mlp_mode": "mlp_transfer",
  "mlp_metrics": {
    "train_mse": 50.44276809692383,
    "val_mse": 106.81902313232422,
    "train_rmse": 7.102307237575958,
    "val_rmse": 10.33532888360715,
    "train_mae": 5.539783477783203,
    "val_mae": 8.05891227722168,
    "train_r2": 0.30603235960006714,
    "val_r2": -0.5854846239089966
  },
  "mlp_train_time": 3.8433362618088722
}