{
  "iter_idx": 12,
  "n0_value": 3,
  "mode": "sensors",
  "baseline_mode": "capped",
  "baseline_slack": 0.0,
  "baseline_mae_clusters": 4.226177998198752,
  "baseline_mae_floor": 4.226177998198752,
  "summary_1": [
    {
      "Solver Status": "Normal",
      "Model Status": "OptimalGlobal",
      "Objective": 4.19000199411126,
      "Num of Equations": 4272,
      "Num of Variables": 3225,
      "Model Type": "MIP",
      "Solver": "GUROBI",
      "Solver Time": 0.367
    }
  ],
  "summary_2": [
    {
      "Solver Status": "Normal",
      "Model Status": "OptimalGlobal",
      "Objective": 4.22617799819875,
      "Num of Equations": 9073,
      "Num of Variables": 5635,
      "Model Type": "MIP",
      "Solver": "GUROBI",
      "Solver Time": 2.803
    }
  ],
  "selection_df": [
    {
      "s": "1",
      "level": 0.0,
      "marginal": -0.0,
      "lower": 0.0,
      "upper": 1.0,
      "scale": 1.0
    },
    {
      "s": "2",
      "level": 1.0,
      "marginal": -0.0,
      "lower": 0.0,
      "upper": 1.0,
      "scale": 1.0
    },
    {
      "s": "3",
      "level": 1.0,
      "marginal": -0.0,
      "lower": 0.0,
      "upper": 1.0,
      "scale": 1.0
    },
    {
      "s": "4",
      "level": 1.0,
      "marginal": -0.0,
      "lower": 0.0,
      "upper": 1.0,
      "scale": 1.0
    }
  ],
  "selected_original": [
    6,
    8,
    9
  ],
  "selection_vector": [
    0,
    0,
    0,
    0,
    0,
    0,
    1,
    0,
    1,
    1,
    0,
    0,
    0,
    0,
    0
  ],
  "importance_vector": [
    0.0,
    0.0,
    0.0,
    0.0,
    0.0,
    0.0,
    72.7993466840935,
    0.0,
    68.52734742466573,
    53.37644497111619,
    0.0,
    0.0,
    0.0,
    0.0,
    0.0
  ],
  "importance_vector_norm": [
    0.0,
    0.0,
    0.0,
    0.0,
    0.0,
    0.0,
    0.37389919355243756,
    0.0,
    0.35195810272248834,
    0.27414270372507415,
    0.0,
    0.0,
    0.0,
    0.0,
    0.0
  ],
  "selected_sensors": [
    7,
    9,
    10
  ],
  "selected_windows": [
    1,
    2,
    3,
    4,
    5,
    6,
    7,
    8,
    9,
    10,
    11,
    12,
    13,
    14,
    15,
    16,
    17,
    18,
    19,
    20,
    21,
    22,
    23,
    24,
    25,
    26,
    27,
    28,
    29,
    30
  ],
  "X_train_shape_next": [
    100,
    3,
    30
  ],
  "X_val_shape_next": [
    100,
    3,
    30
  ],
  "M_curr": 4,
  "W_curr": 30,
  "input_dim": 120,
  "orig_indices": [
    0,
    1,
    2,
    3,
    4,
    5,
    6,
    7,
    8,
    9,
    10,
    11,
    12,
    13,
    14,
    15,
    16,
    17,
    18,
    19,
    20,
    21,
    22,
    23,
    24,
    25,
    26,
    27,
    28,
    29,
    180,
    181,
    182,
    183,
    184,
    185,
    186,
    187,
    188,
    189,
    190,
    191,
    192,
    193,
    194,
    195,
    196,
    197,
    198,
    199,
    200,
    201,
    202,
    203,
    204,
    205,
    206,
    207,
    208,
    209,
    240,
    241,
    242,
    243,
    244,
    245,
    246,
    247,
    248,
    249,
    250,
    251,
    252,
    253,
    254,
    255,
    256,
    257,
    258,
    259,
    260,
    261,
    262,
    263,
    264,
    265,
    266,
    267,
    268,
    269,
    270,
    271,
    272,
    273,
    274,
    275,
    276,
    277,
    278,
    279,
    280,
    281,
    282,
    283,
    284,
    285,
    286,
    287,
    288,
    289,
    290,
    291,
    292,
    293,
    294,
    295,
    296,
    297,
    298,
    299
  ],
  "surrogate_from_baseline": false,
  "hidden_sizes": [
    10,
    10
  ],
  "mlp_mode": "mlp_transfer",
  "mlp_metrics": {
    "train_mse": 14.548187255859375,
    "val_mse": 51.76262283325195,
    "train_rmse": 3.8142086015134744,
    "val_rmse": 7.194624579034819,
    "train_mae": 2.845442295074463,
    "val_mae": 5.865245819091797,
    "train_r2": 0.7998529672622681,
    "val_r2": 0.2317020297050476
  },
  "mlp_train_time": 3.8727022679522634
}