{
  "loss": [
    440.6169128417969,
    401.7699890136719,
    346.9543151855469,
    281.6020202636719,
    227.333984375,
    198.0537109375,
    185.86102294921875,
    179.7059783935547,
    175.775634765625,
    172.72801208496094,
    170.02230834960938,
    167.4607696533203,
    165.04000854492188,
    162.7484588623047,
    160.5218505859375,
    158.2662353515625,
    155.9618682861328,
    153.76307678222656,
    151.67218017578125,
    149.52935791015625,
    147.25192260742188,
    145.1249542236328,
    143.06529235839844,
    141.00814819335938,
    139.006103515625,
    137.01280212402344,
    135.035400390625,
    133.09344482421875,
    131.1943359375,
    129.33657836914062
  ],
  "mae": [
    17.180700302124023,
    16.122617721557617,
    14.672491073608398,
    13.037708282470703,
    11.777191162109375,
    11.175466537475586,
    10.958745002746582,
    10.806036949157715,
    10.686381340026855,
    10.591660499572754,
    10.507378578186035,
    10.42867374420166,
    10.353303909301758,
    10.280707359313965,
    10.2085542678833,
    10.136536598205566,
    10.063455581665039,
    9.993858337402344,
    9.926213264465332,
    9.851605415344238,
    9.775389671325684,
    9.70617389678955,
    9.634822845458984,
    9.565013885498047,
    9.495611190795898,
    9.424836158752441,
    9.3543119430542,
    9.285131454467773,
    9.218965530395508,
    9.15172290802002
  ],
  "val_loss": [
    398.52789306640625,
    355.7580871582031,
    294.84429931640625,
    231.3093719482422,
    190.21730041503906,
    175.83999633789062,
    172.10379028320312,
    169.96932983398438,
    167.9226531982422,
    166.26699829101562,
    164.8684539794922,
    163.63697814941406,
    162.53244018554688,
    161.59494018554688,
    160.66815185546875,
    159.857666015625,
    159.10971069335938,
    158.46685791015625,
    158.31887817382812,
    158.62680053710938,
    159.32086181640625,
    159.8460235595703,
    160.3135223388672,
    159.8363800048828,
    159.36329650878906,
    158.99935913085938,
    158.92788696289062,
    158.69166564941406,
    158.12779235839844,
    157.25192260742188
  ],
  "val_mae": [
    16.163938522338867,
    14.976536750793457,
    13.375933647155762,
    11.857656478881836,
    11.042693138122559,
    10.80019474029541,
    10.723306655883789,
    10.670113563537598,
    10.617236137390137,
    10.56423568725586,
    10.51469612121582,
    10.460412979125977,
    10.415304183959961,
    10.379788398742676,
    10.350995063781738,
    10.329258918762207,
    10.309477806091309,
    10.297205924987793,
    10.299911499023438,
    10.318792343139648,
    10.345824241638184,
    10.36527156829834,
    10.379351615905762,
    10.366758346557617,
    10.354331970214844,
    10.348721504211426,
    10.352659225463867,
    10.354923248291016,
    10.34809684753418,
    10.332368850708008
  ]
}