{
  "iter_idx": 21,
  "n0_value": 0,
  "mode": "sensors",
  "is_final_mlp": true,
  "orig_indices": [
    30,
    31,
    32,
    33,
    34,
    35,
    36,
    37,
    38,
    39,
    40,
    41,
    42,
    43,
    44,
    45,
    46,
    47,
    48,
    49,
    50,
    51,
    52,
    53,
    54,
    55,
    56,
    57,
    58,
    59
  ],
  "input_dim": 30,
  "hidden_sizes": [
    10,
    10,
    10
  ],
  "mlp_mode": "mlp_transfer",
  "mlp_metrics": {
    "train_mse": 954.8226318359375,
    "val_mse": 1690.4140625,
    "train_rmse": 30.900204397963737,
    "val_rmse": 41.11464535296395,
    "train_mae": 25.593244552612305,
    "val_mae": 34.76384353637695,
    "train_r2": -11.216819763183594,
    "val_r2": -19.124479293823242
  },
  "mlp_train_time": 3.485966747859493
}