{
  "iter_idx": 0,
  "n0_value": 10,
  "mode": "windows",
  "is_baseline": true,
  "is_final_mlp": false,
  "orig_indices": [
    0,
    1,
    2,
    3,
    4,
    5,
    6,
    7,
    8,
    9,
    10,
    11,
    12,
    13,
    14,
    15,
    16,
    17,
    18,
    19,
    20,
    21,
    22,
    23,
    24,
    25,
    26,
    27,
    28,
    29,
    30,
    31,
    32,
    33,
    34,
    35,
    36,
    37,
    38,
    39,
    40,
    41,
    42,
    43,
    44,
    45,
    46,
    47,
    48,
    49
  ],
  "input_dim": 50,
  "selection_vector": [
    1,
    1,
    1,
    1,
    1,
    1,
    1,
    1,
    1,
    1
  ],
  "selected_original": [
    0,
    1,
    2,
    3,
    4,
    5,
    6,
    7,
    8,
    9
  ],
  "importance_vector": [
    10.112643829139415,
    11.130175057798624,
    10.515053238719702,
    9.25906752794981,
    10.022585735277971,
    9.781580756651238,
    10.618361465632915,
    10.515209479257464,
    10.679285991936922,
    11.444301829207689
  ],
  "importance_vector_norm": [
    0.09716383951761151,
    0.10694043628854862,
    0.10103025110625768,
    0.08896254694307801,
    0.09629854748052807,
    0.09398293452491722,
    0.1020228524625638,
    0.10103175228940957,
    0.10260822469523669,
    0.10995861469184884
  ],
  "hidden_sizes": [
    10,
    10
  ],
  "mlp_mode": "baseline",
  "mlp_metrics": {
    "train_mse": 139.5313262939453,
    "val_mse": 136.56320190429688,
    "train_rmse": 11.812337884345558,
    "val_rmse": 11.686025924337875,
    "train_mae": 9.567459106445312,
    "val_mae": 9.458296775817871,
    "train_r2": 0.04856610298156738,
    "val_r2": -0.0009845495223999023
  },
  "baseline_mae_clusters": 4.194720146173398,
  "baseline_mae_floor": 4.194720146173398
}