{
  "iter_idx": [
    0,
    1,
    2,
    3,
    4,
    5,
    6,
    7,
    8,
    9
  ],
  "n0_value": [
    10,
    9,
    8,
    7,
    6,
    5,
    4,
    3,
    2,
    1
  ],
  "selection_vector": [
    [
      1,
      1,
      1,
      1,
      1,
      1,
      1,
      1,
      1,
      1
    ],
    [
      1,
      1,
      1,
      1,
      0,
      1,
      1,
      1,
      1,
      1
    ],
    [
      1,
      1,
      0,
      1,
      0,
      1,
      1,
      1,
      1,
      1
    ],
    [
      1,
      1,
      0,
      1,
      0,
      1,
      0,
      1,
      1,
      1
    ],
    [
      1,
      1,
      0,
      1,
      0,
      1,
      0,
      0,
      1,
      1
    ],
    [
      1,
      1,
      0,
      0,
      0,
      1,
      0,
      0,
      1,
      1
    ],
    [
      1,
      1,
      0,
      0,
      0,
      1,
      0,
      0,
      0,
      1
    ],
    [
      1,
      1,
      0,
      0,
      0,
      0,
      0,
      0,
      0,
      1
    ],
    [
      1,
      0,
      0,
      0,
      0,
      0,
      0,
      0,
      0,
      1
    ],
    [
      1,
      0,
      0,
      0,
      0,
      0,
      0,
      0,
      0,
      0
    ]
  ],
  "importance_vector": [
    [
      10.11264419555664,
      11.13017463684082,
      10.515052795410156,
      9.25906753540039,
      10.02258586883545,
      9.781580924987793,
      10.618361473083496,
      10.515209197998047,
      10.679286003112793,
      11.44430160522461
    ],
    [
      16.191730499267578,
      17.88268280029297,
      17.277063369750977,
      16.407901763916016,
      0.0,
      17.383893966674805,
      17.54434585571289,
      15.914666175842285,
      17.605571746826172,
      19.3940372467041
    ],
    [
      20.00342559814453,
      17.232500076293945,
      0.0,
      21.80230140686035,
      0.0,
      16.555557250976562,
      22.890480041503906,
      18.614517211914062,
      19.272857666015625,
      23.71357536315918
    ],
    [
      22.928918838500977,
      18.18598175048828,
      0.0,
      17.843122482299805,
      0.0,
      22.010099411010742,
      0.0,
      19.774810791015625,
      17.21435546875,
      19.058889389038086
    ],
    [
      19.360332489013672,
      17.21537971496582,
      0.0,
      19.169818878173828,
      0.0,
      19.18121910095215,
      0.0,
      0.0,
      19.961341857910156,
      21.11986541748047
    ],
    [
      20.014934539794922,
      21.746788024902344,
      0.0,
      0.0,
      0.0,
      19.29149055480957,
      0.0,
      0.0,
      18.837947845458984,
      23.88294219970703
    ],
    [
      17.831918716430664,
      20.81523323059082,
      0.0,
      0.0,
      0.0,
      23.89983558654785,
      0.0,
      0.0,
      0.0,
      17.661113739013672
    ],
    [
      21.64151954650879,
      19.40102767944336,
      0.0,
      0.0,
      0.0,
      0.0,
      0.0,
      0.0,
      0.0,
      16.87161636352539
    ],
    [
      19.478395462036133,
      0.0,
      0.0,
      0.0,
      0.0,
      0.0,
      0.0,
      0.0,
      0.0,
      21.107526779174805
    ],
    [
      16.878402709960938,
      0.0,
      0.0,
      0.0,
      0.0,
      0.0,
      0.0,
      0.0,
      0.0,
      0.0
    ]
  ]
}