{
  "iter_idx": 30,
  "n0_value": 0,
  "mode": "windows",
  "is_final_mlp": true,
  "orig_indices": [
    1,
    31,
    61,
    91,
    121,
    151,
    181,
    211,
    241,
    271,
    301,
    331,
    361,
    391,
    421,
    451,
    481,
    511,
    541,
    571,
    601
  ],
  "input_dim": 21,
  "hidden_sizes": [
    10
  ],
  "mlp_mode": "mlp_transfer",
  "mlp_metrics": {
    "train_mse": 120.79618072509766,
    "val_mse": 179.98785400390625,
    "train_rmse": 10.990731582797283,
    "val_rmse": 13.415955202813784,
    "train_mae": 8.999994277954102,
    "val_mae": 11.168967247009277,
    "train_r2": -0.7924835681915283,
    "val_r2": -1.204925537109375
  },
  "mlp_train_time": 3.3495281010400504
}