{
  "iter_idx": 27,
  "n0_value": 3,
  "mode": "windows",
  "baseline_mode": "capped",
  "baseline_slack": 0.0,
  "baseline_mae_clusters": 18.72261723715702,
  "baseline_mae_floor": 18.72261723715702,
  "summary_1": [
    {
      "Solver Status": "Normal",
      "Model Status": "OptimalGlobal",
      "Objective": 7.55264754095476,
      "Num of Equations": 2236,
      "Num of Variables": 1689,
      "Model Type": "MIP",
      "Solver": "GUROBI",
      "Solver Time": 0.058
    }
  ],
  "summary_2": [
    {
      "Solver Status": "Normal",
      "Model Status": "OptimalGlobal",
      "Objective": 18.722617237157,
      "Num of Equations": 5597,
      "Num of Variables": 3379,
      "Model Type": "MIP",
      "Solver": "GUROBI",
      "Solver Time": 0.241
    }
  ],
  "selection_df": [
    {
      "w": "1",
      "level": 1.0,
      "marginal": -0.0,
      "lower": 0.0,
      "upper": 1.0,
      "scale": 1.0
    },
    {
      "w": "2",
      "level": 1.0,
      "marginal": -0.0,
      "lower": 0.0,
      "upper": 1.0,
      "scale": 1.0
    },
    {
      "w": "3",
      "level": 1.0,
      "marginal": -0.0,
      "lower": 0.0,
      "upper": 1.0,
      "scale": 1.0
    },
    {
      "w": "4",
      "level": 0.0,
      "marginal": -0.0,
      "lower": 0.0,
      "upper": 1.0,
      "scale": 1.0
    }
  ],
  "selected_original": [
    0,
    1,
    2
  ],
  "selection_vector": [
    1,
    1,
    1,
    0,
    0,
    0,
    0,
    0,
    0,
    0,
    0,
    0,
    0,
    0,
    0,
    0,
    0,
    0,
    0,
    0,
    0,
    0,
    0,
    0,
    0,
    0,
    0,
    0,
    0,
    0
  ],
  "importance_vector": [
    91.31141545344144,
    94.30093010049313,
    126.22821197129088,
    0.0,
    0.0,
    0.0,
    0.0,
    0.0,
    0.0,
    0.0,
    0.0,
    0.0,
    0.0,
    0.0,
    0.0,
    0.0,
    0.0,
    0.0,
    0.0,
    0.0,
    0.0,
    0.0,
    0.0,
    0.0,
    0.0,
    0.0,
    0.0,
    0.0,
    0.0,
    0.0
  ],
  "importance_vector_norm": [
    0.292814431124967,
    0.30240110795358915,
    0.4047844609214438,
    0.0,
    0.0,
    0.0,
    0.0,
    0.0,
    0.0,
    0.0,
    0.0,
    0.0,
    0.0,
    0.0,
    0.0,
    0.0,
    0.0,
    0.0,
    0.0,
    0.0,
    0.0,
    0.0,
    0.0,
    0.0,
    0.0,
    0.0,
    0.0,
    0.0,
    0.0,
    0.0
  ],
  "selected_sensors": [
    1,
    2,
    3,
    4,
    5,
    6,
    7,
    8,
    9,
    10,
    11,
    12,
    13,
    14,
    15,
    16,
    17,
    18,
    19,
    20,
    21
  ],
  "selected_windows": [
    1,
    2,
    3
  ],
  "X_train_shape_next": [
    100,
    21,
    3
  ],
  "X_val_shape_next": [
    100,
    21,
    3
  ],
  "M_curr": 21,
  "W_curr": 4,
  "input_dim": 84,
  "orig_indices": [
    0,
    1,
    2,
    3,
    30,
    31,
    32,
    33,
    60,
    61,
    62,
    63,
    90,
    91,
    92,
    93,
    120,
    121,
    122,
    123,
    150,
    151,
    152,
    153,
    180,
    181,
    182,
    183,
    210,
    211,
    212,
    213,
    240,
    241,
    242,
    243,
    270,
    271,
    272,
    273,
    300,
    301,
    302,
    303,
    330,
    331,
    332,
    333,
    360,
    361,
    362,
    363,
    390,
    391,
    392,
    393,
    420,
    421,
    422,
    423,
    450,
    451,
    452,
    453,
    480,
    481,
    482,
    483,
    510,
    511,
    512,
    513,
    540,
    541,
    542,
    543,
    570,
    571,
    572,
    573,
    600,
    601,
    602,
    603
  ],
  "surrogate_from_baseline": false,
  "hidden_sizes": [
    10
  ],
  "mlp_mode": "mlp_transfer",
  "mlp_metrics": {
    "train_mse": 96.12474822998047,
    "val_mse": 226.6019287109375,
    "train_rmse": 9.804322935826852,
    "val_rmse": 15.053302916999229,
    "train_mae": 8.052570343017578,
    "val_mae": 12.583178520202637,
    "train_r2": -0.42638635635375977,
    "val_r2": -1.7759673595428467
  },
  "mlp_train_time": 3.4090302349068224
}