{
  "iter_idx": 28,
  "n0_value": 2,
  "mode": "windows",
  "baseline_mode": "capped",
  "baseline_slack": 0.0,
  "baseline_mae_clusters": 18.72261723715702,
  "baseline_mae_floor": 18.72261723715702,
  "summary_1": [
    {
      "Solver Status": "Normal",
      "Model Status": "OptimalGlobal",
      "Objective": 8.94599612105653,
      "Num of Equations": 2215,
      "Num of Variables": 1667,
      "Model Type": "MIP",
      "Solver": "GUROBI",
      "Solver Time": 0.031
    }
  ],
  "summary_2": [
    {
      "Solver Status": "Normal",
      "Model Status": "OptimalGlobal",
      "Objective": 18.722617237157,
      "Num of Equations": 4736,
      "Num of Variables": 2937,
      "Model Type": "MIP",
      "Solver": "GUROBI",
      "Solver Time": 0.164
    }
  ],
  "selection_df": [
    {
      "w": "1",
      "level": 1.0,
      "marginal": -0.0,
      "lower": 0.0,
      "upper": 1.0,
      "scale": 1.0
    },
    {
      "w": "2",
      "level": 1.0,
      "marginal": -0.0,
      "lower": 0.0,
      "upper": 1.0,
      "scale": 1.0
    },
    {
      "w": "3",
      "level": 0.0,
      "marginal": -0.0,
      "lower": 0.0,
      "upper": 1.0,
      "scale": 1.0
    }
  ],
  "selected_original": [
    0,
    1
  ],
  "selection_vector": [
    1,
    1,
    0,
    0,
    0,
    0,
    0,
    0,
    0,
    0,
    0,
    0,
    0,
    0,
    0,
    0,
    0,
    0,
    0,
    0,
    0,
    0,
    0,
    0,
    0,
    0,
    0,
    0,
    0,
    0
  ],
  "importance_vector": [
    92.26419472208676,
    94.85534429904698,
    0.0,
    0.0,
    0.0,
    0.0,
    0.0,
    0.0,
    0.0,
    0.0,
    0.0,
    0.0,
    0.0,
    0.0,
    0.0,
    0.0,
    0.0,
    0.0,
    0.0,
    0.0,
    0.0,
    0.0,
    0.0,
    0.0,
    0.0,
    0.0,
    0.0,
    0.0,
    0.0,
    0.0
  ],
  "importance_vector_norm": [
    0.49307621857526174,
    0.5069237814247383,
    0.0,
    0.0,
    0.0,
    0.0,
    0.0,
    0.0,
    0.0,
    0.0,
    0.0,
    0.0,
    0.0,
    0.0,
    0.0,
    0.0,
    0.0,
    0.0,
    0.0,
    0.0,
    0.0,
    0.0,
    0.0,
    0.0,
    0.0,
    0.0,
    0.0,
    0.0,
    0.0,
    0.0
  ],
  "selected_sensors": [
    1,
    2,
    3,
    4,
    5,
    6,
    7,
    8,
    9,
    10,
    11,
    12,
    13,
    14,
    15,
    16,
    17,
    18,
    19,
    20,
    21
  ],
  "selected_windows": [
    1,
    2
  ],
  "X_train_shape_next": [
    100,
    21,
    2
  ],
  "X_val_shape_next": [
    100,
    21,
    2
  ],
  "M_curr": 21,
  "W_curr": 3,
  "input_dim": 63,
  "orig_indices": [
    0,
    1,
    2,
    30,
    31,
    32,
    60,
    61,
    62,
    90,
    91,
    92,
    120,
    121,
    122,
    150,
    151,
    152,
    180,
    181,
    182,
    210,
    211,
    212,
    240,
    241,
    242,
    270,
    271,
    272,
    300,
    301,
    302,
    330,
    331,
    332,
    360,
    361,
    362,
    390,
    391,
    392,
    420,
    421,
    422,
    450,
    451,
    452,
    480,
    481,
    482,
    510,
    511,
    512,
    540,
    541,
    542,
    570,
    571,
    572,
    600,
    601,
    602
  ],
  "surrogate_from_baseline": false,
  "hidden_sizes": [
    10
  ],
  "mlp_mode": "mlp_transfer",
  "mlp_metrics": {
    "train_mse": 114.87413787841797,
    "val_mse": 231.3200225830078,
    "train_rmse": 10.717935336547706,
    "val_rmse": 15.209208479832467,
    "train_mae": 8.701469421386719,
    "val_mae": 12.599477767944336,
    "train_r2": -0.7046068906784058,
    "val_r2": -1.833765983581543
  },
  "mlp_train_time": 3.3124337771441787
}