{
  "iter_idx": 15,
  "n0_value": 0,
  "mode": "sensors",
  "is_final_mlp": true,
  "orig_indices": [
    330,
    331,
    332,
    333,
    334,
    335,
    336,
    337,
    338,
    339,
    340,
    341,
    342,
    343,
    344,
    345,
    346,
    347,
    348,
    349,
    350,
    351,
    352,
    353,
    354,
    355,
    356,
    357,
    358,
    359
  ],
  "input_dim": 30,
  "hidden_sizes": [
    10,
    10,
    10
  ],
  "mlp_mode": "mlp_transfer",
  "mlp_metrics": {
    "train_mse": 396.93670654296875,
    "val_mse": 566.7179565429688,
    "train_rmse": 19.92327047808589,
    "val_rmse": 23.80583870698465,
    "train_mae": 18.876253128051758,
    "val_mae": 22.054506301879883,
    "train_r2": -4.691575050354004,
    "val_r2": -7.106868743896484
  },
  "mlp_train_time": 3.921417678007856
}