{
  "iter_idx": 30,
  "n0_value": 0,
  "mode": "windows",
  "is_final_mlp": true,
  "orig_indices": [
    29,
    59,
    89,
    119,
    149,
    179,
    209,
    239,
    269,
    299,
    329,
    359,
    389,
    419,
    449,
    479
  ],
  "input_dim": 16,
  "hidden_sizes": [
    10
  ],
  "mlp_mode": "mlp_rebuild",
  "mlp_metrics": {
    "train_mse": 3403.9951171875,
    "val_mse": 2401.79541015625,
    "train_rmse": 58.343766738080085,
    "val_rmse": 49.008115758068584,
    "train_mae": 41.02345275878906,
    "val_mae": 35.35734558105469,
    "train_r2": 0.6131076812744141,
    "val_r2": 0.7083163857460022
  },
  "mlp_train_time": 10.274177758023143
}