{
  "iter_idx": 27,
  "n0_value": 3,
  "mode": "windows",
  "baseline_mode": "capped",
  "baseline_slack": 0.0,
  "baseline_mae_clusters": 8.737771110394885,
  "baseline_mae_floor": 8.737771110394885,
  "summary_1": [
    {
      "Solver Status": "Normal",
      "Model Status": "OptimalGlobal",
      "Objective": 32.4934373673253,
      "Num of Equations": 2216,
      "Num of Variables": 1669,
      "Model Type": "MIP",
      "Solver": "GUROBI",
      "Solver Time": 0.043
    }
  ],
  "summary_2": [
    {
      "Solver Status": "Normal",
      "Model Status": "OptimalGlobal",
      "Objective": 8.73777111039488,
      "Num of Equations": 4777,
      "Num of Variables": 2959,
      "Model Type": "MIP",
      "Solver": "GUROBI",
      "Solver Time": 7.093
    }
  ],
  "selection_df": [
    {
      "w": "1",
      "level": 1.0,
      "marginal": -0.0,
      "lower": 0.0,
      "upper": 1.0,
      "scale": 1.0
    },
    {
      "w": "2",
      "level": 0.0,
      "marginal": -0.0,
      "lower": 0.0,
      "upper": 1.0,
      "scale": 1.0
    },
    {
      "w": "3",
      "level": 1.0,
      "marginal": -0.0,
      "lower": 0.0,
      "upper": 1.0,
      "scale": 1.0
    },
    {
      "w": "4",
      "level": 1.0,
      "marginal": -0.0,
      "lower": 0.0,
      "upper": 1.0,
      "scale": 1.0
    }
  ],
  "selected_original": [
    1,
    28,
    29
  ],
  "selection_vector": [
    0,
    1,
    0,
    0,
    0,
    0,
    0,
    0,
    0,
    0,
    0,
    0,
    0,
    0,
    0,
    0,
    0,
    0,
    0,
    0,
    0,
    0,
    0,
    0,
    0,
    0,
    0,
    0,
    1,
    1
  ],
  "importance_vector": [
    0.0,
    256.55229715616326,
    0.0,
    0.0,
    0.0,
    0.0,
    0.0,
    0.0,
    0.0,
    0.0,
    0.0,
    0.0,
    0.0,
    0.0,
    0.0,
    0.0,
    0.0,
    0.0,
    0.0,
    0.0,
    0.0,
    0.0,
    0.0,
    0.0,
    0.0,
    0.0,
    0.0,
    0.0,
    243.63941261127238,
    232.68418702579498
  ],
  "importance_vector_norm": [
    0.0,
    0.3500624024868776,
    0.0,
    0.0,
    0.0,
    0.0,
    0.0,
    0.0,
    0.0,
    0.0,
    0.0,
    0.0,
    0.0,
    0.0,
    0.0,
    0.0,
    0.0,
    0.0,
    0.0,
    0.0,
    0.0,
    0.0,
    0.0,
    0.0,
    0.0,
    0.0,
    0.0,
    0.0,
    0.3324429329404067,
    0.31749466457271575
  ],
  "selected_sensors": [
    1,
    2,
    3,
    4,
    5,
    6,
    7,
    8,
    9,
    10,
    11,
    12,
    13,
    14,
    15,
    16
  ],
  "selected_windows": [
    2,
    29,
    30
  ],
  "X_train_shape_next": [
    19620,
    16,
    3
  ],
  "X_val_shape_next": [
    2200,
    16,
    3
  ],
  "M_curr": 16,
  "W_curr": 4,
  "input_dim": 64,
  "orig_indices": [
    1,
    27,
    28,
    29,
    31,
    57,
    58,
    59,
    61,
    87,
    88,
    89,
    91,
    117,
    118,
    119,
    121,
    147,
    148,
    149,
    151,
    177,
    178,
    179,
    181,
    207,
    208,
    209,
    211,
    237,
    238,
    239,
    241,
    267,
    268,
    269,
    271,
    297,
    298,
    299,
    301,
    327,
    328,
    329,
    331,
    357,
    358,
    359,
    361,
    387,
    388,
    389,
    391,
    417,
    418,
    419,
    421,
    447,
    448,
    449,
    451,
    477,
    478,
    479
  ],
  "surrogate_from_baseline": false,
  "hidden_sizes": [
    10
  ],
  "mlp_mode": "mlp_rebuild",
  "mlp_metrics": {
    "train_mse": 2929.72607421875,
    "val_mse": 2046.2847900390625,
    "train_rmse": 54.12694406872376,
    "val_rmse": 45.23587945468798,
    "train_mae": 37.57375717163086,
    "val_mae": 33.071956634521484,
    "train_r2": 0.6670123338699341,
    "val_r2": 0.7514910101890564
  },
  "mlp_train_time": 10.99928688898217
}