{
  "iter_idx": 28,
  "n0_value": 2,
  "mode": "windows",
  "baseline_mode": "capped",
  "baseline_slack": 0.0,
  "baseline_mae_clusters": 8.737771110394885,
  "baseline_mae_floor": 8.737771110394885,
  "summary_1": [
    {
      "Solver Status": "Normal",
      "Model Status": "OptimalGlobal",
      "Objective": 39.2271817183528,
      "Num of Equations": 2200,
      "Num of Variables": 1652,
      "Model Type": "MIP",
      "Solver": "GUROBI",
      "Solver Time": 0.031
    }
  ],
  "summary_2": [
    {
      "Solver Status": "Normal",
      "Model Status": "OptimalGlobal",
      "Objective": 8.73777111039488,
      "Num of Equations": 4121,
      "Num of Variables": 2622,
      "Model Type": "MIP",
      "Solver": "GUROBI",
      "Solver Time": 12.606
    }
  ],
  "selection_df": [
    {
      "w": "1",
      "level": 1.0,
      "marginal": -0.0,
      "lower": 0.0,
      "upper": 1.0,
      "scale": 1.0
    },
    {
      "w": "2",
      "level": 0.0,
      "marginal": -0.0,
      "lower": 0.0,
      "upper": 1.0,
      "scale": 1.0
    },
    {
      "w": "3",
      "level": 1.0,
      "marginal": -0.0,
      "lower": 0.0,
      "upper": 1.0,
      "scale": 1.0
    }
  ],
  "selected_original": [
    1,
    29
  ],
  "selection_vector": [
    0,
    1,
    0,
    0,
    0,
    0,
    0,
    0,
    0,
    0,
    0,
    0,
    0,
    0,
    0,
    0,
    0,
    0,
    0,
    0,
    0,
    0,
    0,
    0,
    0,
    0,
    0,
    0,
    0,
    1
  ],
  "importance_vector": [
    0.0,
    220.2808088454811,
    0.0,
    0.0,
    0.0,
    0.0,
    0.0,
    0.0,
    0.0,
    0.0,
    0.0,
    0.0,
    0.0,
    0.0,
    0.0,
    0.0,
    0.0,
    0.0,
    0.0,
    0.0,
    0.0,
    0.0,
    0.0,
    0.0,
    0.0,
    0.0,
    0.0,
    0.0,
    0.0,
    257.5712070767059
  ],
  "importance_vector_norm": [
    0.0,
    0.46098122746300485,
    0.0,
    0.0,
    0.0,
    0.0,
    0.0,
    0.0,
    0.0,
    0.0,
    0.0,
    0.0,
    0.0,
    0.0,
    0.0,
    0.0,
    0.0,
    0.0,
    0.0,
    0.0,
    0.0,
    0.0,
    0.0,
    0.0,
    0.0,
    0.0,
    0.0,
    0.0,
    0.0,
    0.5390187725369951
  ],
  "selected_sensors": [
    1,
    2,
    3,
    4,
    5,
    6,
    7,
    8,
    9,
    10,
    11,
    12,
    13,
    14,
    15,
    16
  ],
  "selected_windows": [
    2,
    30
  ],
  "X_train_shape_next": [
    19620,
    16,
    2
  ],
  "X_val_shape_next": [
    2200,
    16,
    2
  ],
  "M_curr": 16,
  "W_curr": 3,
  "input_dim": 48,
  "orig_indices": [
    1,
    28,
    29,
    31,
    58,
    59,
    61,
    88,
    89,
    91,
    118,
    119,
    121,
    148,
    149,
    151,
    178,
    179,
    181,
    208,
    209,
    211,
    238,
    239,
    241,
    268,
    269,
    271,
    298,
    299,
    301,
    328,
    329,
    331,
    358,
    359,
    361,
    388,
    389,
    391,
    418,
    419,
    421,
    448,
    449,
    451,
    478,
    479
  ],
  "surrogate_from_baseline": false,
  "hidden_sizes": [
    10
  ],
  "mlp_mode": "mlp_rebuild",
  "mlp_metrics": {
    "train_mse": 2986.010986328125,
    "val_mse": 2105.779541015625,
    "train_rmse": 54.644404894994736,
    "val_rmse": 45.88877358369501,
    "train_mae": 37.557071685791016,
    "val_mae": 32.871028900146484,
    "train_r2": 0.660615086555481,
    "val_r2": 0.7442657351493835
  },
  "mlp_train_time": 11.004635108984075
}