{
  "iter_idx": 21,
  "n0_value": 0,
  "mode": "sensors",
  "is_final_mlp": true,
  "orig_indices": [
    30,
    31,
    32,
    33,
    34,
    35,
    36,
    37,
    38,
    39,
    40,
    41,
    42,
    43,
    44,
    45,
    46,
    47,
    48,
    49,
    50,
    51,
    52,
    53,
    54,
    55,
    56,
    57,
    58,
    59
  ],
  "input_dim": 30,
  "hidden_sizes": [
    10,
    10
  ],
  "mlp_mode": "mlp_transfer",
  "mlp_metrics": {
    "train_mse": 2589.92041015625,
    "val_mse": 3829.3876953125,
    "train_rmse": 50.89126064616841,
    "val_rmse": 61.882046631575626,
    "train_mae": 45.5706672668457,
    "val_mae": 55.911624908447266,
    "train_r2": -33.723995208740234,
    "val_r2": -48.31956100463867
  },
  "mlp_train_time": 3.4825169660616666
}