{
  "iter_idx": 30,
  "n0_value": 0,
  "mode": "windows",
  "is_final_mlp": true,
  "orig_indices": [
    1,
    31,
    61,
    91,
    121,
    151,
    181,
    211,
    241,
    271,
    301,
    331,
    361,
    391,
    421,
    451,
    481,
    511,
    541,
    571,
    601
  ],
  "input_dim": 21,
  "hidden_sizes": [
    10
  ],
  "mlp_mode": "mlp_transfer",
  "mlp_metrics": {
    "train_mse": 102.89665985107422,
    "val_mse": 132.53172302246094,
    "train_rmse": 10.143799083729636,
    "val_rmse": 11.512242310795102,
    "train_mae": 8.117090225219727,
    "val_mae": 9.666345596313477,
    "train_r2": -0.31654810905456543,
    "val_r2": -0.818801760673523
  },
  "mlp_train_time": 3.425433465046808
}