{
  "iter_idx": 28,
  "n0_value": 2,
  "mode": "windows",
  "baseline_mode": "capped",
  "baseline_slack": 0.0,
  "baseline_mae_clusters": 21.130644769076447,
  "baseline_mae_floor": 21.130644769076447,
  "summary_1": [
    {
      "Solver Status": "Normal",
      "Model Status": "OptimalGlobal",
      "Objective": 76.7492122689429,
      "Num of Equations": 6215,
      "Num of Variables": 4667,
      "Model Type": "MIP",
      "Solver": "GUROBI",
      "Solver Time": 2.251
    }
  ],
  "summary_2": [
    {
      "Solver Status": "Resource",
      "Model Status": "Feasible",
      "Objective": 84.4927754445963,
      "Num of Equations": 8736,
      "Num of Variables": 5937,
      "Model Type": "MIP",
      "Solver": "GUROBI",
      "Solver Time": 60.062
    }
  ],
  "selection_df": [
    {
      "w": "1",
      "level": 1.0,
      "marginal": -0.0,
      "lower": 0.0,
      "upper": 1.0,
      "scale": 1.0
    },
    {
      "w": "2",
      "level": 0.0,
      "marginal": -0.0,
      "lower": 0.0,
      "upper": 1.0,
      "scale": 1.0
    },
    {
      "w": "3",
      "level": 1.0,
      "marginal": -0.0,
      "lower": 0.0,
      "upper": 1.0,
      "scale": 1.0
    }
  ],
  "selected_original": [
    10,
    16
  ],
  "selection_vector": [
    0,
    0,
    0,
    0,
    0,
    0,
    0,
    0,
    0,
    0,
    1,
    0,
    0,
    0,
    0,
    0,
    1,
    0,
    0,
    0,
    0,
    0,
    0,
    0,
    0,
    0,
    0,
    0,
    0,
    0
  ],
  "importance_vector": [
    0.0,
    0.0,
    0.0,
    0.0,
    0.0,
    0.0,
    0.0,
    0.0,
    0.0,
    0.0,
    99.50452537803201,
    0.0,
    0.0,
    0.0,
    0.0,
    0.0,
    108.918220420174,
    0.0,
    0.0,
    0.0,
    0.0,
    0.0,
    0.0,
    0.0,
    0.0,
    0.0,
    0.0,
    0.0,
    0.0,
    0.0
  ],
  "importance_vector_norm": [
    0.0,
    0.0,
    0.0,
    0.0,
    0.0,
    0.0,
    0.0,
    0.0,
    0.0,
    0.0,
    0.47741682414246606,
    0.0,
    0.0,
    0.0,
    0.0,
    0.0,
    0.522583175857534,
    0.0,
    0.0,
    0.0,
    0.0,
    0.0,
    0.0,
    0.0,
    0.0,
    0.0,
    0.0,
    0.0,
    0.0,
    0.0
  ],
  "selected_sensors": [
    1,
    2,
    3,
    4,
    5,
    6,
    7,
    8,
    9,
    10,
    11,
    12,
    13,
    14,
    15,
    16,
    17,
    18,
    19,
    20,
    21
  ],
  "selected_windows": [
    11,
    17
  ],
  "X_train_shape_next": [
    41513,
    21,
    2
  ],
  "X_val_shape_next": [
    4706,
    21,
    2
  ],
  "M_curr": 21,
  "W_curr": 3,
  "input_dim": 63,
  "orig_indices": [
    10,
    15,
    16,
    40,
    45,
    46,
    70,
    75,
    76,
    100,
    105,
    106,
    130,
    135,
    136,
    160,
    165,
    166,
    190,
    195,
    196,
    220,
    225,
    226,
    250,
    255,
    256,
    280,
    285,
    286,
    310,
    315,
    316,
    340,
    345,
    346,
    370,
    375,
    376,
    400,
    405,
    406,
    430,
    435,
    436,
    460,
    465,
    466,
    490,
    495,
    496,
    520,
    525,
    526,
    550,
    555,
    556,
    580,
    585,
    586,
    610,
    615,
    616
  ],
  "surrogate_from_baseline": false,
  "hidden_sizes": [
    10,
    10,
    10
  ],
  "mlp_mode": "mlp_rebuild",
  "mlp_metrics": {
    "train_mse": 1706.79736328125,
    "val_mse": 2065.952392578125,
    "train_rmse": 41.313404159924296,
    "val_rmse": 45.45274901013276,
    "train_mae": 31.047199249267578,
    "val_mae": 31.903886795043945,
    "train_r2": 0.5537142753601074,
    "val_r2": 0.518721342086792
  },
  "mlp_train_time": 23.859450955991633
}