{
  "iter_idx": 27,
  "n0_value": 3,
  "mode": "windows",
  "baseline_mode": "capped",
  "baseline_slack": 0.0,
  "baseline_mae_clusters": 21.130644769076447,
  "baseline_mae_floor": 21.130644769076447,
  "summary_1": [
    {
      "Solver Status": "Normal",
      "Model Status": "OptimalGlobal",
      "Objective": 63.9724985035207,
      "Num of Equations": 6236,
      "Num of Variables": 4689,
      "Model Type": "MIP",
      "Solver": "GUROBI",
      "Solver Time": 0.379
    }
  ],
  "summary_2": [
    {
      "Solver Status": "Resource",
      "Model Status": "Feasible",
      "Objective": 37.7501251888032,
      "Num of Equations": 9597,
      "Num of Variables": 6379,
      "Model Type": "MIP",
      "Solver": "GUROBI",
      "Solver Time": 60.387
    }
  ],
  "selection_df": [
    {
      "w": "1",
      "level": 1.0,
      "marginal": -0.0,
      "lower": 0.0,
      "upper": 1.0,
      "scale": 1.0
    },
    {
      "w": "2",
      "level": 1.0,
      "marginal": -0.0,
      "lower": 0.0,
      "upper": 1.0,
      "scale": 1.0
    },
    {
      "w": "3",
      "level": 1.0,
      "marginal": -0.0,
      "lower": 0.0,
      "upper": 1.0,
      "scale": 1.0
    },
    {
      "w": "4",
      "level": 0.0,
      "marginal": -0.0,
      "lower": 0.0,
      "upper": 1.0,
      "scale": 1.0
    }
  ],
  "selected_original": [
    10,
    15,
    16
  ],
  "selection_vector": [
    0,
    0,
    0,
    0,
    0,
    0,
    0,
    0,
    0,
    0,
    1,
    0,
    0,
    0,
    0,
    1,
    1,
    0,
    0,
    0,
    0,
    0,
    0,
    0,
    0,
    0,
    0,
    0,
    0,
    0
  ],
  "importance_vector": [
    0.0,
    0.0,
    0.0,
    0.0,
    0.0,
    0.0,
    0.0,
    0.0,
    0.0,
    0.0,
    90.46090277363075,
    0.0,
    0.0,
    0.0,
    0.0,
    96.67559817691908,
    102.00945877687654,
    0.0,
    0.0,
    0.0,
    0.0,
    0.0,
    0.0,
    0.0,
    0.0,
    0.0,
    0.0,
    0.0,
    0.0,
    0.0
  ],
  "importance_vector_norm": [
    0.0,
    0.0,
    0.0,
    0.0,
    0.0,
    0.0,
    0.0,
    0.0,
    0.0,
    0.0,
    0.3128554964382242,
    0.0,
    0.0,
    0.0,
    0.0,
    0.3343487775795095,
    0.3527957259822664,
    0.0,
    0.0,
    0.0,
    0.0,
    0.0,
    0.0,
    0.0,
    0.0,
    0.0,
    0.0,
    0.0,
    0.0,
    0.0
  ],
  "selected_sensors": [
    1,
    2,
    3,
    4,
    5,
    6,
    7,
    8,
    9,
    10,
    11,
    12,
    13,
    14,
    15,
    16,
    17,
    18,
    19,
    20,
    21
  ],
  "selected_windows": [
    11,
    16,
    17
  ],
  "X_train_shape_next": [
    41513,
    21,
    3
  ],
  "X_val_shape_next": [
    4706,
    21,
    3
  ],
  "M_curr": 21,
  "W_curr": 4,
  "input_dim": 84,
  "orig_indices": [
    10,
    15,
    16,
    20,
    40,
    45,
    46,
    50,
    70,
    75,
    76,
    80,
    100,
    105,
    106,
    110,
    130,
    135,
    136,
    140,
    160,
    165,
    166,
    170,
    190,
    195,
    196,
    200,
    220,
    225,
    226,
    230,
    250,
    255,
    256,
    260,
    280,
    285,
    286,
    290,
    310,
    315,
    316,
    320,
    340,
    345,
    346,
    350,
    370,
    375,
    376,
    380,
    400,
    405,
    406,
    410,
    430,
    435,
    436,
    440,
    460,
    465,
    466,
    470,
    490,
    495,
    496,
    500,
    520,
    525,
    526,
    530,
    550,
    555,
    556,
    560,
    580,
    585,
    586,
    590,
    610,
    615,
    616,
    620
  ],
  "surrogate_from_baseline": false,
  "hidden_sizes": [
    10,
    10,
    10
  ],
  "mlp_mode": "mlp_rebuild",
  "mlp_metrics": {
    "train_mse": 1649.1173095703125,
    "val_mse": 2029.9176025390625,
    "train_rmse": 40.60932540156648,
    "val_rmse": 45.05460689584432,
    "train_mae": 30.127965927124023,
    "val_mae": 31.16927146911621,
    "train_r2": 0.5687961578369141,
    "val_r2": 0.5271159410476685
  },
  "mlp_train_time": 22.947731760970782
}