{
  "iter_idx": 29,
  "n0_value": 1,
  "mode": "windows",
  "baseline_mode": "capped",
  "baseline_slack": 0.0,
  "baseline_mae_clusters": 21.130644769076447,
  "baseline_mae_floor": 21.130644769076447,
  "summary_1": [
    {
      "Solver Status": "Normal",
      "Model Status": "OptimalGlobal",
      "Objective": 53.3863880738243,
      "Num of Equations": 6194,
      "Num of Variables": 4645,
      "Model Type": "MIP",
      "Solver": "GUROBI",
      "Solver Time": 0.065
    }
  ],
  "summary_2": [
    {
      "Solver Status": "Normal",
      "Model Status": "OptimalGlobal",
      "Objective": 21.1306447690765,
      "Num of Equations": 7875,
      "Num of Variables": 5495,
      "Model Type": "MIP",
      "Solver": "GUROBI",
      "Solver Time": 35.659
    }
  ],
  "selection_df": [
    {
      "w": "1",
      "level": 0.0,
      "marginal": -0.0,
      "lower": 0.0,
      "upper": 1.0,
      "scale": 1.0
    },
    {
      "w": "2",
      "level": 1.0,
      "marginal": -0.0,
      "lower": 0.0,
      "upper": 1.0,
      "scale": 1.0
    }
  ],
  "selected_original": [
    16
  ],
  "selection_vector": [
    0,
    0,
    0,
    0,
    0,
    0,
    0,
    0,
    0,
    0,
    0,
    0,
    0,
    0,
    0,
    0,
    1,
    0,
    0,
    0,
    0,
    0,
    0,
    0,
    0,
    0,
    0,
    0,
    0,
    0
  ],
  "importance_vector": [
    0.0,
    0.0,
    0.0,
    0.0,
    0.0,
    0.0,
    0.0,
    0.0,
    0.0,
    0.0,
    0.0,
    0.0,
    0.0,
    0.0,
    0.0,
    0.0,
    132.81137772506364,
    0.0,
    0.0,
    0.0,
    0.0,
    0.0,
    0.0,
    0.0,
    0.0,
    0.0,
    0.0,
    0.0,
    0.0,
    0.0
  ],
  "importance_vector_norm": [
    0.0,
    0.0,
    0.0,
    0.0,
    0.0,
    0.0,
    0.0,
    0.0,
    0.0,
    0.0,
    0.0,
    0.0,
    0.0,
    0.0,
    0.0,
    0.0,
    1.0,
    0.0,
    0.0,
    0.0,
    0.0,
    0.0,
    0.0,
    0.0,
    0.0,
    0.0,
    0.0,
    0.0,
    0.0,
    0.0
  ],
  "selected_sensors": [
    1,
    2,
    3,
    4,
    5,
    6,
    7,
    8,
    9,
    10,
    11,
    12,
    13,
    14,
    15,
    16,
    17,
    18,
    19,
    20,
    21
  ],
  "selected_windows": [
    17
  ],
  "X_train_shape_next": [
    41513,
    21,
    1
  ],
  "X_val_shape_next": [
    4706,
    21,
    1
  ],
  "M_curr": 21,
  "W_curr": 2,
  "input_dim": 42,
  "orig_indices": [
    10,
    16,
    40,
    46,
    70,
    76,
    100,
    106,
    130,
    136,
    160,
    166,
    190,
    196,
    220,
    226,
    250,
    256,
    280,
    286,
    310,
    316,
    340,
    346,
    370,
    376,
    400,
    406,
    430,
    436,
    460,
    466,
    490,
    496,
    520,
    526,
    550,
    556,
    580,
    586,
    610,
    616
  ],
  "surrogate_from_baseline": false,
  "hidden_sizes": [
    10,
    10,
    10
  ],
  "mlp_mode": "mlp_rebuild",
  "mlp_metrics": {
    "train_mse": 1755.736328125,
    "val_mse": 2100.40087890625,
    "train_rmse": 41.90150746840739,
    "val_rmse": 45.830130688295554,
    "train_mae": 31.44208526611328,
    "val_mae": 32.18814468383789,
    "train_r2": 0.5409179329872131,
    "val_r2": 0.510696291923523
  },
  "mlp_train_time": 24.107710300013423
}