{
  "iter_idx": 30,
  "n0_value": 0,
  "mode": "windows",
  "is_final_mlp": true,
  "orig_indices": [
    16,
    46,
    76,
    106,
    136,
    166,
    196,
    226,
    256,
    286,
    316,
    346,
    376,
    406,
    436,
    466,
    496,
    526,
    556,
    586,
    616
  ],
  "input_dim": 21,
  "hidden_sizes": [
    10,
    10,
    10
  ],
  "mlp_mode": "mlp_rebuild",
  "mlp_metrics": {
    "train_mse": 1791.9757080078125,
    "val_mse": 2142.9453125,
    "train_rmse": 42.33173405387278,
    "val_rmse": 46.29195731981961,
    "train_mae": 31.83432960510254,
    "val_mae": 32.729278564453125,
    "train_r2": 0.5314422249794006,
    "val_r2": 0.5007852911949158
  },
  "mlp_train_time": 21.888193003018387
}