{
  "loss": [
    13889.216796875,
    7091.927734375,
    5642.90185546875,
    4802.50537109375,
    4369.08935546875,
    4098.68212890625,
    3918.29150390625,
    3795.76416015625,
    3708.912109375,
    3643.214111328125,
    3593.293212890625,
    3553.76708984375,
    3520.0,
    3491.078369140625,
    3465.011474609375,
    3441.12744140625,
    3418.978759765625,
    3399.0869140625,
    3380.912353515625,
    3363.4921875,
    3346.86865234375,
    3331.3720703125,
    3316.3662109375,
    3302.37646484375,
    3288.453369140625,
    3275.663818359375,
    3263.86767578125,
    3252.21044921875,
    3241.025634765625,
    3230.203857421875
  ],
  "mae": [
    90.44439697265625,
    64.54335021972656,
    57.13233947753906,
    52.44621658325195,
    49.8403205871582,
    48.08112716674805,
    46.859046936035156,
    46.01240921020508,
    45.36964416503906,
    44.862430572509766,
    44.48377990722656,
    44.1816520690918,
    43.92142868041992,
    43.69169616699219,
    43.48186111450195,
    43.28999328613281,
    43.1064567565918,
    42.93386459350586,
    42.779014587402344,
    42.62590026855469,
    42.48204040527344,
    42.34381866455078,
    42.211692810058594,
    42.080116271972656,
    41.95720291137695,
    41.83896255493164,
    41.7265739440918,
    41.61515426635742,
    41.51227569580078,
    41.40983200073242
  ],
  "val_loss": [
    7439.45654296875,
    5531.27880859375,
    4377.5556640625,
    3785.90087890625,
    3478.792724609375,
    3279.255859375,
    3149.3447265625,
    3064.718994140625,
    2999.156005859375,
    2939.579833984375,
    2891.54736328125,
    2852.7646484375,
    2822.16064453125,
    2794.332763671875,
    2767.36376953125,
    2739.490966796875,
    2712.667724609375,
    2690.52783203125,
    2672.80078125,
    2654.921142578125,
    2635.748779296875,
    2618.004150390625,
    2601.406982421875,
    2584.476318359375,
    2570.7431640625,
    2556.927978515625,
    2544.00341796875,
    2531.499267578125,
    2519.846923828125,
    2506.91552734375
  ],
  "val_mae": [
    68.58625030517578,
    59.0059814453125,
    52.00355529785156,
    48.3152961730957,
    46.33308792114258,
    44.948875427246094,
    44.042823791503906,
    43.4356575012207,
    42.93910217285156,
    42.47569274902344,
    42.07373809814453,
    41.75276184082031,
    41.48712921142578,
    41.23358917236328,
    41.01470947265625,
    40.77309036254883,
    40.56308364868164,
    40.369667053222656,
    40.231956481933594,
    40.07431411743164,
    39.924278259277344,
    39.75575637817383,
    39.615291595458984,
    39.46315383911133,
    39.347007751464844,
    39.22386932373047,
    39.10661697387695,
    38.988651275634766,
    38.89000701904297,
    38.772483825683594
  ]
}