{
  "iter_idx": 16,
  "n0_value": 0,
  "mode": "sensors",
  "is_final_mlp": true,
  "orig_indices": [
    360,
    361,
    362,
    363,
    364,
    365,
    366,
    367,
    368,
    369,
    370,
    371,
    372,
    373,
    374,
    375,
    376,
    377,
    378,
    379,
    380,
    381,
    382,
    383,
    384,
    385,
    386,
    387,
    388,
    389
  ],
  "input_dim": 30,
  "hidden_sizes": [
    10,
    10,
    10
  ],
  "mlp_mode": "mlp_transfer",
  "mlp_metrics": {
    "train_mse": 92.11318969726562,
    "val_mse": 99.34110260009766,
    "train_rmse": 9.5975616537361,
    "val_rmse": 9.967000682256305,
    "train_mae": 8.008030891418457,
    "val_mae": 8.332275390625,
    "train_r2": -0.33665716648101807,
    "val_r2": -0.3194462060928345
  },
  "mlp_train_time": 3.377601909916848
}