{
  "iter_idx": 0,
  "n0_value": 5,
  "mode": "sensors",
  "is_baseline": true,
  "is_final_mlp": false,
  "orig_indices": [
    0,
    1,
    2,
    3,
    4,
    5,
    6,
    7,
    8,
    9,
    10,
    11,
    12,
    13,
    14,
    15,
    16,
    17,
    18,
    19,
    20,
    21,
    22,
    23,
    24,
    25,
    26,
    27,
    28,
    29,
    30,
    31,
    32,
    33,
    34,
    35,
    36,
    37,
    38,
    39,
    40,
    41,
    42,
    43,
    44,
    45,
    46,
    47,
    48,
    49
  ],
  "input_dim": 50,
  "selection_vector": [
    1,
    1,
    1,
    1,
    1
  ],
  "selected_original": [
    0,
    1,
    2,
    3,
    4
  ],
  "importance_vector": [
    22.10381828714162,
    16.7083507066709,
    24.081021167803556,
    21.894850238779327,
    19.290224511176348
  ],
  "importance_vector_norm": [
    0.2123768906593681,
    0.16053640710543024,
    0.2313741604768639,
    0.2103690934642492,
    0.18534344829408853
  ],
  "hidden_sizes": [
    10,
    10
  ],
  "mlp_mode": "baseline",
  "mlp_metrics": {
    "train_mse": 139.5313262939453,
    "val_mse": 136.56320190429688,
    "train_rmse": 11.812337884345558,
    "val_rmse": 11.686025924337875,
    "train_mae": 9.567459106445312,
    "val_mae": 9.458296775817871,
    "train_r2": 0.04856610298156738,
    "val_r2": -0.0009845495223999023
  },
  "baseline_mae_clusters": 4.194720076313541,
  "baseline_mae_floor": 4.194720076313541
}