{
  "iter_idx": [
    0,
    1,
    2,
    3,
    4
  ],
  "n0_value": [
    5,
    4,
    3,
    2,
    1
  ],
  "selection_vector": [
    [
      1,
      1,
      1,
      1,
      1
    ],
    [
      1,
      1,
      1,
      0,
      1
    ],
    [
      1,
      0,
      1,
      0,
      1
    ],
    [
      0,
      0,
      1,
      0,
      1
    ],
    [
      0,
      0,
      0,
      0,
      1
    ]
  ],
  "importance_vector": [
    [
      22.103818893432617,
      16.708351135253906,
      24.08102035522461,
      21.89484977722168,
      19.290224075317383
    ],
    [
      38.042015075683594,
      29.445526123046875,
      39.51133346557617,
      0.0,
      32.93988037109375
    ],
    [
      42.323768615722656,
      0.0,
      42.30134963989258,
      0.0,
      36.71181106567383
    ],
    [
      0.0,
      0.0,
      48.23789978027344,
      0.0,
      39.4395866394043
    ],
    [
      0.0,
      0.0,
      0.0,
      0.0,
      41.11967086791992
    ]
  ]
}