{
  "iter_idx": 21,
  "n0_value": 0,
  "mode": "sensors",
  "is_final_mlp": true,
  "orig_indices": [
    30,
    31,
    32,
    33,
    34,
    35,
    36,
    37,
    38,
    39,
    40,
    41,
    42,
    43,
    44,
    45,
    46,
    47,
    48,
    49,
    50,
    51,
    52,
    53,
    54,
    55,
    56,
    57,
    58,
    59
  ],
  "input_dim": 30,
  "hidden_sizes": [
    10,
    10,
    10
  ],
  "mlp_mode": "mlp_transfer",
  "mlp_metrics": {
    "train_mse": 1184.4891357421875,
    "val_mse": 1518.0693359375,
    "train_rmse": 34.41640794362752,
    "val_rmse": 38.962409267619734,
    "train_mae": 30.168615341186523,
    "val_mae": 33.60145950317383,
    "train_r2": -16.596712112426758,
    "val_r2": -17.51837158203125
  },
  "mlp_train_time": 3.444050048943609
}