{
  "loss": [
    8308.0185546875,
    4002.6181640625,
    3092.8828125,
    2555.1474609375,
    2234.660888671875,
    2028.4554443359375,
    1895.0213623046875,
    1811.9459228515625,
    1756.575927734375,
    1718.0418701171875,
    1689.631103515625,
    1667.5888671875,
    1648.4549560546875,
    1632.918701171875,
    1619.9727783203125,
    1608.3419189453125,
    1598.415771484375,
    1588.8546142578125,
    1580.6575927734375,
    1573.1163330078125,
    1565.8673095703125,
    1559.1270751953125,
    1553.546875,
    1547.7200927734375,
    1542.7158203125,
    1537.365478515625,
    1532.5184326171875,
    1528.391357421875,
    1523.656005859375,
    1519.3231201171875
  ],
  "mae": [
    71.90047454833984,
    49.59884262084961,
    42.956398010253906,
    38.60974884033203,
    35.93501281738281,
    34.06393051147461,
    32.791866302490234,
    31.959732055664062,
    31.392148971557617,
    30.99271011352539,
    30.694229125976562,
    30.471921920776367,
    30.27980613708496,
    30.117366790771484,
    29.97822380065918,
    29.853498458862305,
    29.747127532958984,
    29.64417839050293,
    29.560001373291016,
    29.487106323242188,
    29.41387367248535,
    29.34705924987793,
    29.29094123840332,
    29.23486328125,
    29.182268142700195,
    29.125102996826172,
    29.07985496520996,
    29.036922454833984,
    28.987470626831055,
    28.944345474243164
  ],
  "val_loss": [
    5367.92431640625,
    3953.250732421875,
    3192.71826171875,
    2809.117919921875,
    2567.43017578125,
    2392.191650390625,
    2271.480224609375,
    2199.293701171875,
    2152.80078125,
    2120.64501953125,
    2095.35986328125,
    2073.019287109375,
    2058.82421875,
    2046.5760498046875,
    2033.207763671875,
    2018.730712890625,
    2004.2142333984375,
    1995.7235107421875,
    1987.2705078125,
    1976.547607421875,
    1970.388916015625,
    1963.1397705078125,
    1956.6929931640625,
    1950.8431396484375,
    1943.62451171875,
    1936.41943359375,
    1932.170166015625,
    1927.672119140625,
    1920.824951171875,
    1917.9635009765625
  ],
  "val_mae": [
    56.86826705932617,
    48.006290435791016,
    41.90839767456055,
    38.885498046875,
    36.6171989440918,
    34.76776123046875,
    33.40509033203125,
    32.534210205078125,
    31.910184860229492,
    31.5172061920166,
    31.211721420288086,
    30.970317840576172,
    30.84688377380371,
    30.741605758666992,
    30.631813049316406,
    30.521881103515625,
    30.417150497436523,
    30.361404418945312,
    30.303728103637695,
    30.223892211914062,
    30.172292709350586,
    30.121400833129883,
    30.071212768554688,
    30.039770126342773,
    29.98094940185547,
    29.946298599243164,
    29.93197250366211,
    29.903812408447266,
    29.869922637939453,
    29.858688354492188
  ]
}