{
  "iter_idx": 28,
  "n0_value": 2,
  "mode": "windows",
  "baseline_mode": "capped",
  "baseline_slack": 0.0,
  "baseline_mae_clusters": 4.7087041708119335,
  "baseline_mae_floor": 4.7087041708119335,
  "summary_1": [
    {
      "Solver Status": "Normal",
      "Model Status": "OptimalGlobal",
      "Objective": 6.6568835747545,
      "Num of Equations": 6200,
      "Num of Variables": 4652,
      "Model Type": "MIP",
      "Solver": "GUROBI",
      "Solver Time": 0.462
    }
  ],
  "summary_2": [
    {
      "Solver Status": "Resource",
      "Model Status": "Feasible",
      "Objective": 5.44168317547715,
      "Num of Equations": 8121,
      "Num of Variables": 5622,
      "Model Type": "MIP",
      "Solver": "GUROBI",
      "Solver Time": 60.102
    }
  ],
  "selection_df": [
    {
      "w": "1",
      "level": 1.0,
      "marginal": -0.0,
      "lower": 0.0,
      "upper": 1.0,
      "scale": 1.0
    },
    {
      "w": "2",
      "level": 1.0,
      "marginal": -0.0,
      "lower": 0.0,
      "upper": 1.0,
      "scale": 1.0
    },
    {
      "w": "3",
      "level": 0.0,
      "marginal": -0.0,
      "lower": 0.0,
      "upper": 1.0,
      "scale": 1.0
    }
  ],
  "selected_original": [
    5,
    24
  ],
  "selection_vector": [
    0,
    0,
    0,
    0,
    0,
    1,
    0,
    0,
    0,
    0,
    0,
    0,
    0,
    0,
    0,
    0,
    0,
    0,
    0,
    0,
    0,
    0,
    0,
    0,
    1,
    0,
    0,
    0,
    0,
    0
  ],
  "importance_vector": [
    0.0,
    0.0,
    0.0,
    0.0,
    0.0,
    43.47096071796837,
    0.0,
    0.0,
    0.0,
    0.0,
    0.0,
    0.0,
    0.0,
    0.0,
    0.0,
    0.0,
    0.0,
    0.0,
    0.0,
    0.0,
    0.0,
    0.0,
    0.0,
    0.0,
    38.29218437883598,
    0.0,
    0.0,
    0.0,
    0.0,
    0.0
  ],
  "importance_vector_norm": [
    0.0,
    0.0,
    0.0,
    0.0,
    0.0,
    0.5316693807032552,
    0.0,
    0.0,
    0.0,
    0.0,
    0.0,
    0.0,
    0.0,
    0.0,
    0.0,
    0.0,
    0.0,
    0.0,
    0.0,
    0.0,
    0.0,
    0.0,
    0.0,
    0.0,
    0.4683306192967447,
    0.0,
    0.0,
    0.0,
    0.0,
    0.0
  ],
  "selected_sensors": [
    1,
    2,
    3,
    4,
    5,
    6,
    7,
    8,
    9,
    10,
    11,
    12,
    13,
    14,
    15,
    16
  ],
  "selected_windows": [
    6,
    25
  ],
  "X_train_shape_next": [
    100,
    16,
    2
  ],
  "X_val_shape_next": [
    100,
    16,
    2
  ],
  "M_curr": 16,
  "W_curr": 3,
  "input_dim": 48,
  "orig_indices": [
    5,
    24,
    25,
    35,
    54,
    55,
    65,
    84,
    85,
    95,
    114,
    115,
    125,
    144,
    145,
    155,
    174,
    175,
    185,
    204,
    205,
    215,
    234,
    235,
    245,
    264,
    265,
    275,
    294,
    295,
    305,
    324,
    325,
    335,
    354,
    355,
    365,
    384,
    385,
    395,
    414,
    415,
    425,
    444,
    445,
    455,
    474,
    475
  ],
  "surrogate_from_baseline": false,
  "hidden_sizes": [
    10,
    10,
    10
  ],
  "mlp_mode": "mlp_transfer",
  "mlp_metrics": {
    "train_mse": 47.47858810424805,
    "val_mse": 48.93378829956055,
    "train_rmse": 6.890470818764713,
    "val_rmse": 6.995268994081682,
    "train_mae": 5.695286273956299,
    "val_mae": 5.722670078277588,
    "train_r2": 0.33901816606521606,
    "val_r2": 0.33344608545303345
  },
  "mlp_train_time": 3.476232391083613
}