{
  "iter_idx": 27,
  "n0_value": 3,
  "mode": "windows",
  "baseline_mode": "capped",
  "baseline_slack": 0.0,
  "baseline_mae_clusters": 4.7087041708119335,
  "baseline_mae_floor": 4.7087041708119335,
  "summary_1": [
    {
      "Solver Status": "Normal",
      "Model Status": "OptimalGlobal",
      "Objective": 4.72991743133353,
      "Num of Equations": 6216,
      "Num of Variables": 4669,
      "Model Type": "MIP",
      "Solver": "GUROBI",
      "Solver Time": 0.914
    }
  ],
  "summary_2": [
    {
      "Solver Status": "Resource",
      "Model Status": "Feasible",
      "Objective": 4.70870417081193,
      "Num of Equations": 8777,
      "Num of Variables": 5959,
      "Model Type": "MIP",
      "Solver": "GUROBI",
      "Solver Time": 60.279
    }
  ],
  "selection_df": [
    {
      "w": "1",
      "level": 1.0,
      "marginal": -0.0,
      "lower": 0.0,
      "upper": 1.0,
      "scale": 1.0
    },
    {
      "w": "2",
      "level": 1.0,
      "marginal": -0.0,
      "lower": 0.0,
      "upper": 1.0,
      "scale": 1.0
    },
    {
      "w": "3",
      "level": 1.0,
      "marginal": -0.0,
      "lower": 0.0,
      "upper": 1.0,
      "scale": 1.0
    },
    {
      "w": "4",
      "level": 0.0,
      "marginal": -0.0,
      "lower": 0.0,
      "upper": 1.0,
      "scale": 1.0
    }
  ],
  "selected_original": [
    5,
    24,
    25
  ],
  "selection_vector": [
    0,
    0,
    0,
    0,
    0,
    1,
    0,
    0,
    0,
    0,
    0,
    0,
    0,
    0,
    0,
    0,
    0,
    0,
    0,
    0,
    0,
    0,
    0,
    0,
    1,
    1,
    0,
    0,
    0,
    0
  ],
  "importance_vector": [
    0.0,
    0.0,
    0.0,
    0.0,
    0.0,
    46.723903468902535,
    0.0,
    0.0,
    0.0,
    0.0,
    0.0,
    0.0,
    0.0,
    0.0,
    0.0,
    0.0,
    0.0,
    0.0,
    0.0,
    0.0,
    0.0,
    0.0,
    0.0,
    0.0,
    40.31585167426433,
    40.35756137808761,
    0.0,
    0.0,
    0.0,
    0.0
  ],
  "importance_vector_norm": [
    0.0,
    0.0,
    0.0,
    0.0,
    0.0,
    0.36675735992529557,
    0.0,
    0.0,
    0.0,
    0.0,
    0.0,
    0.0,
    0.0,
    0.0,
    0.0,
    0.0,
    0.0,
    0.0,
    0.0,
    0.0,
    0.0,
    0.0,
    0.0,
    0.0,
    0.3164576207344068,
    0.31678501934029757,
    0.0,
    0.0,
    0.0,
    0.0
  ],
  "selected_sensors": [
    1,
    2,
    3,
    4,
    5,
    6,
    7,
    8,
    9,
    10,
    11,
    12,
    13,
    14,
    15,
    16
  ],
  "selected_windows": [
    6,
    25,
    26
  ],
  "X_train_shape_next": [
    100,
    16,
    3
  ],
  "X_val_shape_next": [
    100,
    16,
    3
  ],
  "M_curr": 16,
  "W_curr": 4,
  "input_dim": 64,
  "orig_indices": [
    5,
    24,
    25,
    27,
    35,
    54,
    55,
    57,
    65,
    84,
    85,
    87,
    95,
    114,
    115,
    117,
    125,
    144,
    145,
    147,
    155,
    174,
    175,
    177,
    185,
    204,
    205,
    207,
    215,
    234,
    235,
    237,
    245,
    264,
    265,
    267,
    275,
    294,
    295,
    297,
    305,
    324,
    325,
    327,
    335,
    354,
    355,
    357,
    365,
    384,
    385,
    387,
    395,
    414,
    415,
    417,
    425,
    444,
    445,
    447,
    455,
    474,
    475,
    477
  ],
  "surrogate_from_baseline": false,
  "hidden_sizes": [
    10,
    10,
    10
  ],
  "mlp_mode": "mlp_transfer",
  "mlp_metrics": {
    "train_mse": 46.065773010253906,
    "val_mse": 46.33125305175781,
    "train_rmse": 6.787177101730432,
    "val_rmse": 6.806706476098247,
    "train_mae": 5.6249895095825195,
    "val_mae": 5.53926944732666,
    "train_r2": 0.35868698358535767,
    "val_r2": 0.3688966631889343
  },
  "mlp_train_time": 3.4424777769017965
}