{
  "iter_idx": 30,
  "n0_value": 0,
  "mode": "windows",
  "is_final_mlp": true,
  "orig_indices": [
    24,
    54,
    84,
    114,
    144,
    174,
    204,
    234,
    264,
    294,
    324,
    354,
    384,
    414,
    444,
    474
  ],
  "input_dim": 16,
  "hidden_sizes": [
    10,
    10,
    10
  ],
  "mlp_mode": "mlp_transfer",
  "mlp_metrics": {
    "train_mse": 74.33679962158203,
    "val_mse": 83.0110855102539,
    "train_rmse": 8.62187912357753,
    "val_rmse": 9.111041955246058,
    "train_mae": 7.06680154800415,
    "val_mae": 7.676827430725098,
    "train_r2": -0.03489327430725098,
    "val_r2": -0.13073933124542236
  },
  "mlp_train_time": 3.5530555890873075
}