{
  "iter_idx": 15,
  "n0_value": 0,
  "mode": "sensors",
  "is_final_mlp": true,
  "orig_indices": [
    300,
    301,
    302,
    303,
    304,
    305,
    306,
    307,
    308,
    309,
    310,
    311,
    312,
    313,
    314,
    315,
    316,
    317,
    318,
    319,
    320,
    321,
    322,
    323,
    324,
    325,
    326,
    327,
    328,
    329
  ],
  "input_dim": 30,
  "hidden_sizes": [
    10
  ],
  "mlp_mode": "mlp_transfer",
  "mlp_metrics": {
    "train_mse": 1153.79736328125,
    "val_mse": 663.9028930664062,
    "train_rmse": 33.96759283907604,
    "val_rmse": 25.766313144615903,
    "train_mae": 24.70431900024414,
    "val_mae": 18.306543350219727,
    "train_r2": -15.742786407470703,
    "val_r2": -7.8179426193237305
  },
  "mlp_train_time": 3.4175989248324186
}