{
  "loss": [
    421.06549072265625,
    397.42852783203125,
    373.5043029785156,
    349.1383056640625,
    324.580810546875,
    300.3643493652344,
    277.4115905761719,
    256.6872863769531,
    238.9835968017578,
    224.6905059814453,
    213.79212951660156,
    205.840576171875,
    200.12632751464844,
    196.0052032470703,
    192.94866943359375,
    190.57525634765625,
    188.6174774169922,
    186.9030303955078,
    185.3715362548828,
    183.9510955810547,
    182.5992889404297,
    181.34246826171875,
    180.1798553466797,
    179.07247924804688,
    178.0113983154297,
    176.99551391601562,
    176.00509643554688,
    175.02847290039062,
    174.05111694335938,
    173.07981872558594
  ],
  "mae": [
    16.656654357910156,
    16.010744094848633,
    15.36066722869873,
    14.705891609191895,
    14.059039115905762,
    13.442185401916504,
    12.870410919189453,
    12.384859085083008,
    11.991061210632324,
    11.693609237670898,
    11.480744361877441,
    11.33370304107666,
    11.231624603271484,
    11.162375450134277,
    11.108613014221191,
    11.064269065856934,
    11.022889137268066,
    10.98192024230957,
    10.941898345947266,
    10.902372360229492,
    10.86275577545166,
    10.825060844421387,
    10.789587020874023,
    10.755294799804688,
    10.722271919250488,
    10.691232681274414,
    10.661978721618652,
    10.6336669921875,
    10.605097770690918,
    10.577068328857422
  ],
  "val_loss": [
    373.4305419921875,
    354.25030517578125,
    335.8855285644531,
    317.8087158203125,
    299.5892333984375,
    281.39697265625,
    264.1434020996094,
    248.69227600097656,
    235.6698455810547,
    225.30780029296875,
    217.52870178222656,
    211.79408264160156,
    207.50697326660156,
    204.15225219726562,
    201.36155700683594,
    198.80032348632812,
    196.3334197998047,
    193.89129638671875,
    191.4380645751953,
    189.0784912109375,
    186.78919982910156,
    184.46949768066406,
    182.1873321533203,
    179.9754638671875,
    177.91896057128906,
    175.9579620361328,
    174.01004028320312,
    172.15487670898438,
    170.42295837402344,
    168.73953247070312
  ],
  "val_mae": [
    15.627739906311035,
    15.106683731079102,
    14.61578369140625,
    14.145732879638672,
    13.69760513305664,
    13.262116432189941,
    12.87409496307373,
    12.546392440795898,
    12.29569149017334,
    12.10136604309082,
    11.958314895629883,
    11.849529266357422,
    11.766525268554688,
    11.691099166870117,
    11.618218421936035,
    11.548115730285645,
    11.472249984741211,
    11.396672248840332,
    11.317269325256348,
    11.240153312683105,
    11.167704582214355,
    11.09449577331543,
    11.019087791442871,
    10.945756912231445,
    10.876187324523926,
    10.807887077331543,
    10.739421844482422,
    10.674436569213867,
    10.61122989654541,
    10.553319931030273
  ]
}