{
  "iter_idx": 21,
  "n0_value": 0,
  "mode": "sensors",
  "is_final_mlp": true,
  "orig_indices": [
    30,
    31,
    32,
    33,
    34,
    35,
    36,
    37,
    38,
    39,
    40,
    41,
    42,
    43,
    44,
    45,
    46,
    47,
    48,
    49,
    50,
    51,
    52,
    53,
    54,
    55,
    56,
    57,
    58,
    59
  ],
  "input_dim": 30,
  "hidden_sizes": [
    10
  ],
  "mlp_mode": "mlp_transfer",
  "mlp_metrics": {
    "train_mse": 1240.8194580078125,
    "val_mse": 1347.771728515625,
    "train_rmse": 35.225267323440036,
    "val_rmse": 36.712010684728575,
    "train_mae": 30.51557159423828,
    "val_mae": 31.008867263793945,
    "train_r2": -17.341642379760742,
    "val_r2": -16.22576904296875
  },
  "mlp_train_time": 3.3167181061580777
}