{
  "iter_idx": 16,
  "n0_value": 0,
  "mode": "sensors",
  "is_final_mlp": true,
  "orig_indices": [
    30,
    31,
    32,
    33,
    34,
    35,
    36,
    37,
    38,
    39,
    40,
    41,
    42,
    43,
    44,
    45,
    46,
    47,
    48,
    49,
    50,
    51,
    52,
    53,
    54,
    55,
    56,
    57,
    58,
    59
  ],
  "input_dim": 30,
  "hidden_sizes": [
    10,
    10
  ],
  "mlp_mode": "mlp_transfer",
  "mlp_metrics": {
    "train_mse": 293.7106628417969,
    "val_mse": 309.426513671875,
    "train_rmse": 17.13798887973139,
    "val_rmse": 17.590523405284877,
    "train_mae": 15.280869483947754,
    "val_mae": 15.589064598083496,
    "train_r2": -3.2620439529418945,
    "val_r2": -3.109795570373535
  },
  "mlp_train_time": 3.490104758180678
}