{
  "iter_idx": 30,
  "n0_value": 0,
  "mode": "windows",
  "is_final_mlp": true,
  "orig_indices": [
    1,
    31,
    61,
    91,
    121,
    151,
    181,
    211,
    241,
    271,
    301,
    331,
    361,
    391,
    421,
    451,
    481,
    511,
    541,
    571,
    601
  ],
  "input_dim": 21,
  "hidden_sizes": [
    10
  ],
  "mlp_mode": "mlp_transfer",
  "mlp_metrics": {
    "train_mse": 148.01995849609375,
    "val_mse": 172.63046264648438,
    "train_rmse": 12.16634532207983,
    "val_rmse": 13.138891225917215,
    "train_mae": 9.834447860717773,
    "val_mae": 10.975507736206055,
    "train_r2": -0.9104796648025513,
    "val_r2": -1.2424900531768799
  },
  "mlp_train_time": 3.4493127670139074
}