{
  "iter_idx": 27,
  "n0_value": 3,
  "mode": "windows",
  "baseline_mode": "capped",
  "baseline_slack": 0.0,
  "baseline_mae_clusters": 2.2066822279071308,
  "baseline_mae_floor": 2.2066822279071308,
  "summary_1": [
    {
      "Solver Status": "Normal",
      "Model Status": "OptimalGlobal",
      "Objective": 5.39280091867968,
      "Num of Equations": 6212,
      "Num of Variables": 4665,
      "Model Type": "MIP",
      "Solver": "GUROBI",
      "Solver Time": 0.228
    }
  ],
  "summary_2": [
    {
      "Solver Status": "Normal",
      "Model Status": "OptimalGlobal",
      "Objective": 2.20668222790713,
      "Num of Equations": 8613,
      "Num of Variables": 5875,
      "Model Type": "MIP",
      "Solver": "GUROBI",
      "Solver Time": 14.547
    }
  ],
  "selection_df": [
    {
      "w": "1",
      "level": 1.0,
      "marginal": -0.0,
      "lower": 0.0,
      "upper": 1.0,
      "scale": 1.0
    },
    {
      "w": "2",
      "level": 0.0,
      "marginal": -0.0,
      "lower": 0.0,
      "upper": 1.0,
      "scale": 1.0
    },
    {
      "w": "3",
      "level": 1.0,
      "marginal": -0.0,
      "lower": 0.0,
      "upper": 1.0,
      "scale": 1.0
    },
    {
      "w": "4",
      "level": 1.0,
      "marginal": -0.0,
      "lower": 0.0,
      "upper": 1.0,
      "scale": 1.0
    }
  ],
  "selected_original": [
    25,
    28,
    29
  ],
  "selection_vector": [
    0,
    0,
    0,
    0,
    0,
    0,
    0,
    0,
    0,
    0,
    0,
    0,
    0,
    0,
    0,
    0,
    0,
    0,
    0,
    0,
    0,
    0,
    0,
    0,
    0,
    1,
    0,
    0,
    1,
    1
  ],
  "importance_vector": [
    0.0,
    0.0,
    0.0,
    0.0,
    0.0,
    0.0,
    0.0,
    0.0,
    0.0,
    0.0,
    0.0,
    0.0,
    0.0,
    0.0,
    0.0,
    0.0,
    0.0,
    0.0,
    0.0,
    0.0,
    0.0,
    0.0,
    0.0,
    0.0,
    0.0,
    37.009119423664536,
    0.0,
    0.0,
    38.01093741570807,
    44.383372140945
  ],
  "importance_vector_norm": [
    0.0,
    0.0,
    0.0,
    0.0,
    0.0,
    0.0,
    0.0,
    0.0,
    0.0,
    0.0,
    0.0,
    0.0,
    0.0,
    0.0,
    0.0,
    0.0,
    0.0,
    0.0,
    0.0,
    0.0,
    0.0,
    0.0,
    0.0,
    0.0,
    0.0,
    0.3099502228680978,
    0.0,
    0.0,
    0.31834041735915114,
    0.371709359772751
  ],
  "selected_sensors": [
    1,
    2,
    3,
    4,
    5,
    6,
    7,
    8,
    9,
    10,
    11,
    12,
    13,
    14,
    15
  ],
  "selected_windows": [
    26,
    29,
    30
  ],
  "X_train_shape_next": [
    100,
    15,
    3
  ],
  "X_val_shape_next": [
    100,
    15,
    3
  ],
  "M_curr": 15,
  "W_curr": 4,
  "input_dim": 60,
  "orig_indices": [
    25,
    27,
    28,
    29,
    55,
    57,
    58,
    59,
    85,
    87,
    88,
    89,
    115,
    117,
    118,
    119,
    145,
    147,
    148,
    149,
    175,
    177,
    178,
    179,
    205,
    207,
    208,
    209,
    235,
    237,
    238,
    239,
    265,
    267,
    268,
    269,
    295,
    297,
    298,
    299,
    325,
    327,
    328,
    329,
    355,
    357,
    358,
    359,
    385,
    387,
    388,
    389,
    415,
    417,
    418,
    419,
    445,
    447,
    448,
    449
  ],
  "surrogate_from_baseline": false,
  "hidden_sizes": [
    10,
    10,
    10
  ],
  "mlp_mode": "mlp_transfer",
  "mlp_metrics": {
    "train_mse": 15.56844711303711,
    "val_mse": 63.087833404541016,
    "train_rmse": 3.9456871534673286,
    "val_rmse": 7.942784990451461,
    "train_mae": 3.246718406677246,
    "val_mae": 5.601855278015137,
    "train_r2": 0.7858166694641113,
    "val_r2": 0.1351611614227295
  },
  "mlp_train_time": 3.4636874550487846
}