{
  "iter_idx": 30,
  "n0_value": 0,
  "mode": "windows",
  "is_final_mlp": true,
  "orig_indices": [
    29,
    59,
    89,
    119,
    149,
    179,
    209,
    239,
    269,
    299,
    329,
    359,
    389,
    419,
    449
  ],
  "input_dim": 15,
  "hidden_sizes": [
    10,
    10,
    10
  ],
  "mlp_mode": "mlp_transfer",
  "mlp_metrics": {
    "train_mse": 267.8011474609375,
    "val_mse": 322.55340576171875,
    "train_rmse": 16.364630990674293,
    "val_rmse": 17.95977187387743,
    "train_mae": 15.137033462524414,
    "val_mae": 15.79145622253418,
    "train_r2": -2.6842808723449707,
    "val_r2": -3.421720027923584
  },
  "mlp_train_time": 3.455098937964067
}