{
  "loss": [
    469.856201171875,
    438.79925537109375,
    406.4549560546875,
    367.5373229980469,
    325.2749938964844,
    285.8697204589844,
    252.67393493652344,
    227.1798095703125,
    209.7476348876953,
    198.94073486328125,
    192.396728515625,
    187.8902130126953,
    184.23944091796875,
    180.98117065429688,
    177.97198486328125,
    175.125244140625,
    172.1871337890625,
    169.04446411132812,
    165.8223114013672,
    162.65370178222656,
    159.749755859375,
    156.98129272460938,
    154.36233520507812,
    151.8882293701172,
    149.62693786621094,
    147.58779907226562,
    145.70977783203125,
    143.95516967773438,
    142.32269287109375,
    140.69883728027344
  ],
  "mae": [
    17.991308212280273,
    17.13504981994629,
    16.26797866821289,
    15.236359596252441,
    14.150959968566895,
    13.171208381652832,
    12.390680313110352,
    11.801679611206055,
    11.398032188415527,
    11.148808479309082,
    11.007733345031738,
    10.910080909729004,
    10.823956489562988,
    10.74701976776123,
    10.676775932312012,
    10.60633659362793,
    10.529740333557129,
    10.446441650390625,
    10.361918449401855,
    10.275486946105957,
    10.193268775939941,
    10.114845275878906,
    10.03744125366211,
    9.963142395019531,
    9.894271850585938,
    9.828753471374512,
    9.768532752990723,
    9.71259593963623,
    9.660130500793457,
    9.606666564941406
  ],
  "val_loss": [
    422.2159729003906,
    397.21807861328125,
    369.80889892578125,
    338.2451477050781,
    306.7264404296875,
    276.6669616699219,
    252.44082641601562,
    236.35447692871094,
    227.23361206054688,
    222.34088134765625,
    217.6809539794922,
    212.69261169433594,
    207.51992797851562,
    202.22596740722656,
    196.7247314453125,
    190.98094177246094,
    185.2460479736328,
    179.7081756591797,
    174.1610870361328,
    168.56497192382812,
    163.44203186035156,
    158.79103088378906,
    154.55857849121094,
    150.81297302246094,
    147.4949493408203,
    144.3536834716797,
    141.64932250976562,
    139.50001525878906,
    138.03431701660156,
    136.56321716308594
  ],
  "val_mae": [
    16.887060165405273,
    16.140758514404297,
    15.330964088439941,
    14.459670066833496,
    13.65674877166748,
    12.974422454833984,
    12.478720664978027,
    12.283726692199707,
    12.247355461120605,
    12.21988296508789,
    12.101780891418457,
    11.939556121826172,
    11.759279251098633,
    11.576617240905762,
    11.398118019104004,
    11.218537330627441,
    11.031718254089355,
    10.854133605957031,
    10.687094688415527,
    10.517108917236328,
    10.360143661499023,
    10.215912818908691,
    10.08053207397461,
    9.953431129455566,
    9.834047317504883,
    9.71838092803955,
    9.621355056762695,
    9.54749584197998,
    9.498680114746094,
    9.458296775817871
  ]
}