{
  "iter_idx": 28,
  "n0_value": 2,
  "mode": "windows",
  "baseline_mode": "capped",
  "baseline_slack": 0.0,
  "baseline_mae_clusters": 10.129716523176276,
  "baseline_mae_floor": 10.129716523176276,
  "summary_1": [
    {
      "Solver Status": "Normal",
      "Model Status": "OptimalGlobal",
      "Objective": 29.2376870904801,
      "Num of Equations": 2197,
      "Num of Variables": 1649,
      "Model Type": "MIP",
      "Solver": "GUROBI",
      "Solver Time": 0.033
    }
  ],
  "summary_2": [
    {
      "Solver Status": "Normal",
      "Model Status": "OptimalGlobal",
      "Objective": 10.1297165231763,
      "Num of Equations": 3998,
      "Num of Variables": 2559,
      "Model Type": "MIP",
      "Solver": "GUROBI",
      "Solver Time": 6.992
    }
  ],
  "selection_df": [
    {
      "w": "1",
      "level": 1.0,
      "marginal": -0.0,
      "lower": 0.0,
      "upper": 1.0,
      "scale": 1.0
    },
    {
      "w": "2",
      "level": 0.0,
      "marginal": -0.0,
      "lower": 0.0,
      "upper": 1.0,
      "scale": 1.0
    },
    {
      "w": "3",
      "level": 1.0,
      "marginal": -0.0,
      "lower": 0.0,
      "upper": 1.0,
      "scale": 1.0
    }
  ],
  "selected_original": [
    0,
    29
  ],
  "selection_vector": [
    1,
    0,
    0,
    0,
    0,
    0,
    0,
    0,
    0,
    0,
    0,
    0,
    0,
    0,
    0,
    0,
    0,
    0,
    0,
    0,
    0,
    0,
    0,
    0,
    0,
    0,
    0,
    0,
    0,
    1
  ],
  "importance_vector": [
    150.80889146944142,
    0.0,
    0.0,
    0.0,
    0.0,
    0.0,
    0.0,
    0.0,
    0.0,
    0.0,
    0.0,
    0.0,
    0.0,
    0.0,
    0.0,
    0.0,
    0.0,
    0.0,
    0.0,
    0.0,
    0.0,
    0.0,
    0.0,
    0.0,
    0.0,
    0.0,
    0.0,
    0.0,
    0.0,
    159.74179403582895
  ],
  "importance_vector_norm": [
    0.48561764152628806,
    0.0,
    0.0,
    0.0,
    0.0,
    0.0,
    0.0,
    0.0,
    0.0,
    0.0,
    0.0,
    0.0,
    0.0,
    0.0,
    0.0,
    0.0,
    0.0,
    0.0,
    0.0,
    0.0,
    0.0,
    0.0,
    0.0,
    0.0,
    0.0,
    0.0,
    0.0,
    0.0,
    0.0,
    0.5143823584737118
  ],
  "selected_sensors": [
    1,
    2,
    3,
    4,
    5,
    6,
    7,
    8,
    9,
    10,
    11,
    12,
    13,
    14,
    15
  ],
  "selected_windows": [
    1,
    30
  ],
  "X_train_shape_next": [
    15843,
    15,
    2
  ],
  "X_val_shape_next": [
    1888,
    15,
    2
  ],
  "M_curr": 15,
  "W_curr": 3,
  "input_dim": 45,
  "orig_indices": [
    0,
    2,
    29,
    30,
    32,
    59,
    60,
    62,
    89,
    90,
    92,
    119,
    120,
    122,
    149,
    150,
    152,
    179,
    180,
    182,
    209,
    210,
    212,
    239,
    240,
    242,
    269,
    270,
    272,
    299,
    300,
    302,
    329,
    330,
    332,
    359,
    360,
    362,
    389,
    390,
    392,
    419,
    420,
    422,
    449
  ],
  "surrogate_from_baseline": false,
  "hidden_sizes": [
    10
  ],
  "mlp_mode": "mlp_rebuild",
  "mlp_metrics": {
    "train_mse": 1621.2457275390625,
    "val_mse": 2578.0400390625,
    "train_rmse": 40.26469579593347,
    "val_rmse": 50.774403384604135,
    "train_mae": 29.148258209228516,
    "val_mae": 37.86626434326172,
    "train_r2": 0.5609741806983948,
    "val_r2": 0.4767494797706604
  },
  "mlp_train_time": 9.20566386898281
}