{
  "iter_idx": 30,
  "n0_value": 0,
  "mode": "windows",
  "is_final_mlp": true,
  "orig_indices": [
    0,
    30,
    60,
    90,
    120,
    150,
    180,
    210,
    240,
    270,
    300,
    330,
    360,
    390,
    420
  ],
  "input_dim": 15,
  "hidden_sizes": [
    10
  ],
  "mlp_mode": "mlp_rebuild",
  "mlp_metrics": {
    "train_mse": 2088.999755859375,
    "val_mse": 3300.489990234375,
    "train_rmse": 45.70557685730895,
    "val_rmse": 57.449891124652055,
    "train_mae": 34.52326583862305,
    "val_mae": 43.253334045410156,
    "train_r2": 0.43430858850479126,
    "val_r2": 0.3301178216934204
  },
  "mlp_train_time": 9.22064605896594
}