{
  "iter_idx": 27,
  "n0_value": 3,
  "mode": "windows",
  "baseline_mode": "capped",
  "baseline_slack": 0.0,
  "baseline_mae_clusters": 10.129716523176276,
  "baseline_mae_floor": 10.129716523176276,
  "summary_1": [
    {
      "Solver Status": "Normal",
      "Model Status": "OptimalGlobal",
      "Objective": 23.835298292858,
      "Num of Equations": 2212,
      "Num of Variables": 1665,
      "Model Type": "MIP",
      "Solver": "GUROBI",
      "Solver Time": 0.034
    }
  ],
  "summary_2": [
    {
      "Solver Status": "Normal",
      "Model Status": "OptimalGlobal",
      "Objective": 10.1297165231763,
      "Num of Equations": 4613,
      "Num of Variables": 2875,
      "Model Type": "MIP",
      "Solver": "GUROBI",
      "Solver Time": 7.928
    }
  ],
  "selection_df": [
    {
      "w": "1",
      "level": 1.0,
      "marginal": -0.0,
      "lower": 0.0,
      "upper": 1.0,
      "scale": 1.0
    },
    {
      "w": "2",
      "level": 0.0,
      "marginal": -0.0,
      "lower": 0.0,
      "upper": 1.0,
      "scale": 1.0
    },
    {
      "w": "3",
      "level": 1.0,
      "marginal": -0.0,
      "lower": 0.0,
      "upper": 1.0,
      "scale": 1.0
    },
    {
      "w": "4",
      "level": 1.0,
      "marginal": -0.0,
      "lower": 0.0,
      "upper": 1.0,
      "scale": 1.0
    }
  ],
  "selected_original": [
    0,
    2,
    29
  ],
  "selection_vector": [
    1,
    0,
    1,
    0,
    0,
    0,
    0,
    0,
    0,
    0,
    0,
    0,
    0,
    0,
    0,
    0,
    0,
    0,
    0,
    0,
    0,
    0,
    0,
    0,
    0,
    0,
    0,
    0,
    0,
    1
  ],
  "importance_vector": [
    127.74445856076777,
    0.0,
    124.32604615270019,
    0.0,
    0.0,
    0.0,
    0.0,
    0.0,
    0.0,
    0.0,
    0.0,
    0.0,
    0.0,
    0.0,
    0.0,
    0.0,
    0.0,
    0.0,
    0.0,
    0.0,
    0.0,
    0.0,
    0.0,
    0.0,
    0.0,
    0.0,
    0.0,
    0.0,
    0.0,
    139.48955952269722
  ],
  "importance_vector_norm": [
    0.32624486056810964,
    0.0,
    0.3175146229358934,
    0.0,
    0.0,
    0.0,
    0.0,
    0.0,
    0.0,
    0.0,
    0.0,
    0.0,
    0.0,
    0.0,
    0.0,
    0.0,
    0.0,
    0.0,
    0.0,
    0.0,
    0.0,
    0.0,
    0.0,
    0.0,
    0.0,
    0.0,
    0.0,
    0.0,
    0.0,
    0.3562405164959969
  ],
  "selected_sensors": [
    1,
    2,
    3,
    4,
    5,
    6,
    7,
    8,
    9,
    10,
    11,
    12,
    13,
    14,
    15
  ],
  "selected_windows": [
    1,
    3,
    30
  ],
  "X_train_shape_next": [
    15843,
    15,
    3
  ],
  "X_val_shape_next": [
    1888,
    15,
    3
  ],
  "M_curr": 15,
  "W_curr": 4,
  "input_dim": 60,
  "orig_indices": [
    0,
    1,
    2,
    29,
    30,
    31,
    32,
    59,
    60,
    61,
    62,
    89,
    90,
    91,
    92,
    119,
    120,
    121,
    122,
    149,
    150,
    151,
    152,
    179,
    180,
    181,
    182,
    209,
    210,
    211,
    212,
    239,
    240,
    241,
    242,
    269,
    270,
    271,
    272,
    299,
    300,
    301,
    302,
    329,
    330,
    331,
    332,
    359,
    360,
    361,
    362,
    389,
    390,
    391,
    392,
    419,
    420,
    421,
    422,
    449
  ],
  "surrogate_from_baseline": false,
  "hidden_sizes": [
    10
  ],
  "mlp_mode": "mlp_rebuild",
  "mlp_metrics": {
    "train_mse": 1727.71923828125,
    "val_mse": 2746.022705078125,
    "train_rmse": 41.565842205845534,
    "val_rmse": 52.40250666788875,
    "train_mae": 31.00559425354004,
    "val_mae": 40.20170974731445,
    "train_r2": 0.5321416258811951,
    "val_r2": 0.44265496730804443
  },
  "mlp_train_time": 9.730792730988469
}