{
  "iter_idx": 29,
  "n0_value": 1,
  "mode": "windows",
  "baseline_mode": "capped",
  "baseline_slack": 0.0,
  "baseline_mae_clusters": 10.129716523176276,
  "baseline_mae_floor": 10.129716523176276,
  "summary_1": [
    {
      "Solver Status": "Normal",
      "Model Status": "OptimalGlobal",
      "Objective": 33.5976653333356,
      "Num of Equations": 2182,
      "Num of Variables": 1633,
      "Model Type": "MIP",
      "Solver": "GUROBI",
      "Solver Time": 0.021
    }
  ],
  "summary_2": [
    {
      "Solver Status": "Normal",
      "Model Status": "OptimalGlobal",
      "Objective": 10.1297165231763,
      "Num of Equations": 3383,
      "Num of Variables": 2243,
      "Model Type": "MIP",
      "Solver": "GUROBI",
      "Solver Time": 7.569
    }
  ],
  "selection_df": [
    {
      "w": "1",
      "level": 1.0,
      "marginal": -0.0,
      "lower": 0.0,
      "upper": 1.0,
      "scale": 1.0
    },
    {
      "w": "2",
      "level": 0.0,
      "marginal": -0.0,
      "lower": 0.0,
      "upper": 1.0,
      "scale": 1.0
    }
  ],
  "selected_original": [
    0
  ],
  "selection_vector": [
    1,
    0,
    0,
    0,
    0,
    0,
    0,
    0,
    0,
    0,
    0,
    0,
    0,
    0,
    0,
    0,
    0,
    0,
    0,
    0,
    0,
    0,
    0,
    0,
    0,
    0,
    0,
    0,
    0,
    0
  ],
  "importance_vector": [
    153.6912630904122,
    0.0,
    0.0,
    0.0,
    0.0,
    0.0,
    0.0,
    0.0,
    0.0,
    0.0,
    0.0,
    0.0,
    0.0,
    0.0,
    0.0,
    0.0,
    0.0,
    0.0,
    0.0,
    0.0,
    0.0,
    0.0,
    0.0,
    0.0,
    0.0,
    0.0,
    0.0,
    0.0,
    0.0,
    0.0
  ],
  "importance_vector_norm": [
    1.0,
    0.0,
    0.0,
    0.0,
    0.0,
    0.0,
    0.0,
    0.0,
    0.0,
    0.0,
    0.0,
    0.0,
    0.0,
    0.0,
    0.0,
    0.0,
    0.0,
    0.0,
    0.0,
    0.0,
    0.0,
    0.0,
    0.0,
    0.0,
    0.0,
    0.0,
    0.0,
    0.0,
    0.0,
    0.0
  ],
  "selected_sensors": [
    1,
    2,
    3,
    4,
    5,
    6,
    7,
    8,
    9,
    10,
    11,
    12,
    13,
    14,
    15
  ],
  "selected_windows": [
    1
  ],
  "X_train_shape_next": [
    15843,
    15,
    1
  ],
  "X_val_shape_next": [
    1888,
    15,
    1
  ],
  "M_curr": 15,
  "W_curr": 2,
  "input_dim": 30,
  "orig_indices": [
    0,
    29,
    30,
    59,
    60,
    89,
    90,
    119,
    120,
    149,
    150,
    179,
    180,
    209,
    210,
    239,
    240,
    269,
    270,
    299,
    300,
    329,
    330,
    359,
    360,
    389,
    390,
    419,
    420,
    449
  ],
  "surrogate_from_baseline": false,
  "hidden_sizes": [
    10
  ],
  "mlp_mode": "mlp_rebuild",
  "mlp_metrics": {
    "train_mse": 1741.8896484375,
    "val_mse": 2765.822265625,
    "train_rmse": 41.7359515099093,
    "val_rmse": 52.591085419726795,
    "train_mae": 30.353418350219727,
    "val_mae": 39.28651809692383,
    "train_r2": 0.5283043384552002,
    "val_r2": 0.4386363625526428
  },
  "mlp_train_time": 9.610227506025694
}