{
  "iter_idx": 30,
  "n0_value": 0,
  "mode": "windows",
  "is_final_mlp": true,
  "orig_indices": [
    1,
    31,
    61,
    91,
    121,
    151,
    181,
    211,
    241,
    271,
    301,
    331,
    361,
    391,
    421,
    451,
    481,
    511,
    541,
    571,
    601
  ],
  "input_dim": 21,
  "hidden_sizes": [
    10,
    10
  ],
  "mlp_mode": "mlp_transfer",
  "mlp_metrics": {
    "train_mse": 196.61427307128906,
    "val_mse": 194.35733032226562,
    "train_rmse": 14.021921161926745,
    "val_rmse": 13.941209786896746,
    "train_mae": 11.480450630187988,
    "val_mae": 11.643631935119629,
    "train_r2": -1.3802142143249512,
    "val_r2": -1.9567649364471436
  },
  "mlp_train_time": 3.4463401660323143
}