{
  "iter_idx": 28,
  "n0_value": 2,
  "mode": "windows",
  "baseline_mode": "capped",
  "baseline_slack": 0.0,
  "baseline_mae_clusters": 12.002655518641811,
  "baseline_mae_floor": 12.002655518641811,
  "summary_1": [
    {
      "Solver Status": "Normal",
      "Model Status": "OptimalGlobal",
      "Objective": 18.2382263709357,
      "Num of Equations": 4215,
      "Num of Variables": 3167,
      "Model Type": "MIP",
      "Solver": "GUROBI",
      "Solver Time": 0.203
    }
  ],
  "summary_2": [
    {
      "Solver Status": "Normal",
      "Model Status": "OptimalGlobal",
      "Objective": 12.0026555186418,
      "Num of Equations": 6736,
      "Num of Variables": 4437,
      "Model Type": "MIP",
      "Solver": "GUROBI",
      "Solver Time": 0.209
    }
  ],
  "selection_df": [
    {
      "w": "1",
      "level": 1.0,
      "marginal": -0.0,
      "lower": 0.0,
      "upper": 1.0,
      "scale": 1.0
    },
    {
      "w": "2",
      "level": 1.0,
      "marginal": -0.0,
      "lower": 0.0,
      "upper": 1.0,
      "scale": 1.0
    },
    {
      "w": "3",
      "level": 0.0,
      "marginal": -0.0,
      "lower": 0.0,
      "upper": 1.0,
      "scale": 1.0
    }
  ],
  "selected_original": [
    0,
    1
  ],
  "selection_vector": [
    1,
    1,
    0,
    0,
    0,
    0,
    0,
    0,
    0,
    0,
    0,
    0,
    0,
    0,
    0,
    0,
    0,
    0,
    0,
    0,
    0,
    0,
    0,
    0,
    0,
    0,
    0,
    0,
    0,
    0
  ],
  "importance_vector": [
    49.83656192082849,
    64.54310805879108,
    0.0,
    0.0,
    0.0,
    0.0,
    0.0,
    0.0,
    0.0,
    0.0,
    0.0,
    0.0,
    0.0,
    0.0,
    0.0,
    0.0,
    0.0,
    0.0,
    0.0,
    0.0,
    0.0,
    0.0,
    0.0,
    0.0,
    0.0,
    0.0,
    0.0,
    0.0,
    0.0,
    0.0
  ],
  "importance_vector_norm": [
    0.4357117128394275,
    0.5642882871605724,
    0.0,
    0.0,
    0.0,
    0.0,
    0.0,
    0.0,
    0.0,
    0.0,
    0.0,
    0.0,
    0.0,
    0.0,
    0.0,
    0.0,
    0.0,
    0.0,
    0.0,
    0.0,
    0.0,
    0.0,
    0.0,
    0.0,
    0.0,
    0.0,
    0.0,
    0.0,
    0.0,
    0.0
  ],
  "selected_sensors": [
    1,
    2,
    3,
    4,
    5,
    6,
    7,
    8,
    9,
    10,
    11,
    12,
    13,
    14,
    15,
    16,
    17,
    18,
    19,
    20,
    21
  ],
  "selected_windows": [
    1,
    2
  ],
  "X_train_shape_next": [
    100,
    21,
    2
  ],
  "X_val_shape_next": [
    100,
    21,
    2
  ],
  "M_curr": 21,
  "W_curr": 3,
  "input_dim": 63,
  "orig_indices": [
    0,
    1,
    2,
    30,
    31,
    32,
    60,
    61,
    62,
    90,
    91,
    92,
    120,
    121,
    122,
    150,
    151,
    152,
    180,
    181,
    182,
    210,
    211,
    212,
    240,
    241,
    242,
    270,
    271,
    272,
    300,
    301,
    302,
    330,
    331,
    332,
    360,
    361,
    362,
    390,
    391,
    392,
    420,
    421,
    422,
    450,
    451,
    452,
    480,
    481,
    482,
    510,
    511,
    512,
    540,
    541,
    542,
    570,
    571,
    572,
    600,
    601,
    602
  ],
  "surrogate_from_baseline": false,
  "hidden_sizes": [
    10,
    10
  ],
  "mlp_mode": "mlp_transfer",
  "mlp_metrics": {
    "train_mse": 219.85562133789062,
    "val_mse": 332.2674865722656,
    "train_rmse": 14.827529171709312,
    "val_rmse": 18.22820579684862,
    "train_mae": 10.758731842041016,
    "val_mae": 12.582162857055664,
    "train_r2": -1.661574363708496,
    "val_r2": -4.054797172546387
  },
  "mlp_train_time": 3.4545912710018456
}