{
  "iter_idx": 0,
  "n0_value": 50,
  "mode": "full",
  "is_baseline": true,
  "is_final_mlp": false,
  "orig_indices": [
    0,
    1,
    2,
    3,
    4,
    5,
    6,
    7,
    8,
    9,
    10,
    11,
    12,
    13,
    14,
    15,
    16,
    17,
    18,
    19,
    20,
    21,
    22,
    23,
    24,
    25,
    26,
    27,
    28,
    29,
    30,
    31,
    32,
    33,
    34,
    35,
    36,
    37,
    38,
    39,
    40,
    41,
    42,
    43,
    44,
    45,
    46,
    47,
    48,
    49
  ],
  "input_dim": 50,
  "selection_vector": [
    1,
    1,
    1,
    1,
    1,
    1,
    1,
    1,
    1,
    1,
    1,
    1,
    1,
    1,
    1,
    1,
    1,
    1,
    1,
    1,
    1,
    1,
    1,
    1,
    1,
    1,
    1,
    1,
    1,
    1,
    1,
    1,
    1,
    1,
    1,
    1,
    1,
    1,
    1,
    1,
    1,
    1,
    1,
    1,
    1,
    1,
    1,
    1,
    1,
    1
  ],
  "selected_original": [
    0,
    1,
    2,
    3,
    4,
    5,
    6,
    7,
    8,
    9,
    10,
    11,
    12,
    13,
    14,
    15,
    16,
    17,
    18,
    19,
    20,
    21,
    22,
    23,
    24,
    25,
    26,
    27,
    28,
    29,
    30,
    31,
    32,
    33,
    34,
    35,
    36,
    37,
    38,
    39,
    40,
    41,
    42,
    43,
    44,
    45,
    46,
    47,
    48,
    49
  ],
  "importance_vector": [
    2.16655745357275,
    2.0837266631424427,
    2.124432367272675,
    1.5815500281751156,
    1.8033095374703407,
    2.374786987900734,
    1.9661543518304825,
    1.8668512566946447,
    2.281182747334242,
    2.146425999701023,
    1.2943074563518167,
    1.1738513382151723,
    1.7101634442806244,
    1.428899569902569,
    1.501122466288507,
    1.6154169719666243,
    1.1151703596115112,
    1.9805747792124748,
    1.6167338266968727,
    2.3496874696575105,
    2.6321436129510403,
    2.264592452906072,
    2.523463260382414,
    1.72486761957407,
    1.8999768663197756,
    2.3108608350157738,
    2.5032921005040407,
    2.7889918442815542,
    2.002910740673542,
    1.4102965090423822,
    1.9243107424117625,
    1.3570579553415882,
    1.6646571531891823,
    1.7358853667974472,
    2.0293587390333414,
    1.688253428786993,
    1.8000622857362032,
    1.7216806281358004,
    1.7170233316719532,
    1.4637268091319129,
    1.8274699039757252,
    1.8590842615813017,
    1.6951641142368317,
    2.0014790181303397,
    1.920583814382553,
    1.9606893174350262,
    2.0538866855204105,
    2.0163183212280273,
    1.9910007445141673,
    2.254316918551922
  ],
  "importance_vector_norm": [
    0.022824052586197567,
    0.021951454302030177,
    0.022380277054962275,
    0.01666116952091203,
    0.0189973414480848,
    0.02501769016255817,
    0.020712864200650775,
    0.019666734977714647,
    0.024031596714882628,
    0.022611973575300714,
    0.01363515257708328,
    0.012366182409619553,
    0.018016074449762127,
    0.015053041344493572,
    0.01581388855042473,
    0.017017947922867864,
    0.011747995368583154,
    0.020864779208646194,
    0.017031820604417117,
    0.024753274038569924,
    0.0277288673500674,
    0.023856822788705583,
    0.026583951447642414,
    0.018170978659470868,
    0.020015703639859776,
    0.024344246736133644,
    0.026371454145514846,
    0.02938121784464408,
    0.021100082065770985,
    0.014857063509409182,
    0.0202720539464873,
    0.014296210831684785,
    0.0175366789095418,
    0.018287047421733836,
    0.02137870403555456,
    0.017785258809509246,
    0.01896313259559471,
    0.018137404631669816,
    0.018088341368092353,
    0.01541993617956559,
    0.019251863881686253,
    0.019584911943383687,
    0.017858060870610228,
    0.021084999285223897,
    0.02023279184375221,
    0.020655291652910773,
    0.021637098817344966,
    0.021241327027045665,
    0.02097461372049599,
    0.02374857302313225
  ],
  "hidden_sizes": [
    10,
    10,
    10
  ],
  "mlp_mode": "baseline",
  "mlp_metrics": {
    "train_mse": 127.8987045288086,
    "val_mse": 157.2519073486328,
    "train_rmse": 11.309230943296216,
    "val_rmse": 12.540012254724187,
    "train_mae": 9.089273452758789,
    "val_mae": 10.332369804382324,
    "train_r2": 0.12788647413253784,
    "val_r2": -0.15262925624847412
  },
  "baseline_mae_clusters": 4.001159565704553,
  "baseline_mae_floor": 4.001159565704553
}