{
  "iter_idx": 30,
  "n0_value": 0,
  "mode": "windows",
  "is_final_mlp": true,
  "orig_indices": [
    29,
    59,
    89,
    119,
    149,
    179,
    209,
    239,
    269,
    299,
    329,
    359,
    389,
    419,
    449,
    479,
    509,
    539,
    569,
    599,
    629
  ],
  "input_dim": 21,
  "hidden_sizes": [
    10
  ],
  "mlp_mode": "mlp_rebuild",
  "mlp_metrics": {
    "train_mse": 2580.040771484375,
    "val_mse": 2985.59375,
    "train_rmse": 50.79410173912297,
    "val_rmse": 54.64058702100482,
    "train_mae": 40.479923248291016,
    "val_mae": 42.27383804321289,
    "train_r2": 0.3253824710845947,
    "val_r2": 0.3044842481613159
  },
  "mlp_train_time": 17.182709487969987
}