{
  "iter_idx": 28,
  "n0_value": 2,
  "mode": "windows",
  "baseline_mode": "capped",
  "baseline_slack": 0.0,
  "baseline_mae_clusters": 39.99812969005866,
  "baseline_mae_floor": 39.99812969005866,
  "summary_1": [
    {
      "Solver Status": "Normal",
      "Model Status": "OptimalGlobal",
      "Objective": 82.8468097908319,
      "Num of Equations": 2215,
      "Num of Variables": 1667,
      "Model Type": "MIP",
      "Solver": "GUROBI",
      "Solver Time": 0.033
    }
  ],
  "summary_2": [
    {
      "Solver Status": "Normal",
      "Model Status": "OptimalGlobal",
      "Objective": 39.9981296900586,
      "Num of Equations": 4736,
      "Num of Variables": 2937,
      "Model Type": "MIP",
      "Solver": "GUROBI",
      "Solver Time": 1.687
    }
  ],
  "selection_df": [
    {
      "w": "1",
      "level": 0.0,
      "marginal": -0.0,
      "lower": 0.0,
      "upper": 1.0,
      "scale": 1.0
    },
    {
      "w": "2",
      "level": 1.0,
      "marginal": -0.0,
      "lower": 0.0,
      "upper": 1.0,
      "scale": 1.0
    },
    {
      "w": "3",
      "level": 1.0,
      "marginal": -0.0,
      "lower": 0.0,
      "upper": 1.0,
      "scale": 1.0
    }
  ],
  "selected_original": [
    24,
    29
  ],
  "selection_vector": [
    0,
    0,
    0,
    0,
    0,
    0,
    0,
    0,
    0,
    0,
    0,
    0,
    0,
    0,
    0,
    0,
    0,
    0,
    0,
    0,
    0,
    0,
    0,
    0,
    1,
    0,
    0,
    0,
    0,
    1
  ],
  "importance_vector": [
    0.0,
    0.0,
    0.0,
    0.0,
    0.0,
    0.0,
    0.0,
    0.0,
    0.0,
    0.0,
    0.0,
    0.0,
    0.0,
    0.0,
    0.0,
    0.0,
    0.0,
    0.0,
    0.0,
    0.0,
    0.0,
    0.0,
    0.0,
    0.0,
    338.7318914567332,
    0.0,
    0.0,
    0.0,
    0.0,
    347.90721906449386
  ],
  "importance_vector_norm": [
    0.0,
    0.0,
    0.0,
    0.0,
    0.0,
    0.0,
    0.0,
    0.0,
    0.0,
    0.0,
    0.0,
    0.0,
    0.0,
    0.0,
    0.0,
    0.0,
    0.0,
    0.0,
    0.0,
    0.0,
    0.0,
    0.0,
    0.0,
    0.0,
    0.49331866808402763,
    0.0,
    0.0,
    0.0,
    0.0,
    0.5066813319159723
  ],
  "selected_sensors": [
    1,
    2,
    3,
    4,
    5,
    6,
    7,
    8,
    9,
    10,
    11,
    12,
    13,
    14,
    15,
    16,
    17,
    18,
    19,
    20,
    21
  ],
  "selected_windows": [
    25,
    30
  ],
  "X_train_shape_next": [
    41513,
    21,
    2
  ],
  "X_val_shape_next": [
    4706,
    21,
    2
  ],
  "M_curr": 21,
  "W_curr": 3,
  "input_dim": 63,
  "orig_indices": [
    20,
    24,
    29,
    50,
    54,
    59,
    80,
    84,
    89,
    110,
    114,
    119,
    140,
    144,
    149,
    170,
    174,
    179,
    200,
    204,
    209,
    230,
    234,
    239,
    260,
    264,
    269,
    290,
    294,
    299,
    320,
    324,
    329,
    350,
    354,
    359,
    380,
    384,
    389,
    410,
    414,
    419,
    440,
    444,
    449,
    470,
    474,
    479,
    500,
    504,
    509,
    530,
    534,
    539,
    560,
    564,
    569,
    590,
    594,
    599,
    620,
    624,
    629
  ],
  "surrogate_from_baseline": false,
  "hidden_sizes": [
    10
  ],
  "mlp_mode": "mlp_rebuild",
  "mlp_metrics": {
    "train_mse": 1709.627685546875,
    "val_mse": 2098.546875,
    "train_rmse": 41.347644256316165,
    "val_rmse": 45.80989931226656,
    "train_mae": 31.749277114868164,
    "val_mae": 32.821102142333984,
    "train_r2": 0.5529742240905762,
    "val_r2": 0.5111282467842102
  },
  "mlp_train_time": 18.770269190019462
}