{
  "iter_idx": 27,
  "n0_value": 3,
  "mode": "windows",
  "baseline_mode": "capped",
  "baseline_slack": 0.0,
  "baseline_mae_clusters": 39.99812969005866,
  "baseline_mae_floor": 39.99812969005866,
  "summary_1": [
    {
      "Solver Status": "Normal",
      "Model Status": "OptimalGlobal",
      "Objective": 48.0020257996707,
      "Num of Equations": 2236,
      "Num of Variables": 1689,
      "Model Type": "MIP",
      "Solver": "GUROBI",
      "Solver Time": 0.048
    }
  ],
  "summary_2": [
    {
      "Solver Status": "Normal",
      "Model Status": "OptimalGlobal",
      "Objective": 39.9981296900587,
      "Num of Equations": 5597,
      "Num of Variables": 3379,
      "Model Type": "MIP",
      "Solver": "GUROBI",
      "Solver Time": 2.022
    }
  ],
  "selection_df": [
    {
      "w": "1",
      "level": 1.0,
      "marginal": -0.0,
      "lower": 0.0,
      "upper": 1.0,
      "scale": 1.0
    },
    {
      "w": "2",
      "level": 0.0,
      "marginal": -0.0,
      "lower": 0.0,
      "upper": 1.0,
      "scale": 1.0
    },
    {
      "w": "3",
      "level": 1.0,
      "marginal": -0.0,
      "lower": 0.0,
      "upper": 1.0,
      "scale": 1.0
    },
    {
      "w": "4",
      "level": 1.0,
      "marginal": -0.0,
      "lower": 0.0,
      "upper": 1.0,
      "scale": 1.0
    }
  ],
  "selected_original": [
    20,
    24,
    29
  ],
  "selection_vector": [
    0,
    0,
    0,
    0,
    0,
    0,
    0,
    0,
    0,
    0,
    0,
    0,
    0,
    0,
    0,
    0,
    0,
    0,
    0,
    0,
    1,
    0,
    0,
    0,
    1,
    0,
    0,
    0,
    0,
    1
  ],
  "importance_vector": [
    0.0,
    0.0,
    0.0,
    0.0,
    0.0,
    0.0,
    0.0,
    0.0,
    0.0,
    0.0,
    0.0,
    0.0,
    0.0,
    0.0,
    0.0,
    0.0,
    0.0,
    0.0,
    0.0,
    0.0,
    297.65421812252356,
    0.0,
    0.0,
    0.0,
    294.72899717760714,
    0.0,
    0.0,
    0.0,
    0.0,
    339.54260320051765
  ],
  "importance_vector_norm": [
    0.0,
    0.0,
    0.0,
    0.0,
    0.0,
    0.0,
    0.0,
    0.0,
    0.0,
    0.0,
    0.0,
    0.0,
    0.0,
    0.0,
    0.0,
    0.0,
    0.0,
    0.0,
    0.0,
    0.0,
    0.319396900711917,
    0.0,
    0.0,
    0.0,
    0.31625800179223396,
    0.0,
    0.0,
    0.0,
    0.0,
    0.36434509749584904
  ],
  "selected_sensors": [
    1,
    2,
    3,
    4,
    5,
    6,
    7,
    8,
    9,
    10,
    11,
    12,
    13,
    14,
    15,
    16,
    17,
    18,
    19,
    20,
    21
  ],
  "selected_windows": [
    21,
    25,
    30
  ],
  "X_train_shape_next": [
    41513,
    21,
    3
  ],
  "X_val_shape_next": [
    4706,
    21,
    3
  ],
  "M_curr": 21,
  "W_curr": 4,
  "input_dim": 84,
  "orig_indices": [
    20,
    21,
    24,
    29,
    50,
    51,
    54,
    59,
    80,
    81,
    84,
    89,
    110,
    111,
    114,
    119,
    140,
    141,
    144,
    149,
    170,
    171,
    174,
    179,
    200,
    201,
    204,
    209,
    230,
    231,
    234,
    239,
    260,
    261,
    264,
    269,
    290,
    291,
    294,
    299,
    320,
    321,
    324,
    329,
    350,
    351,
    354,
    359,
    380,
    381,
    384,
    389,
    410,
    411,
    414,
    419,
    440,
    441,
    444,
    449,
    470,
    471,
    474,
    479,
    500,
    501,
    504,
    509,
    530,
    531,
    534,
    539,
    560,
    561,
    564,
    569,
    590,
    591,
    594,
    599,
    620,
    621,
    624,
    629
  ],
  "surrogate_from_baseline": false,
  "hidden_sizes": [
    10
  ],
  "mlp_mode": "mlp_rebuild",
  "mlp_metrics": {
    "train_mse": 1781.4437255859375,
    "val_mse": 2177.2783203125,
    "train_rmse": 42.207152540605456,
    "val_rmse": 46.66131502982422,
    "train_mae": 32.510581970214844,
    "val_mae": 33.79184341430664,
    "train_r2": 0.5341960787773132,
    "val_r2": 0.4927871823310852
  },
  "mlp_train_time": 19.275469936023
}