{
  "iter_idx": 29,
  "n0_value": 1,
  "mode": "windows",
  "baseline_mode": "capped",
  "baseline_slack": 0.0,
  "baseline_mae_clusters": 39.99812969005866,
  "baseline_mae_floor": 39.99812969005866,
  "summary_1": [
    {
      "Solver Status": "Normal",
      "Model Status": "OptimalGlobal",
      "Objective": 54.66377496405,
      "Num of Equations": 2194,
      "Num of Variables": 1645,
      "Model Type": "MIP",
      "Solver": "GUROBI",
      "Solver Time": 0.029
    }
  ],
  "summary_2": [
    {
      "Solver Status": "Normal",
      "Model Status": "OptimalGlobal",
      "Objective": 39.9981296900587,
      "Num of Equations": 3875,
      "Num of Variables": 2495,
      "Model Type": "MIP",
      "Solver": "GUROBI",
      "Solver Time": 0.321
    }
  ],
  "selection_df": [
    {
      "w": "1",
      "level": 0.0,
      "marginal": -0.0,
      "lower": 0.0,
      "upper": 1.0,
      "scale": 1.0
    },
    {
      "w": "2",
      "level": 1.0,
      "marginal": -0.0,
      "lower": 0.0,
      "upper": 1.0,
      "scale": 1.0
    }
  ],
  "selected_original": [
    29
  ],
  "selection_vector": [
    0,
    0,
    0,
    0,
    0,
    0,
    0,
    0,
    0,
    0,
    0,
    0,
    0,
    0,
    0,
    0,
    0,
    0,
    0,
    0,
    0,
    0,
    0,
    0,
    0,
    0,
    0,
    0,
    0,
    1
  ],
  "importance_vector": [
    0.0,
    0.0,
    0.0,
    0.0,
    0.0,
    0.0,
    0.0,
    0.0,
    0.0,
    0.0,
    0.0,
    0.0,
    0.0,
    0.0,
    0.0,
    0.0,
    0.0,
    0.0,
    0.0,
    0.0,
    0.0,
    0.0,
    0.0,
    0.0,
    0.0,
    0.0,
    0.0,
    0.0,
    0.0,
    387.0031621392806
  ],
  "importance_vector_norm": [
    0.0,
    0.0,
    0.0,
    0.0,
    0.0,
    0.0,
    0.0,
    0.0,
    0.0,
    0.0,
    0.0,
    0.0,
    0.0,
    0.0,
    0.0,
    0.0,
    0.0,
    0.0,
    0.0,
    0.0,
    0.0,
    0.0,
    0.0,
    0.0,
    0.0,
    0.0,
    0.0,
    0.0,
    0.0,
    1.0
  ],
  "selected_sensors": [
    1,
    2,
    3,
    4,
    5,
    6,
    7,
    8,
    9,
    10,
    11,
    12,
    13,
    14,
    15,
    16,
    17,
    18,
    19,
    20,
    21
  ],
  "selected_windows": [
    30
  ],
  "X_train_shape_next": [
    41513,
    21,
    1
  ],
  "X_val_shape_next": [
    4706,
    21,
    1
  ],
  "M_curr": 21,
  "W_curr": 2,
  "input_dim": 42,
  "orig_indices": [
    24,
    29,
    54,
    59,
    84,
    89,
    114,
    119,
    144,
    149,
    174,
    179,
    204,
    209,
    234,
    239,
    264,
    269,
    294,
    299,
    324,
    329,
    354,
    359,
    384,
    389,
    414,
    419,
    444,
    449,
    474,
    479,
    504,
    509,
    534,
    539,
    564,
    569,
    594,
    599,
    624,
    629
  ],
  "surrogate_from_baseline": false,
  "hidden_sizes": [
    10
  ],
  "mlp_mode": "mlp_rebuild",
  "mlp_metrics": {
    "train_mse": 2125.505126953125,
    "val_mse": 2480.8876953125,
    "train_rmse": 46.1032008319718,
    "val_rmse": 49.808510269957885,
    "train_mae": 36.12590408325195,
    "val_mae": 37.52452087402344,
    "train_r2": 0.44423240423202515,
    "val_r2": 0.42205923795700073
  },
  "mlp_train_time": 18.532546466041822
}