{
  "iter_idx": 29,
  "n0_value": 1,
  "mode": "windows",
  "baseline_mode": "capped",
  "baseline_slack": 0.0,
  "baseline_mae_clusters": 7.215170968067062,
  "baseline_mae_floor": 7.215170968067062,
  "summary_1": [
    {
      "Solver Status": "Normal",
      "Model Status": "OptimalGlobal",
      "Objective": 8.44069715117584,
      "Num of Equations": 2184,
      "Num of Variables": 1635,
      "Model Type": "MIP",
      "Solver": "GUROBI",
      "Solver Time": 0.017
    }
  ],
  "summary_2": [
    {
      "Solver Status": "Normal",
      "Model Status": "OptimalGlobal",
      "Objective": 7.21517096806706,
      "Num of Equations": 3465,
      "Num of Variables": 2285,
      "Model Type": "MIP",
      "Solver": "GUROBI",
      "Solver Time": 0.552
    }
  ],
  "selection_df": [
    {
      "w": "1",
      "level": 0.0,
      "marginal": -0.0,
      "lower": 0.0,
      "upper": 1.0,
      "scale": 1.0
    },
    {
      "w": "2",
      "level": 1.0,
      "marginal": -0.0,
      "lower": 0.0,
      "upper": 1.0,
      "scale": 1.0
    }
  ],
  "selected_original": [
    25
  ],
  "selection_vector": [
    0,
    0,
    0,
    0,
    0,
    0,
    0,
    0,
    0,
    0,
    0,
    0,
    0,
    0,
    0,
    0,
    0,
    0,
    0,
    0,
    0,
    0,
    0,
    0,
    0,
    1,
    0,
    0,
    0,
    0
  ],
  "importance_vector": [
    0.0,
    0.0,
    0.0,
    0.0,
    0.0,
    0.0,
    0.0,
    0.0,
    0.0,
    0.0,
    0.0,
    0.0,
    0.0,
    0.0,
    0.0,
    0.0,
    0.0,
    0.0,
    0.0,
    0.0,
    0.0,
    0.0,
    0.0,
    0.0,
    0.0,
    93.87969092696224,
    0.0,
    0.0,
    0.0,
    0.0
  ],
  "importance_vector_norm": [
    0.0,
    0.0,
    0.0,
    0.0,
    0.0,
    0.0,
    0.0,
    0.0,
    0.0,
    0.0,
    0.0,
    0.0,
    0.0,
    0.0,
    0.0,
    0.0,
    0.0,
    0.0,
    0.0,
    0.0,
    0.0,
    0.0,
    0.0,
    0.0,
    0.0,
    1.0,
    0.0,
    0.0,
    0.0,
    0.0
  ],
  "selected_sensors": [
    1,
    2,
    3,
    4,
    5,
    6,
    7,
    8,
    9,
    10,
    11,
    12,
    13,
    14,
    15,
    16
  ],
  "selected_windows": [
    26
  ],
  "X_train_shape_next": [
    100,
    16,
    1
  ],
  "X_val_shape_next": [
    100,
    16,
    1
  ],
  "M_curr": 16,
  "W_curr": 2,
  "input_dim": 32,
  "orig_indices": [
    22,
    25,
    52,
    55,
    82,
    85,
    112,
    115,
    142,
    145,
    172,
    175,
    202,
    205,
    232,
    235,
    262,
    265,
    292,
    295,
    322,
    325,
    352,
    355,
    382,
    385,
    412,
    415,
    442,
    445,
    472,
    475
  ],
  "surrogate_from_baseline": false,
  "hidden_sizes": [
    10
  ],
  "mlp_mode": "mlp_transfer",
  "mlp_metrics": {
    "train_mse": 129.7309112548828,
    "val_mse": 170.8412628173828,
    "train_rmse": 11.38994781616153,
    "val_rmse": 13.070625953541123,
    "train_mae": 9.237205505371094,
    "val_mae": 10.785061836242676,
    "train_r2": -0.8825290203094482,
    "val_r2": -1.152531623840332
  },
  "mlp_train_time": 3.5206351880915463
}