{
  "iter_idx": 30,
  "n0_value": 0,
  "mode": "windows",
  "is_final_mlp": true,
  "orig_indices": [
    25,
    55,
    85,
    115,
    145,
    175,
    205,
    235,
    265,
    295,
    325,
    355,
    385,
    415,
    445,
    475
  ],
  "input_dim": 16,
  "hidden_sizes": [
    10
  ],
  "mlp_mode": "mlp_transfer",
  "mlp_metrics": {
    "train_mse": 161.2651824951172,
    "val_mse": 207.23410034179688,
    "train_rmse": 12.699022895290693,
    "val_rmse": 14.395627820341733,
    "train_mae": 10.424220085144043,
    "val_mae": 11.919829368591309,
    "train_r2": -1.3401238918304443,
    "val_r2": -1.6110668182373047
  },
  "mlp_train_time": 3.434313027188182
}