{
  "iter_idx": 27,
  "n0_value": 3,
  "mode": "windows",
  "baseline_mode": "capped",
  "baseline_slack": 0.0,
  "baseline_mae_clusters": 7.215170968067062,
  "baseline_mae_floor": 7.215170968067062,
  "summary_1": [
    {
      "Solver Status": "Normal",
      "Model Status": "OptimalGlobal",
      "Objective": 5.82543312580163,
      "Num of Equations": 2216,
      "Num of Variables": 1669,
      "Model Type": "MIP",
      "Solver": "GUROBI",
      "Solver Time": 0.041
    }
  ],
  "summary_2": [
    {
      "Solver Status": "Normal",
      "Model Status": "OptimalGlobal",
      "Objective": 7.21517096806706,
      "Num of Equations": 4777,
      "Num of Variables": 2959,
      "Model Type": "MIP",
      "Solver": "GUROBI",
      "Solver Time": 1.742
    }
  ],
  "selection_df": [
    {
      "w": "1",
      "level": 1.0,
      "marginal": -0.0,
      "lower": 0.0,
      "upper": 1.0,
      "scale": 1.0
    },
    {
      "w": "2",
      "level": 1.0,
      "marginal": -0.0,
      "lower": 0.0,
      "upper": 1.0,
      "scale": 1.0
    },
    {
      "w": "3",
      "level": 0.0,
      "marginal": -0.0,
      "lower": 0.0,
      "upper": 1.0,
      "scale": 1.0
    },
    {
      "w": "4",
      "level": 1.0,
      "marginal": -0.0,
      "lower": 0.0,
      "upper": 1.0,
      "scale": 1.0
    }
  ],
  "selected_original": [
    3,
    22,
    25
  ],
  "selection_vector": [
    0,
    0,
    0,
    1,
    0,
    0,
    0,
    0,
    0,
    0,
    0,
    0,
    0,
    0,
    0,
    0,
    0,
    0,
    0,
    0,
    0,
    0,
    1,
    0,
    0,
    1,
    0,
    0,
    0,
    0
  ],
  "importance_vector": [
    0.0,
    0.0,
    0.0,
    124.63487692725765,
    0.0,
    0.0,
    0.0,
    0.0,
    0.0,
    0.0,
    0.0,
    0.0,
    0.0,
    0.0,
    0.0,
    0.0,
    0.0,
    0.0,
    0.0,
    0.0,
    0.0,
    0.0,
    85.30889440099342,
    0.0,
    0.0,
    103.10944377946483,
    0.0,
    0.0,
    0.0,
    0.0
  ],
  "importance_vector_norm": [
    0.0,
    0.0,
    0.0,
    0.3981268069212228,
    0.0,
    0.0,
    0.0,
    0.0,
    0.0,
    0.0,
    0.0,
    0.0,
    0.0,
    0.0,
    0.0,
    0.0,
    0.0,
    0.0,
    0.0,
    0.0,
    0.0,
    0.0,
    0.2725060478028957,
    0.0,
    0.0,
    0.3293671452758814,
    0.0,
    0.0,
    0.0,
    0.0
  ],
  "selected_sensors": [
    1,
    2,
    3,
    4,
    5,
    6,
    7,
    8,
    9,
    10,
    11,
    12,
    13,
    14,
    15,
    16
  ],
  "selected_windows": [
    4,
    23,
    26
  ],
  "X_train_shape_next": [
    100,
    16,
    3
  ],
  "X_val_shape_next": [
    100,
    16,
    3
  ],
  "M_curr": 16,
  "W_curr": 4,
  "input_dim": 64,
  "orig_indices": [
    3,
    22,
    23,
    25,
    33,
    52,
    53,
    55,
    63,
    82,
    83,
    85,
    93,
    112,
    113,
    115,
    123,
    142,
    143,
    145,
    153,
    172,
    173,
    175,
    183,
    202,
    203,
    205,
    213,
    232,
    233,
    235,
    243,
    262,
    263,
    265,
    273,
    292,
    293,
    295,
    303,
    322,
    323,
    325,
    333,
    352,
    353,
    355,
    363,
    382,
    383,
    385,
    393,
    412,
    413,
    415,
    423,
    442,
    443,
    445,
    453,
    472,
    473,
    475
  ],
  "surrogate_from_baseline": false,
  "hidden_sizes": [
    10
  ],
  "mlp_mode": "mlp_transfer",
  "mlp_metrics": {
    "train_mse": 45.084739685058594,
    "val_mse": 66.47633361816406,
    "train_rmse": 6.714517085022466,
    "val_rmse": 8.15330200704991,
    "train_mae": 5.691347122192383,
    "val_mae": 6.995588302612305,
    "train_r2": 0.34577399492263794,
    "val_r2": 0.16242480278015137
  },
  "mlp_train_time": 3.522001810139045
}