{
  "iter_idx": 21,
  "n0_value": 0,
  "mode": "sensors",
  "is_final_mlp": true,
  "orig_indices": [
    300,
    301,
    302,
    303,
    304,
    305,
    306,
    307,
    308,
    309,
    310,
    311,
    312,
    313,
    314,
    315,
    316,
    317,
    318,
    319,
    320,
    321,
    322,
    323,
    324,
    325,
    326,
    327,
    328,
    329
  ],
  "input_dim": 30,
  "hidden_sizes": [
    10,
    10
  ],
  "mlp_mode": "mlp_rebuild",
  "mlp_metrics": {
    "train_mse": 6574.1884765625,
    "val_mse": 5899.84228515625,
    "train_rmse": 81.08136947882973,
    "val_rmse": 76.81043083563749,
    "train_mae": 64.25511169433594,
    "val_mae": 63.20253372192383,
    "train_r2": 0.06695926189422607,
    "val_r2": 0.06473982334136963
  },
  "mlp_train_time": 22.651164459995925
}