{
  "loss": [
    15845.6201171875,
    6390.66162109375,
    4051.979248046875,
    3612.984619140625,
    3480.25390625,
    3373.419921875,
    3270.22119140625,
    3171.377685546875,
    3081.386962890625,
    3000.419677734375,
    2929.198486328125,
    2866.261474609375,
    2810.3095703125,
    2758.969482421875,
    2712.388916015625,
    2669.9375,
    2630.80908203125,
    2594.506103515625,
    2560.351806640625,
    2528.203125,
    2498.067138671875,
    2469.854248046875,
    2443.425537109375,
    2418.800048828125,
    2395.884033203125,
    2374.43408203125,
    2354.36083984375,
    2335.539306640625,
    2318.03515625,
    2301.861083984375
  ],
  "mae": [
    99.40544128417969,
    60.00839614868164,
    45.55066680908203,
    43.53487777709961,
    42.61744689941406,
    41.667884826660156,
    40.70231628417969,
    39.8052864074707,
    39.01487731933594,
    38.32044982910156,
    37.73685073852539,
    37.230194091796875,
    36.765995025634766,
    36.345096588134766,
    35.973697662353516,
    35.63199234008789,
    35.3117561340332,
    35.01256561279297,
    34.72542953491211,
    34.45111846923828,
    34.19220733642578,
    33.94773483276367,
    33.7125129699707,
    33.4889030456543,
    33.277931213378906,
    33.08052062988281,
    32.89414978027344,
    32.721221923828125,
    32.5594596862793,
    32.41215133666992
  ],
  "val_loss": [
    5072.8720703125,
    2507.990478515625,
    2242.51806640625,
    2230.56298828125,
    2178.4921875,
    2119.027587890625,
    2063.694580078125,
    2018.8895263671875,
    1981.164794921875,
    1950.4224853515625,
    1927.740478515625,
    1909.7777099609375,
    1894.574462890625,
    1882.1514892578125,
    1871.2066650390625,
    1860.0018310546875,
    1849.267333984375,
    1837.7481689453125,
    1825.98828125,
    1813.885986328125,
    1801.605712890625,
    1789.241943359375,
    1776.381591796875,
    1763.84619140625,
    1752.0828857421875,
    1740.29345703125,
    1728.2130126953125,
    1717.0528564453125,
    1705.95654296875,
    1696.59375
  ],
  "val_mae": [
    59.25712966918945,
    37.7177734375,
    35.82168197631836,
    36.54241943359375,
    36.33065414428711,
    35.7561149597168,
    35.07590866088867,
    34.48427200317383,
    33.95027160644531,
    33.43723678588867,
    32.97014617919922,
    32.543792724609375,
    32.159576416015625,
    31.842500686645508,
    31.54297637939453,
    31.23609733581543,
    30.930709838867188,
    30.614665985107422,
    30.316917419433594,
    30.020944595336914,
    29.722963333129883,
    29.43779754638672,
    29.16803550720215,
    28.913047790527344,
    28.67108726501465,
    28.436691284179688,
    28.204837799072266,
    27.98564338684082,
    27.773237228393555,
    27.593677520751953
  ]
}