{
  "loss": [
    11407.4365234375,
    5770.0517578125,
    4548.625,
    4031.43212890625,
    3803.44775390625,
    3692.056396484375,
    3624.688232421875,
    3574.912109375,
    3531.52783203125,
    3490.531494140625,
    3454.173095703125,
    3422.278076171875,
    3394.658935546875,
    3368.72998046875,
    3344.95556640625,
    3322.95703125,
    3302.875,
    3282.043212890625,
    3261.575439453125,
    3242.791015625,
    3222.95751953125,
    3205.662353515625,
    3187.406982421875,
    3171.406005859375,
    3155.69970703125,
    3142.555908203125,
    3131.833984375,
    3120.53564453125,
    3111.239990234375,
    3103.456787109375
  ],
  "mae": [
    81.60768127441406,
    58.796749114990234,
    51.17063522338867,
    47.6468391418457,
    46.049781799316406,
    45.25828170776367,
    44.776283264160156,
    44.40866470336914,
    44.05526351928711,
    43.68792724609375,
    43.341514587402344,
    43.053157806396484,
    42.80878448486328,
    42.58220672607422,
    42.357486724853516,
    42.16523361206055,
    41.98020935058594,
    41.789302825927734,
    41.6005859375,
    41.425437927246094,
    41.24193572998047,
    41.07240676879883,
    40.908843994140625,
    40.754390716552734,
    40.6107292175293,
    40.47995376586914,
    40.37860870361328,
    40.268070220947266,
    40.17987823486328,
    40.110416412353516
  ],
  "val_loss": [
    5957.09375,
    4217.95703125,
    3447.38623046875,
    3148.98681640625,
    3015.165771484375,
    2949.834228515625,
    2898.474853515625,
    2847.279541015625,
    2801.78857421875,
    2750.984619140625,
    2708.297607421875,
    2673.135986328125,
    2643.218994140625,
    2612.8642578125,
    2584.769287109375,
    2559.70166015625,
    2534.891357421875,
    2512.587158203125,
    2488.068115234375,
    2464.787841796875,
    2445.322509765625,
    2423.822021484375,
    2406.164794921875,
    2391.008544921875,
    2376.06396484375,
    2365.76318359375,
    2354.11083984375,
    2345.345947265625,
    2336.204833984375,
    2328.427490234375
  ],
  "val_mae": [
    62.72706985473633,
    52.02503204345703,
    46.423622131347656,
    43.830345153808594,
    42.740821838378906,
    42.243858337402344,
    41.8703727722168,
    41.47359848022461,
    41.08421325683594,
    40.64368438720703,
    40.25666046142578,
    39.94661331176758,
    39.70320129394531,
    39.46416473388672,
    39.23524475097656,
    39.03123092651367,
    38.808467864990234,
    38.624305725097656,
    38.403011322021484,
    38.2244873046875,
    38.033302307128906,
    37.85497283935547,
    37.68101501464844,
    37.54054641723633,
    37.40119171142578,
    37.292606353759766,
    37.1816291809082,
    37.085121154785156,
    37.0047721862793,
    36.92739486694336
  ]
}