{
  "iter_idx": 27,
  "n0_value": 3,
  "mode": "windows",
  "baseline_mode": "capped",
  "baseline_slack": 0.0,
  "baseline_mae_clusters": 3.425237732744401,
  "baseline_mae_floor": 3.425237732744401,
  "summary_1": [
    {
      "Solver Status": "Normal",
      "Model Status": "OptimalGlobal",
      "Objective": 4.75775954256198,
      "Num of Equations": 6212,
      "Num of Variables": 4665,
      "Model Type": "MIP",
      "Solver": "GUROBI",
      "Solver Time": 0.353
    }
  ],
  "summary_2": [
    {
      "Solver Status": "Normal",
      "Model Status": "OptimalGlobal",
      "Objective": 3.4252377327444,
      "Num of Equations": 8613,
      "Num of Variables": 5875,
      "Model Type": "MIP",
      "Solver": "GUROBI",
      "Solver Time": 8.906
    }
  ],
  "selection_df": [
    {
      "w": "1",
      "level": 1.0,
      "marginal": -0.0,
      "lower": 0.0,
      "upper": 1.0,
      "scale": 1.0
    },
    {
      "w": "2",
      "level": 0.0,
      "marginal": -0.0,
      "lower": 0.0,
      "upper": 1.0,
      "scale": 1.0
    },
    {
      "w": "3",
      "level": 1.0,
      "marginal": -0.0,
      "lower": 0.0,
      "upper": 1.0,
      "scale": 1.0
    },
    {
      "w": "4",
      "level": 1.0,
      "marginal": -0.0,
      "lower": 0.0,
      "upper": 1.0,
      "scale": 1.0
    }
  ],
  "selected_original": [
    0,
    27,
    29
  ],
  "selection_vector": [
    1,
    0,
    0,
    0,
    0,
    0,
    0,
    0,
    0,
    0,
    0,
    0,
    0,
    0,
    0,
    0,
    0,
    0,
    0,
    0,
    0,
    0,
    0,
    0,
    0,
    0,
    0,
    1,
    0,
    1
  ],
  "importance_vector": [
    39.60974522421461,
    0.0,
    0.0,
    0.0,
    0.0,
    0.0,
    0.0,
    0.0,
    0.0,
    0.0,
    0.0,
    0.0,
    0.0,
    0.0,
    0.0,
    0.0,
    0.0,
    0.0,
    0.0,
    0.0,
    0.0,
    0.0,
    0.0,
    0.0,
    0.0,
    0.0,
    0.0,
    42.182786985486544,
    0.0,
    48.032137706998256
  ],
  "importance_vector_norm": [
    0.30510183657412554,
    0.0,
    0.0,
    0.0,
    0.0,
    0.0,
    0.0,
    0.0,
    0.0,
    0.0,
    0.0,
    0.0,
    0.0,
    0.0,
    0.0,
    0.0,
    0.0,
    0.0,
    0.0,
    0.0,
    0.0,
    0.0,
    0.0,
    0.0,
    0.0,
    0.0,
    0.0,
    0.3249211957369325,
    0.0,
    0.369976967688942
  ],
  "selected_sensors": [
    1,
    2,
    3,
    4,
    5,
    6,
    7,
    8,
    9,
    10,
    11,
    12,
    13,
    14,
    15
  ],
  "selected_windows": [
    1,
    28,
    30
  ],
  "X_train_shape_next": [
    100,
    15,
    3
  ],
  "X_val_shape_next": [
    100,
    15,
    3
  ],
  "M_curr": 15,
  "W_curr": 4,
  "input_dim": 60,
  "orig_indices": [
    0,
    25,
    27,
    29,
    30,
    55,
    57,
    59,
    60,
    85,
    87,
    89,
    90,
    115,
    117,
    119,
    120,
    145,
    147,
    149,
    150,
    175,
    177,
    179,
    180,
    205,
    207,
    209,
    210,
    235,
    237,
    239,
    240,
    265,
    267,
    269,
    270,
    295,
    297,
    299,
    300,
    325,
    327,
    329,
    330,
    355,
    357,
    359,
    360,
    385,
    387,
    389,
    390,
    415,
    417,
    419,
    420,
    445,
    447,
    449
  ],
  "surrogate_from_baseline": false,
  "hidden_sizes": [
    10,
    10,
    10
  ],
  "mlp_mode": "mlp_transfer",
  "mlp_metrics": {
    "train_mse": 29.558757781982422,
    "val_mse": 76.79597473144531,
    "train_rmse": 5.436796647105943,
    "val_rmse": 8.763331257657976,
    "train_mae": 4.584733963012695,
    "val_mae": 6.274901866912842,
    "train_r2": 0.5884923934936523,
    "val_r2": -0.04607999324798584
  },
  "mlp_train_time": 3.5354896809440106
}