{
  "iter_idx": 29,
  "n0_value": 1,
  "mode": "windows",
  "baseline_mode": "capped",
  "baseline_slack": 0.0,
  "baseline_mae_clusters": 3.425237732744401,
  "baseline_mae_floor": 3.425237732744401,
  "summary_1": [
    {
      "Solver Status": "Normal",
      "Model Status": "OptimalGlobal",
      "Objective": 13.405677166786,
      "Num of Equations": 6182,
      "Num of Variables": 4633,
      "Model Type": "MIP",
      "Solver": "GUROBI",
      "Solver Time": 0.047
    }
  ],
  "summary_2": [
    {
      "Solver Status": "Normal",
      "Model Status": "OptimalGlobal",
      "Objective": 3.4252377327444,
      "Num of Equations": 7383,
      "Num of Variables": 5243,
      "Model Type": "MIP",
      "Solver": "GUROBI",
      "Solver Time": 9.357
    }
  ],
  "selection_df": [
    {
      "w": "1",
      "level": 0.0,
      "marginal": -0.0,
      "lower": 0.0,
      "upper": 1.0,
      "scale": 1.0
    },
    {
      "w": "2",
      "level": 1.0,
      "marginal": -0.0,
      "lower": 0.0,
      "upper": 1.0,
      "scale": 1.0
    }
  ],
  "selected_original": [
    29
  ],
  "selection_vector": [
    0,
    0,
    0,
    0,
    0,
    0,
    0,
    0,
    0,
    0,
    0,
    0,
    0,
    0,
    0,
    0,
    0,
    0,
    0,
    0,
    0,
    0,
    0,
    0,
    0,
    0,
    0,
    0,
    0,
    1
  ],
  "importance_vector": [
    0.0,
    0.0,
    0.0,
    0.0,
    0.0,
    0.0,
    0.0,
    0.0,
    0.0,
    0.0,
    0.0,
    0.0,
    0.0,
    0.0,
    0.0,
    0.0,
    0.0,
    0.0,
    0.0,
    0.0,
    0.0,
    0.0,
    0.0,
    0.0,
    0.0,
    0.0,
    0.0,
    0.0,
    0.0,
    45.751499249270566
  ],
  "importance_vector_norm": [
    0.0,
    0.0,
    0.0,
    0.0,
    0.0,
    0.0,
    0.0,
    0.0,
    0.0,
    0.0,
    0.0,
    0.0,
    0.0,
    0.0,
    0.0,
    0.0,
    0.0,
    0.0,
    0.0,
    0.0,
    0.0,
    0.0,
    0.0,
    0.0,
    0.0,
    0.0,
    0.0,
    0.0,
    0.0,
    1.0
  ],
  "selected_sensors": [
    1,
    2,
    3,
    4,
    5,
    6,
    7,
    8,
    9,
    10,
    11,
    12,
    13,
    14,
    15
  ],
  "selected_windows": [
    30
  ],
  "X_train_shape_next": [
    100,
    15,
    1
  ],
  "X_val_shape_next": [
    100,
    15,
    1
  ],
  "M_curr": 15,
  "W_curr": 2,
  "input_dim": 30,
  "orig_indices": [
    27,
    29,
    57,
    59,
    87,
    89,
    117,
    119,
    147,
    149,
    177,
    179,
    207,
    209,
    237,
    239,
    267,
    269,
    297,
    299,
    327,
    329,
    357,
    359,
    387,
    389,
    417,
    419,
    447,
    449
  ],
  "surrogate_from_baseline": false,
  "hidden_sizes": [
    10,
    10,
    10
  ],
  "mlp_mode": "mlp_transfer",
  "mlp_metrics": {
    "train_mse": 56.89320373535156,
    "val_mse": 111.17204284667969,
    "train_rmse": 7.542758363844858,
    "val_rmse": 10.543815383753628,
    "train_mae": 6.597699165344238,
    "val_mae": 7.443102836608887,
    "train_r2": 0.2079508900642395,
    "val_r2": -0.5143351554870605
  },
  "mlp_train_time": 3.5385374820325524
}