{
  "iter_idx": 28,
  "n0_value": 2,
  "mode": "windows",
  "baseline_mode": "capped",
  "baseline_slack": 0.0,
  "baseline_mae_clusters": 3.425237732744401,
  "baseline_mae_floor": 3.425237732744401,
  "summary_1": [
    {
      "Solver Status": "Normal",
      "Model Status": "OptimalGlobal",
      "Objective": 7.3621566024079,
      "Num of Equations": 6197,
      "Num of Variables": 4649,
      "Model Type": "MIP",
      "Solver": "GUROBI",
      "Solver Time": 0.609
    }
  ],
  "summary_2": [
    {
      "Solver Status": "Normal",
      "Model Status": "OptimalGlobal",
      "Objective": 3.4252377327444,
      "Num of Equations": 7998,
      "Num of Variables": 5559,
      "Model Type": "MIP",
      "Solver": "GUROBI",
      "Solver Time": 15.18
    }
  ],
  "selection_df": [
    {
      "w": "1",
      "level": 0.0,
      "marginal": -0.0,
      "lower": 0.0,
      "upper": 1.0,
      "scale": 1.0
    },
    {
      "w": "2",
      "level": 1.0,
      "marginal": -0.0,
      "lower": 0.0,
      "upper": 1.0,
      "scale": 1.0
    },
    {
      "w": "3",
      "level": 1.0,
      "marginal": -0.0,
      "lower": 0.0,
      "upper": 1.0,
      "scale": 1.0
    }
  ],
  "selected_original": [
    27,
    29
  ],
  "selection_vector": [
    0,
    0,
    0,
    0,
    0,
    0,
    0,
    0,
    0,
    0,
    0,
    0,
    0,
    0,
    0,
    0,
    0,
    0,
    0,
    0,
    0,
    0,
    0,
    0,
    0,
    0,
    0,
    1,
    0,
    1
  ],
  "importance_vector": [
    0.0,
    0.0,
    0.0,
    0.0,
    0.0,
    0.0,
    0.0,
    0.0,
    0.0,
    0.0,
    0.0,
    0.0,
    0.0,
    0.0,
    0.0,
    0.0,
    0.0,
    0.0,
    0.0,
    0.0,
    0.0,
    0.0,
    0.0,
    0.0,
    0.0,
    0.0,
    0.0,
    39.0576473461488,
    0.0,
    43.04391235614863
  ],
  "importance_vector_norm": [
    0.0,
    0.0,
    0.0,
    0.0,
    0.0,
    0.0,
    0.0,
    0.0,
    0.0,
    0.0,
    0.0,
    0.0,
    0.0,
    0.0,
    0.0,
    0.0,
    0.0,
    0.0,
    0.0,
    0.0,
    0.0,
    0.0,
    0.0,
    0.0,
    0.0,
    0.0,
    0.0,
    0.47572357319121494,
    0.0,
    0.524276426808785
  ],
  "selected_sensors": [
    1,
    2,
    3,
    4,
    5,
    6,
    7,
    8,
    9,
    10,
    11,
    12,
    13,
    14,
    15
  ],
  "selected_windows": [
    28,
    30
  ],
  "X_train_shape_next": [
    100,
    15,
    2
  ],
  "X_val_shape_next": [
    100,
    15,
    2
  ],
  "M_curr": 15,
  "W_curr": 3,
  "input_dim": 45,
  "orig_indices": [
    0,
    27,
    29,
    30,
    57,
    59,
    60,
    87,
    89,
    90,
    117,
    119,
    120,
    147,
    149,
    150,
    177,
    179,
    180,
    207,
    209,
    210,
    237,
    239,
    240,
    267,
    269,
    270,
    297,
    299,
    300,
    327,
    329,
    330,
    357,
    359,
    360,
    387,
    389,
    390,
    417,
    419,
    420,
    447,
    449
  ],
  "surrogate_from_baseline": false,
  "hidden_sizes": [
    10,
    10,
    10
  ],
  "mlp_mode": "mlp_transfer",
  "mlp_metrics": {
    "train_mse": 71.20989227294922,
    "val_mse": 106.62382507324219,
    "train_rmse": 8.438595396921766,
    "val_rmse": 10.325881321865083,
    "train_mae": 7.443681240081787,
    "val_mae": 7.975058555603027,
    "train_r2": 0.008638501167297363,
    "val_r2": -0.4523814916610718
  },
  "mlp_train_time": 3.470718356082216
}