{
  "iter_idx": 30,
  "n0_value": 0,
  "mode": "windows",
  "is_final_mlp": true,
  "orig_indices": [
    29,
    59,
    89,
    119,
    149,
    179,
    209,
    239,
    269,
    299,
    329,
    359,
    389,
    419,
    449
  ],
  "input_dim": 15,
  "hidden_sizes": [
    10,
    10,
    10
  ],
  "mlp_mode": "mlp_transfer",
  "mlp_metrics": {
    "train_mse": 164.43679809570312,
    "val_mse": 230.79466247558594,
    "train_rmse": 12.823291234924953,
    "val_rmse": 15.191927543125853,
    "train_mae": 11.647767066955566,
    "val_mae": 12.46117877960205,
    "train_r2": -1.2892367839813232,
    "val_r2": -2.143780469894409
  },
  "mlp_train_time": 3.55305781099014
}