{
  "iter_idx": 16,
  "n0_value": 0,
  "mode": "sensors",
  "is_final_mlp": true,
  "orig_indices": [
    420,
    421,
    422,
    423,
    424,
    425,
    426,
    427,
    428,
    429,
    430,
    431,
    432,
    433,
    434,
    435,
    436,
    437,
    438,
    439,
    440,
    441,
    442,
    443,
    444,
    445,
    446,
    447,
    448,
    449
  ],
  "input_dim": 30,
  "hidden_sizes": [
    10,
    10,
    10
  ],
  "mlp_mode": "mlp_transfer",
  "mlp_metrics": {
    "train_mse": 200.12100219726562,
    "val_mse": 193.28726196289062,
    "train_rmse": 14.14641305056747,
    "val_rmse": 13.90277892951228,
    "train_mae": 12.033390045166016,
    "val_mae": 11.427473068237305,
    "train_r2": -1.8694841861724854,
    "val_r2": -1.7334012985229492
  },
  "mlp_train_time": 3.569683542009443
}