{
  "iter_idx": 29,
  "n0_value": 1,
  "mode": "windows",
  "baseline_mode": "capped",
  "baseline_slack": 0.0,
  "baseline_mae_clusters": 8.08795194029053,
  "baseline_mae_floor": 8.08795194029053,
  "summary_1": [
    {
      "Solver Status": "Normal",
      "Model Status": "OptimalGlobal",
      "Objective": 28.4892323541269,
      "Num of Equations": 4194,
      "Num of Variables": 3145,
      "Model Type": "MIP",
      "Solver": "GUROBI",
      "Solver Time": 0.029
    }
  ],
  "summary_2": [
    {
      "Solver Status": "Normal",
      "Model Status": "OptimalGlobal",
      "Objective": 8.08795194029053,
      "Num of Equations": 5875,
      "Num of Variables": 3995,
      "Model Type": "MIP",
      "Solver": "GUROBI",
      "Solver Time": 0.168
    }
  ],
  "selection_df": [
    {
      "w": "1",
      "level": 0.0,
      "marginal": -0.0,
      "lower": 0.0,
      "upper": 1.0,
      "scale": 1.0
    },
    {
      "w": "2",
      "level": 1.0,
      "marginal": -0.0,
      "lower": 0.0,
      "upper": 1.0,
      "scale": 1.0
    }
  ],
  "selected_original": [
    1
  ],
  "selection_vector": [
    0,
    1,
    0,
    0,
    0,
    0,
    0,
    0,
    0,
    0,
    0,
    0,
    0,
    0,
    0,
    0,
    0,
    0,
    0,
    0,
    0,
    0,
    0,
    0,
    0,
    0,
    0,
    0,
    0,
    0
  ],
  "importance_vector": [
    0.0,
    55.60976595568266,
    0.0,
    0.0,
    0.0,
    0.0,
    0.0,
    0.0,
    0.0,
    0.0,
    0.0,
    0.0,
    0.0,
    0.0,
    0.0,
    0.0,
    0.0,
    0.0,
    0.0,
    0.0,
    0.0,
    0.0,
    0.0,
    0.0,
    0.0,
    0.0,
    0.0,
    0.0,
    0.0,
    0.0
  ],
  "importance_vector_norm": [
    0.0,
    1.0,
    0.0,
    0.0,
    0.0,
    0.0,
    0.0,
    0.0,
    0.0,
    0.0,
    0.0,
    0.0,
    0.0,
    0.0,
    0.0,
    0.0,
    0.0,
    0.0,
    0.0,
    0.0,
    0.0,
    0.0,
    0.0,
    0.0,
    0.0,
    0.0,
    0.0,
    0.0,
    0.0,
    0.0
  ],
  "selected_sensors": [
    1,
    2,
    3,
    4,
    5,
    6,
    7,
    8,
    9,
    10,
    11,
    12,
    13,
    14,
    15,
    16,
    17,
    18,
    19,
    20,
    21
  ],
  "selected_windows": [
    2
  ],
  "X_train_shape_next": [
    100,
    21,
    1
  ],
  "X_val_shape_next": [
    100,
    21,
    1
  ],
  "M_curr": 21,
  "W_curr": 2,
  "input_dim": 42,
  "orig_indices": [
    0,
    1,
    30,
    31,
    60,
    61,
    90,
    91,
    120,
    121,
    150,
    151,
    180,
    181,
    210,
    211,
    240,
    241,
    270,
    271,
    300,
    301,
    330,
    331,
    360,
    361,
    390,
    391,
    420,
    421,
    450,
    451,
    480,
    481,
    510,
    511,
    540,
    541,
    570,
    571,
    600,
    601
  ],
  "surrogate_from_baseline": false,
  "hidden_sizes": [
    10,
    10
  ],
  "mlp_mode": "mlp_transfer",
  "mlp_metrics": {
    "train_mse": 614.35888671875,
    "val_mse": 729.5437622070312,
    "train_rmse": 24.78626407344903,
    "val_rmse": 27.01006779345493,
    "train_mae": 20.969480514526367,
    "val_mae": 22.76203155517578,
    "train_r2": -8.095199584960938,
    "val_r2": -8.548202514648438
  },
  "mlp_train_time": 3.4590249159373343
}