{
  "iter_idx": 30,
  "n0_value": 0,
  "mode": "windows",
  "is_final_mlp": true,
  "orig_indices": [
    1,
    31,
    61,
    91,
    121,
    151,
    181,
    211,
    241,
    271,
    301,
    331,
    361,
    391,
    421,
    451,
    481,
    511,
    541,
    571,
    601
  ],
  "input_dim": 21,
  "hidden_sizes": [
    10,
    10
  ],
  "mlp_mode": "mlp_transfer",
  "mlp_metrics": {
    "train_mse": 484.2960205078125,
    "val_mse": 508.97332763671875,
    "train_rmse": 22.006726710435892,
    "val_rmse": 22.56043722175434,
    "train_mae": 18.045215606689453,
    "val_mae": 18.514301300048828,
    "train_r2": -6.1697001457214355,
    "val_r2": -5.661396503448486
  },
  "mlp_train_time": 3.5114725020248443
}