{
  "iter_idx": 15,
  "n0_value": 0,
  "mode": "sensors",
  "is_final_mlp": true,
  "orig_indices": [
    60,
    61,
    62,
    63,
    64,
    65,
    66,
    67,
    68,
    69,
    70,
    71,
    72,
    73,
    74,
    75,
    76,
    77,
    78,
    79,
    80,
    81,
    82,
    83,
    84,
    85,
    86,
    87,
    88,
    89
  ],
  "input_dim": 30,
  "hidden_sizes": [
    10
  ],
  "mlp_mode": "mlp_transfer",
  "mlp_metrics": {
    "train_mse": 45.85816955566406,
    "val_mse": 53.999698638916016,
    "train_rmse": 6.771866032022788,
    "val_rmse": 7.348448723296368,
    "train_mae": 5.385227203369141,
    "val_mae": 5.923025131225586,
    "train_r2": 0.3615771532058716,
    "val_r2": 0.236225426197052
  },
  "mlp_train_time": 3.4067045419942588
}