{
  "iter_idx": 27,
  "n0_value": 3,
  "mode": "windows",
  "baseline_mode": "capped",
  "baseline_slack": 0.0,
  "baseline_mae_clusters": 6.447710555806764,
  "baseline_mae_floor": 6.447710555806764,
  "summary_1": [
    {
      "Solver Status": "Normal",
      "Model Status": "OptimalGlobal",
      "Objective": 6.37931812328279,
      "Num of Equations": 2216,
      "Num of Variables": 1669,
      "Model Type": "MIP",
      "Solver": "GUROBI",
      "Solver Time": 0.044
    }
  ],
  "summary_2": [
    {
      "Solver Status": "Normal",
      "Model Status": "OptimalGlobal",
      "Objective": 6.44771055580676,
      "Num of Equations": 4777,
      "Num of Variables": 2959,
      "Model Type": "MIP",
      "Solver": "GUROBI",
      "Solver Time": 0.633
    }
  ],
  "selection_df": [
    {
      "w": "1",
      "level": 0.0,
      "marginal": -0.0,
      "lower": 0.0,
      "upper": 1.0,
      "scale": 1.0
    },
    {
      "w": "2",
      "level": 1.0,
      "marginal": -0.0,
      "lower": 0.0,
      "upper": 1.0,
      "scale": 1.0
    },
    {
      "w": "3",
      "level": 1.0,
      "marginal": -0.0,
      "lower": 0.0,
      "upper": 1.0,
      "scale": 1.0
    },
    {
      "w": "4",
      "level": 1.0,
      "marginal": -0.0,
      "lower": 0.0,
      "upper": 1.0,
      "scale": 1.0
    }
  ],
  "selected_original": [
    25,
    27,
    28
  ],
  "selection_vector": [
    0,
    0,
    0,
    0,
    0,
    0,
    0,
    0,
    0,
    0,
    0,
    0,
    0,
    0,
    0,
    0,
    0,
    0,
    0,
    0,
    0,
    0,
    0,
    0,
    0,
    1,
    0,
    1,
    1,
    0
  ],
  "importance_vector": [
    0.0,
    0.0,
    0.0,
    0.0,
    0.0,
    0.0,
    0.0,
    0.0,
    0.0,
    0.0,
    0.0,
    0.0,
    0.0,
    0.0,
    0.0,
    0.0,
    0.0,
    0.0,
    0.0,
    0.0,
    0.0,
    0.0,
    0.0,
    0.0,
    0.0,
    104.11694887333765,
    0.0,
    118.4032214846311,
    118.88619995931106,
    0.0
  ],
  "importance_vector_norm": [
    0.0,
    0.0,
    0.0,
    0.0,
    0.0,
    0.0,
    0.0,
    0.0,
    0.0,
    0.0,
    0.0,
    0.0,
    0.0,
    0.0,
    0.0,
    0.0,
    0.0,
    0.0,
    0.0,
    0.0,
    0.0,
    0.0,
    0.0,
    0.0,
    0.0,
    0.3049648686302439,
    0.0,
    0.34681022903759884,
    0.3482249023321572,
    0.0
  ],
  "selected_sensors": [
    1,
    2,
    3,
    4,
    5,
    6,
    7,
    8,
    9,
    10,
    11,
    12,
    13,
    14,
    15,
    16
  ],
  "selected_windows": [
    26,
    28,
    29
  ],
  "X_train_shape_next": [
    100,
    16,
    3
  ],
  "X_val_shape_next": [
    100,
    16,
    3
  ],
  "M_curr": 16,
  "W_curr": 4,
  "input_dim": 64,
  "orig_indices": [
    24,
    25,
    27,
    28,
    54,
    55,
    57,
    58,
    84,
    85,
    87,
    88,
    114,
    115,
    117,
    118,
    144,
    145,
    147,
    148,
    174,
    175,
    177,
    178,
    204,
    205,
    207,
    208,
    234,
    235,
    237,
    238,
    264,
    265,
    267,
    268,
    294,
    295,
    297,
    298,
    324,
    325,
    327,
    328,
    354,
    355,
    357,
    358,
    384,
    385,
    387,
    388,
    414,
    415,
    417,
    418,
    444,
    445,
    447,
    448,
    474,
    475,
    477,
    478
  ],
  "surrogate_from_baseline": false,
  "hidden_sizes": [
    10
  ],
  "mlp_mode": "mlp_transfer",
  "mlp_metrics": {
    "train_mse": 110.57220458984375,
    "val_mse": 104.08674621582031,
    "train_rmse": 10.51533188205887,
    "val_rmse": 10.202291223829102,
    "train_mae": 8.253066062927246,
    "val_mae": 8.58745002746582,
    "train_r2": -0.5805150270462036,
    "val_r2": -0.3876549005508423
  },
  "mlp_train_time": 3.449683920945972
}