{
  "iter_idx": 30,
  "n0_value": 0,
  "mode": "windows",
  "is_final_mlp": true,
  "orig_indices": [
    28,
    58,
    88,
    118,
    148,
    178,
    208,
    238,
    268,
    298,
    328,
    358,
    388,
    418,
    448,
    478
  ],
  "input_dim": 16,
  "hidden_sizes": [
    10
  ],
  "mlp_mode": "mlp_transfer",
  "mlp_metrics": {
    "train_mse": 138.93609619140625,
    "val_mse": 128.786376953125,
    "train_rmse": 11.787115685841309,
    "val_rmse": 11.348408564777927,
    "train_mae": 9.624017715454102,
    "val_mae": 9.362048149108887,
    "train_r2": -0.9859474897384644,
    "val_r2": -0.7169433832168579
  },
  "mlp_train_time": 3.4861375929322094
}