{
  "iter_idx": 16,
  "n0_value": 0,
  "mode": "sensors",
  "is_final_mlp": true,
  "orig_indices": [
    420,
    421,
    422,
    423,
    424,
    425,
    426,
    427,
    428,
    429,
    430,
    431,
    432,
    433,
    434,
    435,
    436,
    437,
    438,
    439,
    440,
    441,
    442,
    443,
    444,
    445,
    446,
    447,
    448,
    449
  ],
  "input_dim": 30,
  "hidden_sizes": [
    10,
    10,
    10
  ],
  "mlp_mode": "mlp_transfer",
  "mlp_metrics": {
    "train_mse": 157.9443817138672,
    "val_mse": 117.62842559814453,
    "train_rmse": 12.567592518611796,
    "val_rmse": 10.845663907670408,
    "train_mae": 10.280165672302246,
    "val_mae": 8.925783157348633,
    "train_r2": -1.1729238033294678,
    "val_r2": -0.7459255456924438
  },
  "mlp_train_time": 3.8392546239774674
}