{
  "dataset_id": "FAKE_DATASET",
  "source": "synthetic",
  "split": {
    "val_ratio": 0.1,
    "seed": 2026,
    "train_units": [
      47,
      77,
      76,
      20,
      89,
      45,
      26,
      52,
      71,
      36,
      74,
      48,
      49,
      30,
      75,
      86,
      15,
      16,
      3,
      4,
      34,
      73,
      10,
      23,
      58,
      9,
      61,
      53,
      19,
      70,
      6,
      40,
      33,
      44,
      59,
      39,
      31,
      38,
      83,
      68,
      8,
      69,
      81,
      78,
      29,
      90,
      7,
      63,
      42,
      82,
      88,
      62,
      84,
      46,
      60,
      2,
      95,
      12,
      99,
      97,
      57,
      66,
      22,
      91,
      100,
      87,
      55,
      28,
      67,
      21,
      37,
      54,
      1,
      25,
      51,
      50,
      14,
      35,
      80,
      79,
      24,
      94,
      93,
      41,
      72,
      27,
      96,
      64,
      5,
      43
    ],
    "val_units": [
      17,
      18,
      98,
      11,
      92,
      32,
      13,
      65,
      85,
      56
    ],
    "n_units_total": 100,
    "n_units_train": 90,
    "n_units_val": 10
  },
  "windowing": {
    "seq_len": 10,
    "step": 1,
    "X_train_mw_shape": [
      3014,
      5,
      10
    ],
    "X_val_mw_shape": [
      319,
      5,
      10
    ]
  },
  "features": {
    "kept_sensors": [
      "s1",
      "s2",
      "s3",
      "s4",
      "s5"
    ],
    "dropped_sensors": [
      "s6",
      "s7",
      "s8",
      "s9",
      "s10",
      "s11",
      "s12",
      "s13",
      "s14",
      "s15",
      "s16",
      "s17",
      "s18",
      "s19",
      "s20",
      "s21"
    ],
    "notes": "kept_sensors are a subset of s1..s21"
  },
  "scaler": {
    "type": "zscore_numpy",
    "mean_": [
      0.2405289262533188,
      0.2386249452829361,
      0.23453651368618011,
      0.22737379372119904,
      0.21868009865283966,
      0.207511305809021,
      0.1941249668598175,
      0.17989131808280945,
      0.16339930891990662,
      0.14567343890666962,
      0.23306521773338318,
      0.2368021458387375,
      0.239934504032135,
      0.23983024060726166,
      0.23880654573440552,
      0.23584632575511932,
      0.2324761301279068,
      0.2267676144838333,
      0.22060950100421906,
      0.2132350653409958,
      0.5164623260498047,
      0.523770809173584,
      0.5276405215263367,
      0.529350221157074,
      0.5285407304763794,
      0.5257744789123535,
      0.520252525806427,
      0.5133107304573059,
      0.5037620663642883,
      0.49377602338790894,
      0.2916712462902069,
      0.2911874055862427,
      0.2884993255138397,
      0.28276580572128296,
      0.27478113770484924,
      0.2643970251083374,
      0.2523810863494873,
      0.23878109455108643,
      0.22361917793750763,
      0.20741017162799835,
      0.31206032633781433,
      0.31632187962532043,
      0.3182244598865509,
      0.31783488392829895,
      0.31486839056015015,
      0.3108786940574646,
      0.3041672706604004,
      0.29567089676856995,
      0.2866251468658447,
      0.27542972564697266
    ],
    "scale_": [
      1.061970591545105,
      1.0681936740875244,
      1.0742701292037964,
      1.082170009613037,
      1.0892364978790283,
      1.0962862968444824,
      1.1027103662490845,
      1.1099807024002075,
      1.1162747144699097,
      1.1216906309127808,
      1.2038488388061523,
      1.2141469717025757,
      1.2238881587982178,
      1.2344106435775757,
      1.2454155683517456,
      1.2572287321090698,
      1.2682116031646729,
      1.279824137687683,
      1.2910274267196655,
      1.3021955490112305,
      1.073630452156067,
      1.0770418643951416,
      1.0807819366455078,
      1.084780216217041,
      1.0901916027069092,
      1.09590482711792,
      1.1031237840652466,
      1.1099777221679688,
      1.117605209350586,
      1.1261578798294067,
      1.0872308015823364,
      1.09531569480896,
      1.10421621799469,
      1.1131879091262817,
      1.1225249767303467,
      1.1310518980026245,
      1.1392234563827515,
      1.1475861072540283,
      1.1557934284210205,
      1.163957118988037,
      1.1889721155166626,
      1.19821035861969,
      1.2082476615905762,
      1.219368577003479,
      1.2302660942077637,
      1.2404612302780151,
      1.2505699396133423,
      1.2604715824127197,
      1.2699068784713745,
      1.2793715000152588
    ],
    "n_features_in_": 50,
    "notes": "mean/std computed over X_train_mw across samples, per (sensor, window) entry"
  },
  "target": "RUL",
  "notes": {
    "rul_definition": "RUL = max_cycle(unit) - cycle (synthetic, per unit)",
    "normalization_fit": "train split only",
    "constant_sensor_rule": "not applied (synthetic)",
    "test_set_used": false
  },
  "structure": {
    "n_sensors": 5,
    "window_length": 10,
    "n_features_flat": 50,
    "flatten_order": "mw (sensor-major): m_idx = sensor_idx*W + window_idx"
  },
  "feature_mapping": {
    "flat_to_sensor_1based": [
      1,
      1,
      1,
      1,
      1,
      1,
      1,
      1,
      1,
      1,
      2,
      2,
      2,
      2,
      2,
      2,
      2,
      2,
      2,
      2,
      3,
      3,
      3,
      3,
      3,
      3,
      3,
      3,
      3,
      3,
      4,
      4,
      4,
      4,
      4,
      4,
      4,
      4,
      4,
      4,
      5,
      5,
      5,
      5,
      5,
      5,
      5,
      5,
      5,
      5
    ],
    "flat_to_window_1based": [
      1,
      2,
      3,
      4,
      5,
      6,
      7,
      8,
      9,
      10,
      1,
      2,
      3,
      4,
      5,
      6,
      7,
      8,
      9,
      10,
      1,
      2,
      3,
      4,
      5,
      6,
      7,
      8,
      9,
      10,
      1,
      2,
      3,
      4,
      5,
      6,
      7,
      8,
      9,
      10,
      1,
      2,
      3,
      4,
      5,
      6,
      7,
      8,
      9,
      10
    ],
    "flat_sensor_key": [
      "s1",
      "s1",
      "s1",
      "s1",
      "s1",
      "s1",
      "s1",
      "s1",
      "s1",
      "s1",
      "s2",
      "s2",
      "s2",
      "s2",
      "s2",
      "s2",
      "s2",
      "s2",
      "s2",
      "s2",
      "s3",
      "s3",
      "s3",
      "s3",
      "s3",
      "s3",
      "s3",
      "s3",
      "s3",
      "s3",
      "s4",
      "s4",
      "s4",
      "s4",
      "s4",
      "s4",
      "s4",
      "s4",
      "s4",
      "s4",
      "s5",
      "s5",
      "s5",
      "s5",
      "s5",
      "s5",
      "s5",
      "s5",
      "s5",
      "s5"
    ]
  },
  "synthetic_generation": {
    "n_units": 100,
    "min_cycles": 25,
    "max_cycles": 60,
    "noise_std": 0.05,
    "seed": 2026
  }
}