{
  "iter_idx": 27,
  "n0_value": 3,
  "mode": "windows",
  "baseline_mode": "capped",
  "baseline_slack": 0.0,
  "baseline_mae_clusters": 7.574687386641324,
  "baseline_mae_floor": 7.574687386641324,
  "summary_1": [
    {
      "Solver Status": "Normal",
      "Model Status": "OptimalGlobal",
      "Objective": 5.24690713031374,
      "Num of Equations": 6236,
      "Num of Variables": 4689,
      "Model Type": "MIP",
      "Solver": "GUROBI",
      "Solver Time": 0.698
    }
  ],
  "summary_2": [
    {
      "Solver Status": "Normal",
      "Model Status": "OptimalGlobal",
      "Objective": 7.57468738664133,
      "Num of Equations": 9597,
      "Num of Variables": 6379,
      "Model Type": "MIP",
      "Solver": "GUROBI",
      "Solver Time": 22.094
    }
  ],
  "selection_df": [
    {
      "w": "1",
      "level": 0.0,
      "marginal": -0.0,
      "lower": 0.0,
      "upper": 1.0,
      "scale": 1.0
    },
    {
      "w": "2",
      "level": 1.0,
      "marginal": -0.0,
      "lower": 0.0,
      "upper": 1.0,
      "scale": 1.0
    },
    {
      "w": "3",
      "level": 1.0,
      "marginal": -0.0,
      "lower": 0.0,
      "upper": 1.0,
      "scale": 1.0
    },
    {
      "w": "4",
      "level": 1.0,
      "marginal": -0.0,
      "lower": 0.0,
      "upper": 1.0,
      "scale": 1.0
    }
  ],
  "selected_original": [
    24,
    25,
    28
  ],
  "selection_vector": [
    0,
    0,
    0,
    0,
    0,
    0,
    0,
    0,
    0,
    0,
    0,
    0,
    0,
    0,
    0,
    0,
    0,
    0,
    0,
    0,
    0,
    0,
    0,
    0,
    1,
    1,
    0,
    0,
    1,
    0
  ],
  "importance_vector": [
    0.0,
    0.0,
    0.0,
    0.0,
    0.0,
    0.0,
    0.0,
    0.0,
    0.0,
    0.0,
    0.0,
    0.0,
    0.0,
    0.0,
    0.0,
    0.0,
    0.0,
    0.0,
    0.0,
    0.0,
    0.0,
    0.0,
    0.0,
    0.0,
    64.95668205007595,
    62.671567961751585,
    0.0,
    0.0,
    77.28261932142986,
    0.0
  ],
  "importance_vector_norm": [
    0.0,
    0.0,
    0.0,
    0.0,
    0.0,
    0.0,
    0.0,
    0.0,
    0.0,
    0.0,
    0.0,
    0.0,
    0.0,
    0.0,
    0.0,
    0.0,
    0.0,
    0.0,
    0.0,
    0.0,
    0.0,
    0.0,
    0.0,
    0.0,
    0.3169996899697569,
    0.3058479433798385,
    0.0,
    0.0,
    0.37715236665040475,
    0.0
  ],
  "selected_sensors": [
    1,
    2,
    3,
    4,
    5,
    6,
    7,
    8,
    9,
    10,
    11,
    12,
    13,
    14,
    15,
    16,
    17,
    18,
    19,
    20,
    21
  ],
  "selected_windows": [
    25,
    26,
    29
  ],
  "X_train_shape_next": [
    100,
    21,
    3
  ],
  "X_val_shape_next": [
    100,
    21,
    3
  ],
  "M_curr": 21,
  "W_curr": 4,
  "input_dim": 84,
  "orig_indices": [
    9,
    24,
    25,
    28,
    39,
    54,
    55,
    58,
    69,
    84,
    85,
    88,
    99,
    114,
    115,
    118,
    129,
    144,
    145,
    148,
    159,
    174,
    175,
    178,
    189,
    204,
    205,
    208,
    219,
    234,
    235,
    238,
    249,
    264,
    265,
    268,
    279,
    294,
    295,
    298,
    309,
    324,
    325,
    328,
    339,
    354,
    355,
    358,
    369,
    384,
    385,
    388,
    399,
    414,
    415,
    418,
    429,
    444,
    445,
    448,
    459,
    474,
    475,
    478,
    489,
    504,
    505,
    508,
    519,
    534,
    535,
    538,
    549,
    564,
    565,
    568,
    579,
    594,
    595,
    598,
    609,
    624,
    625,
    628
  ],
  "surrogate_from_baseline": false,
  "hidden_sizes": [
    10,
    10,
    10
  ],
  "mlp_mode": "mlp_transfer",
  "mlp_metrics": {
    "train_mse": 61.99837875366211,
    "val_mse": 86.49246978759766,
    "train_rmse": 7.873904924093388,
    "val_rmse": 9.300132783331518,
    "train_mae": 6.44716739654541,
    "val_mae": 7.515872001647949,
    "train_r2": 0.2494470477104187,
    "val_r2": -0.13121795654296875
  },
  "mlp_train_time": 3.466968138003722
}