{
  "iter_idx": 30,
  "n0_value": 0,
  "mode": "windows",
  "is_final_mlp": true,
  "orig_indices": [
    28,
    58,
    88,
    118,
    148,
    178,
    208,
    238,
    268,
    298,
    328,
    358,
    388,
    418,
    448,
    478,
    508,
    538,
    568,
    598,
    628
  ],
  "input_dim": 21,
  "hidden_sizes": [
    10,
    10,
    10
  ],
  "mlp_mode": "mlp_transfer",
  "mlp_metrics": {
    "train_mse": 172.33168029785156,
    "val_mse": 187.58929443359375,
    "train_rmse": 13.12751615111753,
    "val_rmse": 13.696324121222956,
    "train_mae": 10.977089881896973,
    "val_mae": 11.381242752075195,
    "train_r2": -1.0862488746643066,
    "val_r2": -1.4534435272216797
  },
  "mlp_train_time": 3.5141914831474423
}