{
  "iter_idx": 28,
  "n0_value": 2,
  "mode": "windows",
  "baseline_mode": "capped",
  "baseline_slack": 0.0,
  "baseline_mae_clusters": 7.574687386641324,
  "baseline_mae_floor": 7.574687386641324,
  "summary_1": [
    {
      "Solver Status": "Normal",
      "Model Status": "OptimalGlobal",
      "Objective": 7.5806216455228,
      "Num of Equations": 6215,
      "Num of Variables": 4667,
      "Model Type": "MIP",
      "Solver": "GUROBI",
      "Solver Time": 0.427
    }
  ],
  "summary_2": [
    {
      "Solver Status": "Normal",
      "Model Status": "OptimalGlobal",
      "Objective": 7.57468738664133,
      "Num of Equations": 8736,
      "Num of Variables": 5937,
      "Model Type": "MIP",
      "Solver": "GUROBI",
      "Solver Time": 4.703
    }
  ],
  "selection_df": [
    {
      "w": "1",
      "level": 0.0,
      "marginal": -0.0,
      "lower": 0.0,
      "upper": 1.0,
      "scale": 1.0
    },
    {
      "w": "2",
      "level": 1.0,
      "marginal": -0.0,
      "lower": 0.0,
      "upper": 1.0,
      "scale": 1.0
    },
    {
      "w": "3",
      "level": 1.0,
      "marginal": -0.0,
      "lower": 0.0,
      "upper": 1.0,
      "scale": 1.0
    }
  ],
  "selected_original": [
    25,
    28
  ],
  "selection_vector": [
    0,
    0,
    0,
    0,
    0,
    0,
    0,
    0,
    0,
    0,
    0,
    0,
    0,
    0,
    0,
    0,
    0,
    0,
    0,
    0,
    0,
    0,
    0,
    0,
    0,
    1,
    0,
    0,
    1,
    0
  ],
  "importance_vector": [
    0.0,
    0.0,
    0.0,
    0.0,
    0.0,
    0.0,
    0.0,
    0.0,
    0.0,
    0.0,
    0.0,
    0.0,
    0.0,
    0.0,
    0.0,
    0.0,
    0.0,
    0.0,
    0.0,
    0.0,
    0.0,
    0.0,
    0.0,
    0.0,
    0.0,
    72.94741696461863,
    0.0,
    0.0,
    84.85992550360774,
    0.0
  ],
  "importance_vector_norm": [
    0.0,
    0.0,
    0.0,
    0.0,
    0.0,
    0.0,
    0.0,
    0.0,
    0.0,
    0.0,
    0.0,
    0.0,
    0.0,
    0.0,
    0.0,
    0.0,
    0.0,
    0.0,
    0.0,
    0.0,
    0.0,
    0.0,
    0.0,
    0.0,
    0.0,
    0.4622561651673856,
    0.0,
    0.0,
    0.5377438348326145,
    0.0
  ],
  "selected_sensors": [
    1,
    2,
    3,
    4,
    5,
    6,
    7,
    8,
    9,
    10,
    11,
    12,
    13,
    14,
    15,
    16,
    17,
    18,
    19,
    20,
    21
  ],
  "selected_windows": [
    26,
    29
  ],
  "X_train_shape_next": [
    100,
    21,
    2
  ],
  "X_val_shape_next": [
    100,
    21,
    2
  ],
  "M_curr": 21,
  "W_curr": 3,
  "input_dim": 63,
  "orig_indices": [
    24,
    25,
    28,
    54,
    55,
    58,
    84,
    85,
    88,
    114,
    115,
    118,
    144,
    145,
    148,
    174,
    175,
    178,
    204,
    205,
    208,
    234,
    235,
    238,
    264,
    265,
    268,
    294,
    295,
    298,
    324,
    325,
    328,
    354,
    355,
    358,
    384,
    385,
    388,
    414,
    415,
    418,
    444,
    445,
    448,
    474,
    475,
    478,
    504,
    505,
    508,
    534,
    535,
    538,
    564,
    565,
    568,
    594,
    595,
    598,
    624,
    625,
    628
  ],
  "surrogate_from_baseline": false,
  "hidden_sizes": [
    10,
    10,
    10
  ],
  "mlp_mode": "mlp_transfer",
  "mlp_metrics": {
    "train_mse": 64.34790802001953,
    "val_mse": 82.72443389892578,
    "train_rmse": 8.021714780520405,
    "val_rmse": 9.09529735077011,
    "train_mae": 6.522709369659424,
    "val_mae": 7.10195255279541,
    "train_r2": 0.22100359201431274,
    "val_r2": -0.08193659782409668
  },
  "mlp_train_time": 3.4648819861467928
}