{
  "iter_idx": 27,
  "n0_value": 3,
  "mode": "windows",
  "baseline_mode": "capped",
  "baseline_slack": 0.0,
  "baseline_mae_clusters": 6.503801093725804,
  "baseline_mae_floor": 6.503801093725804,
  "summary_1": [
    {
      "Solver Status": "Normal",
      "Model Status": "OptimalGlobal",
      "Objective": 5.15326280731546,
      "Num of Equations": 4216,
      "Num of Variables": 3169,
      "Model Type": "MIP",
      "Solver": "GUROBI",
      "Solver Time": 0.104
    }
  ],
  "summary_2": [
    {
      "Solver Status": "Normal",
      "Model Status": "OptimalGlobal",
      "Objective": 6.5038010937258,
      "Num of Equations": 6777,
      "Num of Variables": 4459,
      "Model Type": "MIP",
      "Solver": "GUROBI",
      "Solver Time": 19.185
    }
  ],
  "selection_df": [
    {
      "w": "1",
      "level": 0.0,
      "marginal": -0.0,
      "lower": 0.0,
      "upper": 1.0,
      "scale": 1.0
    },
    {
      "w": "2",
      "level": 1.0,
      "marginal": -0.0,
      "lower": 0.0,
      "upper": 1.0,
      "scale": 1.0
    },
    {
      "w": "3",
      "level": 1.0,
      "marginal": -0.0,
      "lower": 0.0,
      "upper": 1.0,
      "scale": 1.0
    },
    {
      "w": "4",
      "level": 1.0,
      "marginal": -0.0,
      "lower": 0.0,
      "upper": 1.0,
      "scale": 1.0
    }
  ],
  "selected_original": [
    27,
    28,
    29
  ],
  "selection_vector": [
    0,
    0,
    0,
    0,
    0,
    0,
    0,
    0,
    0,
    0,
    0,
    0,
    0,
    0,
    0,
    0,
    0,
    0,
    0,
    0,
    0,
    0,
    0,
    0,
    0,
    0,
    0,
    1,
    1,
    1
  ],
  "importance_vector": [
    0.0,
    0.0,
    0.0,
    0.0,
    0.0,
    0.0,
    0.0,
    0.0,
    0.0,
    0.0,
    0.0,
    0.0,
    0.0,
    0.0,
    0.0,
    0.0,
    0.0,
    0.0,
    0.0,
    0.0,
    0.0,
    0.0,
    0.0,
    0.0,
    0.0,
    0.0,
    0.0,
    68.31082870572564,
    63.35263850292143,
    68.3655141095751
  ],
  "importance_vector_norm": [
    0.0,
    0.0,
    0.0,
    0.0,
    0.0,
    0.0,
    0.0,
    0.0,
    0.0,
    0.0,
    0.0,
    0.0,
    0.0,
    0.0,
    0.0,
    0.0,
    0.0,
    0.0,
    0.0,
    0.0,
    0.0,
    0.0,
    0.0,
    0.0,
    0.0,
    0.0,
    0.0,
    0.3415046572528972,
    0.316717298090595,
    0.3417780446565078
  ],
  "selected_sensors": [
    1,
    2,
    3,
    4,
    5,
    6,
    7,
    8,
    9,
    10,
    11,
    12,
    13,
    14,
    15,
    16
  ],
  "selected_windows": [
    28,
    29,
    30
  ],
  "X_train_shape_next": [
    100,
    16,
    3
  ],
  "X_val_shape_next": [
    100,
    16,
    3
  ],
  "M_curr": 16,
  "W_curr": 4,
  "input_dim": 64,
  "orig_indices": [
    24,
    27,
    28,
    29,
    54,
    57,
    58,
    59,
    84,
    87,
    88,
    89,
    114,
    117,
    118,
    119,
    144,
    147,
    148,
    149,
    174,
    177,
    178,
    179,
    204,
    207,
    208,
    209,
    234,
    237,
    238,
    239,
    264,
    267,
    268,
    269,
    294,
    297,
    298,
    299,
    324,
    327,
    328,
    329,
    354,
    357,
    358,
    359,
    384,
    387,
    388,
    389,
    414,
    417,
    418,
    419,
    444,
    447,
    448,
    449,
    474,
    477,
    478,
    479
  ],
  "surrogate_from_baseline": false,
  "hidden_sizes": [
    10,
    10
  ],
  "mlp_mode": "mlp_transfer",
  "mlp_metrics": {
    "train_mse": 51.218727111816406,
    "val_mse": 70.1073226928711,
    "train_rmse": 7.156726005081961,
    "val_rmse": 8.373011566507662,
    "train_mae": 5.853264808654785,
    "val_mae": 6.7819671630859375,
    "train_r2": 0.2655876874923706,
    "val_r2": -0.025026798248291016
  },
  "mlp_train_time": 3.4090419970452785
}