{
  "iter_idx": 30,
  "n0_value": 0,
  "mode": "windows",
  "is_final_mlp": true,
  "orig_indices": [
    29,
    59,
    89,
    119,
    149,
    179,
    209,
    239,
    269,
    299,
    329,
    359,
    389,
    419,
    449,
    479
  ],
  "input_dim": 16,
  "hidden_sizes": [
    10,
    10
  ],
  "mlp_mode": "mlp_transfer",
  "mlp_metrics": {
    "train_mse": 74.88322448730469,
    "val_mse": 98.4831314086914,
    "train_rmse": 8.653509374080823,
    "val_rmse": 9.923866756899319,
    "train_mae": 6.941320419311523,
    "val_mae": 8.148386001586914,
    "train_r2": -0.07373154163360596,
    "val_r2": -0.4399045705795288
  },
  "mlp_train_time": 3.4746748202014714
}