{
  "iter_idx": 28,
  "n0_value": 2,
  "mode": "windows",
  "baseline_mode": "capped",
  "baseline_slack": 0.0,
  "baseline_mae_clusters": 6.503801093725804,
  "baseline_mae_floor": 6.503801093725804,
  "summary_1": [
    {
      "Solver Status": "Normal",
      "Model Status": "OptimalGlobal",
      "Objective": 6.03377905628687,
      "Num of Equations": 4200,
      "Num of Variables": 3152,
      "Model Type": "MIP",
      "Solver": "GUROBI",
      "Solver Time": 0.065
    }
  ],
  "summary_2": [
    {
      "Solver Status": "Normal",
      "Model Status": "OptimalGlobal",
      "Objective": 6.50380109372581,
      "Num of Equations": 6121,
      "Num of Variables": 4122,
      "Model Type": "MIP",
      "Solver": "GUROBI",
      "Solver Time": 2.442
    }
  ],
  "selection_df": [
    {
      "w": "1",
      "level": 0.0,
      "marginal": -0.0,
      "lower": 0.0,
      "upper": 1.0,
      "scale": 1.0
    },
    {
      "w": "2",
      "level": 1.0,
      "marginal": -0.0,
      "lower": 0.0,
      "upper": 1.0,
      "scale": 1.0
    },
    {
      "w": "3",
      "level": 1.0,
      "marginal": -0.0,
      "lower": 0.0,
      "upper": 1.0,
      "scale": 1.0
    }
  ],
  "selected_original": [
    28,
    29
  ],
  "selection_vector": [
    0,
    0,
    0,
    0,
    0,
    0,
    0,
    0,
    0,
    0,
    0,
    0,
    0,
    0,
    0,
    0,
    0,
    0,
    0,
    0,
    0,
    0,
    0,
    0,
    0,
    0,
    0,
    0,
    1,
    1
  ],
  "importance_vector": [
    0.0,
    0.0,
    0.0,
    0.0,
    0.0,
    0.0,
    0.0,
    0.0,
    0.0,
    0.0,
    0.0,
    0.0,
    0.0,
    0.0,
    0.0,
    0.0,
    0.0,
    0.0,
    0.0,
    0.0,
    0.0,
    0.0,
    0.0,
    0.0,
    0.0,
    0.0,
    0.0,
    0.0,
    60.02016599905777,
    62.33796120866773
  ],
  "importance_vector_norm": [
    0.0,
    0.0,
    0.0,
    0.0,
    0.0,
    0.0,
    0.0,
    0.0,
    0.0,
    0.0,
    0.0,
    0.0,
    0.0,
    0.0,
    0.0,
    0.0,
    0.0,
    0.0,
    0.0,
    0.0,
    0.0,
    0.0,
    0.0,
    0.0,
    0.0,
    0.0,
    0.0,
    0.0,
    0.4905286421813442,
    0.5094713578186559
  ],
  "selected_sensors": [
    1,
    2,
    3,
    4,
    5,
    6,
    7,
    8,
    9,
    10,
    11,
    12,
    13,
    14,
    15,
    16
  ],
  "selected_windows": [
    29,
    30
  ],
  "X_train_shape_next": [
    100,
    16,
    2
  ],
  "X_val_shape_next": [
    100,
    16,
    2
  ],
  "M_curr": 16,
  "W_curr": 3,
  "input_dim": 48,
  "orig_indices": [
    27,
    28,
    29,
    57,
    58,
    59,
    87,
    88,
    89,
    117,
    118,
    119,
    147,
    148,
    149,
    177,
    178,
    179,
    207,
    208,
    209,
    237,
    238,
    239,
    267,
    268,
    269,
    297,
    298,
    299,
    327,
    328,
    329,
    357,
    358,
    359,
    387,
    388,
    389,
    417,
    418,
    419,
    447,
    448,
    449,
    477,
    478,
    479
  ],
  "surrogate_from_baseline": false,
  "hidden_sizes": [
    10,
    10
  ],
  "mlp_mode": "mlp_transfer",
  "mlp_metrics": {
    "train_mse": 59.121482849121094,
    "val_mse": 78.85828399658203,
    "train_rmse": 7.6890495413361135,
    "val_rmse": 8.880218690808354,
    "train_mae": 6.304285049438477,
    "val_mae": 7.236319065093994,
    "train_r2": 0.1522720456123352,
    "val_r2": -0.15297317504882812
  },
  "mlp_train_time": 3.489104564068839
}