{
  "iter_idx": 15,
  "n0_value": 0,
  "mode": "sensors",
  "is_final_mlp": true,
  "orig_indices": [
    210,
    211,
    212,
    213,
    214,
    215,
    216,
    217,
    218,
    219,
    220,
    221,
    222,
    223,
    224,
    225,
    226,
    227,
    228,
    229,
    230,
    231,
    232,
    233,
    234,
    235,
    236,
    237,
    238,
    239
  ],
  "input_dim": 30,
  "hidden_sizes": [
    10,
    10
  ],
  "mlp_mode": "mlp_transfer",
  "mlp_metrics": {
    "train_mse": 31.290678024291992,
    "val_mse": 51.14451599121094,
    "train_rmse": 5.593807113611622,
    "val_rmse": 7.15153941408498,
    "train_mae": 4.310522079467773,
    "val_mae": 5.7913737297058105,
    "train_r2": 0.5643811225891113,
    "val_r2": 0.27660924196243286
  },
  "mlp_train_time": 3.568209085147828
}