{
  "loss": [
    13271.54296875,
    3832.493408203125,
    3279.800537109375,
    2907.71240234375,
    2619.876708984375,
    2441.185791015625,
    2326.21435546875,
    2234.9033203125,
    2154.914306640625,
    2083.662109375,
    2022.8236083984375,
    1971.7344970703125,
    1929.99365234375,
    1895.0843505859375,
    1864.7720947265625,
    1839.4429931640625,
    1817.22021484375,
    1797.8551025390625,
    1781.3341064453125,
    1765.3677978515625,
    1750.97021484375,
    1738.3916015625,
    1725.9498291015625,
    1715.070556640625,
    1704.7740478515625,
    1695.2813720703125,
    1685.0780029296875,
    1675.9027099609375,
    1667.43359375,
    1659.3076171875
  ],
  "mae": [
    86.89639282226562,
    45.03092956542969,
    40.82258224487305,
    37.62964630126953,
    35.37682342529297,
    34.04740524291992,
    33.209049224853516,
    32.53823471069336,
    31.842571258544922,
    31.144689559936523,
    30.53702163696289,
    30.018333435058594,
    29.56438636779785,
    29.224040985107422,
    28.940994262695312,
    28.714366912841797,
    28.52252197265625,
    28.346088409423828,
    28.201831817626953,
    28.054548263549805,
    27.92965316772461,
    27.81486701965332,
    27.711347579956055,
    27.618392944335938,
    27.52798843383789,
    27.453105926513672,
    27.366804122924805,
    27.28487205505371,
    27.207612991333008,
    27.13208770751953
  ],
  "val_loss": [
    2756.526123046875,
    2229.57080078125,
    2010.32958984375,
    1891.8040771484375,
    1862.4232177734375,
    1847.0126953125,
    1855.9508056640625,
    1862.6640625,
    1855.837646484375,
    1859.2279052734375,
    1870.2529296875,
    1861.3992919921875,
    1854.603759765625,
    1874.6962890625,
    1886.24951171875,
    1888.6929931640625,
    1894.8631591796875,
    1892.055419921875,
    1904.7896728515625,
    1906.8802490234375,
    1914.08203125,
    1930.9957275390625,
    1928.124267578125,
    1927.4293212890625,
    1944.8995361328125,
    1950.1700439453125,
    1946.999755859375,
    1949.296142578125,
    1950.26025390625,
    1948.1983642578125
  ],
  "val_mae": [
    39.75666046142578,
    36.6648063659668,
    34.165916442871094,
    31.852733612060547,
    30.677820205688477,
    30.034748077392578,
    29.795589447021484,
    29.554649353027344,
    29.099498748779297,
    28.645212173461914,
    28.480514526367188,
    28.232833862304688,
    28.124858856201172,
    28.153623580932617,
    28.148090362548828,
    28.104991912841797,
    28.1350040435791,
    28.059446334838867,
    28.126354217529297,
    28.110326766967773,
    28.17116355895996,
    28.302946090698242,
    28.23029327392578,
    28.197233200073242,
    28.307859420776367,
    28.313152313232422,
    28.241182327270508,
    28.197904586791992,
    28.18026351928711,
    28.130691528320312
  ]
}