{
  "iter_idx": 30,
  "n0_value": 0,
  "mode": "windows",
  "is_final_mlp": true,
  "orig_indices": [
    29,
    59,
    89,
    119,
    149,
    179,
    209,
    239,
    269,
    299,
    329,
    359,
    389,
    419,
    449
  ],
  "input_dim": 15,
  "hidden_sizes": [
    10,
    10
  ],
  "mlp_mode": "mlp_transfer",
  "mlp_metrics": {
    "train_mse": 22.571130752563477,
    "val_mse": 60.98296356201172,
    "train_rmse": 4.750908413405112,
    "val_rmse": 7.809158953562907,
    "train_mae": 3.712205410003662,
    "val_mae": 5.4191575050354,
    "train_r2": 0.6763582825660706,
    "val_r2": 0.10837876796722412
  },
  "mlp_train_time": 3.5073837970849127
}