{
  "iter_idx": 28,
  "n0_value": 2,
  "mode": "windows",
  "baseline_mode": "capped",
  "baseline_slack": 0.0,
  "baseline_mae_clusters": 3.5875921910096817,
  "baseline_mae_floor": 3.5875921910096817,
  "summary_1": [
    {
      "Solver Status": "Normal",
      "Model Status": "OptimalGlobal",
      "Objective": 3.47367710032549,
      "Num of Equations": 4197,
      "Num of Variables": 3149,
      "Model Type": "MIP",
      "Solver": "GUROBI",
      "Solver Time": 0.312
    }
  ],
  "summary_2": [
    {
      "Solver Status": "Normal",
      "Model Status": "OptimalGlobal",
      "Objective": 3.58759219100968,
      "Num of Equations": 5998,
      "Num of Variables": 4059,
      "Model Type": "MIP",
      "Solver": "GUROBI",
      "Solver Time": 8.612
    }
  ],
  "selection_df": [
    {
      "w": "1",
      "level": 0.0,
      "marginal": -0.0,
      "lower": 0.0,
      "upper": 1.0,
      "scale": 1.0
    },
    {
      "w": "2",
      "level": 1.0,
      "marginal": -0.0,
      "lower": 0.0,
      "upper": 1.0,
      "scale": 1.0
    },
    {
      "w": "3",
      "level": 1.0,
      "marginal": -0.0,
      "lower": 0.0,
      "upper": 1.0,
      "scale": 1.0
    }
  ],
  "selected_original": [
    10,
    29
  ],
  "selection_vector": [
    0,
    0,
    0,
    0,
    0,
    0,
    0,
    0,
    0,
    0,
    1,
    0,
    0,
    0,
    0,
    0,
    0,
    0,
    0,
    0,
    0,
    0,
    0,
    0,
    0,
    0,
    0,
    0,
    0,
    1
  ],
  "importance_vector": [
    0.0,
    0.0,
    0.0,
    0.0,
    0.0,
    0.0,
    0.0,
    0.0,
    0.0,
    0.0,
    30.421461939065473,
    0.0,
    0.0,
    0.0,
    0.0,
    0.0,
    0.0,
    0.0,
    0.0,
    0.0,
    0.0,
    0.0,
    0.0,
    0.0,
    0.0,
    0.0,
    0.0,
    0.0,
    0.0,
    46.51987729838985
  ],
  "importance_vector_norm": [
    0.0,
    0.0,
    0.0,
    0.0,
    0.0,
    0.0,
    0.0,
    0.0,
    0.0,
    0.0,
    0.39538513678815973,
    0.0,
    0.0,
    0.0,
    0.0,
    0.0,
    0.0,
    0.0,
    0.0,
    0.0,
    0.0,
    0.0,
    0.0,
    0.0,
    0.0,
    0.0,
    0.0,
    0.0,
    0.0,
    0.6046148632118403
  ],
  "selected_sensors": [
    1,
    2,
    3,
    4,
    5,
    6,
    7,
    8,
    9,
    10,
    11,
    12,
    13,
    14,
    15
  ],
  "selected_windows": [
    11,
    30
  ],
  "X_train_shape_next": [
    100,
    15,
    2
  ],
  "X_val_shape_next": [
    100,
    15,
    2
  ],
  "M_curr": 15,
  "W_curr": 3,
  "input_dim": 45,
  "orig_indices": [
    3,
    10,
    29,
    33,
    40,
    59,
    63,
    70,
    89,
    93,
    100,
    119,
    123,
    130,
    149,
    153,
    160,
    179,
    183,
    190,
    209,
    213,
    220,
    239,
    243,
    250,
    269,
    273,
    280,
    299,
    303,
    310,
    329,
    333,
    340,
    359,
    363,
    370,
    389,
    393,
    400,
    419,
    423,
    430,
    449
  ],
  "surrogate_from_baseline": false,
  "hidden_sizes": [
    10,
    10
  ],
  "mlp_mode": "mlp_transfer",
  "mlp_metrics": {
    "train_mse": 20.42438507080078,
    "val_mse": 59.06216812133789,
    "train_rmse": 4.519334582745648,
    "val_rmse": 7.685191482411996,
    "train_mae": 3.4963386058807373,
    "val_mae": 5.0367817878723145,
    "train_r2": 0.7071399092674255,
    "val_r2": 0.13646239042282104
  },
  "mlp_train_time": 3.4939471690449864
}