{
  "iter_idx": 27,
  "n0_value": 3,
  "mode": "windows",
  "baseline_mode": "capped",
  "baseline_slack": 0.0,
  "baseline_mae_clusters": 3.5875921910096817,
  "baseline_mae_floor": 3.5875921910096817,
  "summary_1": [
    {
      "Solver Status": "Normal",
      "Model Status": "OptimalGlobal",
      "Objective": 3.26172668084721,
      "Num of Equations": 4212,
      "Num of Variables": 3165,
      "Model Type": "MIP",
      "Solver": "GUROBI",
      "Solver Time": 0.419
    }
  ],
  "summary_2": [
    {
      "Solver Status": "Normal",
      "Model Status": "OptimalGlobal",
      "Objective": 3.58759219100968,
      "Num of Equations": 6613,
      "Num of Variables": 4375,
      "Model Type": "MIP",
      "Solver": "GUROBI",
      "Solver Time": 7.743
    }
  ],
  "selection_df": [
    {
      "w": "1",
      "level": 1.0,
      "marginal": -0.0,
      "lower": 0.0,
      "upper": 1.0,
      "scale": 1.0
    },
    {
      "w": "2",
      "level": 0.0,
      "marginal": -0.0,
      "lower": 0.0,
      "upper": 1.0,
      "scale": 1.0
    },
    {
      "w": "3",
      "level": 1.0,
      "marginal": -0.0,
      "lower": 0.0,
      "upper": 1.0,
      "scale": 1.0
    },
    {
      "w": "4",
      "level": 1.0,
      "marginal": -0.0,
      "lower": 0.0,
      "upper": 1.0,
      "scale": 1.0
    }
  ],
  "selected_original": [
    3,
    10,
    29
  ],
  "selection_vector": [
    0,
    0,
    0,
    1,
    0,
    0,
    0,
    0,
    0,
    0,
    1,
    0,
    0,
    0,
    0,
    0,
    0,
    0,
    0,
    0,
    0,
    0,
    0,
    0,
    0,
    0,
    0,
    0,
    0,
    1
  ],
  "importance_vector": [
    0.0,
    0.0,
    0.0,
    26.836389998157554,
    0.0,
    0.0,
    0.0,
    0.0,
    0.0,
    0.0,
    31.67660959960564,
    0.0,
    0.0,
    0.0,
    0.0,
    0.0,
    0.0,
    0.0,
    0.0,
    0.0,
    0.0,
    0.0,
    0.0,
    0.0,
    0.0,
    0.0,
    0.0,
    0.0,
    0.0,
    45.270438748286246
  ],
  "importance_vector_norm": [
    0.0,
    0.0,
    0.0,
    0.258580660130722,
    0.0,
    0.0,
    0.0,
    0.0,
    0.0,
    0.0,
    0.3052183479794242,
    0.0,
    0.0,
    0.0,
    0.0,
    0.0,
    0.0,
    0.0,
    0.0,
    0.0,
    0.0,
    0.0,
    0.0,
    0.0,
    0.0,
    0.0,
    0.0,
    0.0,
    0.0,
    0.4362009918898537
  ],
  "selected_sensors": [
    1,
    2,
    3,
    4,
    5,
    6,
    7,
    8,
    9,
    10,
    11,
    12,
    13,
    14,
    15
  ],
  "selected_windows": [
    4,
    11,
    30
  ],
  "X_train_shape_next": [
    100,
    15,
    3
  ],
  "X_val_shape_next": [
    100,
    15,
    3
  ],
  "M_curr": 15,
  "W_curr": 4,
  "input_dim": 60,
  "orig_indices": [
    3,
    4,
    10,
    29,
    33,
    34,
    40,
    59,
    63,
    64,
    70,
    89,
    93,
    94,
    100,
    119,
    123,
    124,
    130,
    149,
    153,
    154,
    160,
    179,
    183,
    184,
    190,
    209,
    213,
    214,
    220,
    239,
    243,
    244,
    250,
    269,
    273,
    274,
    280,
    299,
    303,
    304,
    310,
    329,
    333,
    334,
    340,
    359,
    363,
    364,
    370,
    389,
    393,
    394,
    400,
    419,
    423,
    424,
    430,
    449
  ],
  "surrogate_from_baseline": false,
  "hidden_sizes": [
    10,
    10
  ],
  "mlp_mode": "mlp_transfer",
  "mlp_metrics": {
    "train_mse": 21.733427047729492,
    "val_mse": 66.94458770751953,
    "train_rmse": 4.661912380958,
    "val_rmse": 8.181967227233285,
    "train_mae": 3.702169418334961,
    "val_mae": 5.655124664306641,
    "train_r2": 0.688369870185852,
    "val_r2": 0.021214962005615234
  },
  "mlp_train_time": 3.672803020803258
}