{
  "iter_idx": 21,
  "n0_value": 0,
  "mode": "sensors",
  "is_final_mlp": true,
  "orig_indices": [
    30,
    31,
    32,
    33,
    34,
    35,
    36,
    37,
    38,
    39,
    40,
    41,
    42,
    43,
    44,
    45,
    46,
    47,
    48,
    49,
    50,
    51,
    52,
    53,
    54,
    55,
    56,
    57,
    58,
    59
  ],
  "input_dim": 30,
  "hidden_sizes": [
    10,
    10
  ],
  "mlp_mode": "mlp_transfer",
  "mlp_metrics": {
    "train_mse": 2654.905029296875,
    "val_mse": 3459.609619140625,
    "train_rmse": 51.525770535692864,
    "val_rmse": 58.81844624895004,
    "train_mae": 46.767276763916016,
    "val_mae": 54.137996673583984,
    "train_r2": -31.140304565429688,
    "val_r2": -42.7712516784668
  },
  "mlp_train_time": 3.4555999801959842
}