{
  "iter_idx": 20,
  "n0_value": 1,
  "mode": "sensors",
  "baseline_mode": "capped",
  "baseline_slack": 0.0,
  "baseline_mae_clusters": 12.002655518641811,
  "baseline_mae_floor": 12.002655518641811,
  "summary_1": [
    {
      "Solver Status": "Normal",
      "Model Status": "OptimalGlobal",
      "Objective": 52.9650136865283,
      "Num of Equations": 4212,
      "Num of Variables": 3163,
      "Model Type": "MIP",
      "Solver": "GUROBI",
      "Solver Time": 0.028
    }
  ],
  "summary_2": [
    {
      "Solver Status": "Normal",
      "Model Status": "OptimalGlobal",
      "Objective": 12.0026555186418,
      "Num of Equations": 6613,
      "Num of Variables": 4373,
      "Model Type": "MIP",
      "Solver": "GUROBI",
      "Solver Time": 0.229
    }
  ],
  "selection_df": [
    {
      "s": "1",
      "level": 0.0,
      "marginal": -0.0,
      "lower": 0.0,
      "upper": 1.0,
      "scale": 1.0
    },
    {
      "s": "2",
      "level": 1.0,
      "marginal": -0.0,
      "lower": 0.0,
      "upper": 1.0,
      "scale": 1.0
    }
  ],
  "selected_original": [
    1
  ],
  "selection_vector": [
    0,
    1,
    0,
    0,
    0,
    0,
    0,
    0,
    0,
    0,
    0,
    0,
    0,
    0,
    0,
    0,
    0,
    0,
    0,
    0,
    0
  ],
  "importance_vector": [
    0.0,
    73.04490245071646,
    0.0,
    0.0,
    0.0,
    0.0,
    0.0,
    0.0,
    0.0,
    0.0,
    0.0,
    0.0,
    0.0,
    0.0,
    0.0,
    0.0,
    0.0,
    0.0,
    0.0,
    0.0,
    0.0
  ],
  "importance_vector_norm": [
    0.0,
    1.0,
    0.0,
    0.0,
    0.0,
    0.0,
    0.0,
    0.0,
    0.0,
    0.0,
    0.0,
    0.0,
    0.0,
    0.0,
    0.0,
    0.0,
    0.0,
    0.0,
    0.0,
    0.0,
    0.0
  ],
  "selected_sensors": [
    2
  ],
  "selected_windows": [
    1,
    2,
    3,
    4,
    5,
    6,
    7,
    8,
    9,
    10,
    11,
    12,
    13,
    14,
    15,
    16,
    17,
    18,
    19,
    20,
    21,
    22,
    23,
    24,
    25,
    26,
    27,
    28,
    29,
    30
  ],
  "X_train_shape_next": [
    100,
    1,
    30
  ],
  "X_val_shape_next": [
    100,
    1,
    30
  ],
  "M_curr": 2,
  "W_curr": 30,
  "input_dim": 60,
  "orig_indices": [
    0,
    1,
    2,
    3,
    4,
    5,
    6,
    7,
    8,
    9,
    10,
    11,
    12,
    13,
    14,
    15,
    16,
    17,
    18,
    19,
    20,
    21,
    22,
    23,
    24,
    25,
    26,
    27,
    28,
    29,
    30,
    31,
    32,
    33,
    34,
    35,
    36,
    37,
    38,
    39,
    40,
    41,
    42,
    43,
    44,
    45,
    46,
    47,
    48,
    49,
    50,
    51,
    52,
    53,
    54,
    55,
    56,
    57,
    58,
    59
  ],
  "surrogate_from_baseline": false,
  "hidden_sizes": [
    10,
    10
  ],
  "mlp_mode": "mlp_transfer",
  "mlp_metrics": {
    "train_mse": 3673.753662109375,
    "val_mse": 4135.1220703125,
    "train_rmse": 60.61149777153981,
    "val_rmse": 64.30491482237186,
    "train_mae": 48.369876861572266,
    "val_mae": 50.69660949707031,
    "train_r2": -43.4744987487793,
    "val_r2": -51.31788635253906
  },
  "mlp_train_time": 3.441593263996765
}