{
  "iter_idx": 29,
  "n0_value": 1,
  "mode": "windows",
  "baseline_mode": "capped",
  "baseline_slack": 0.0,
  "baseline_mae_clusters": 4.943393656534285,
  "baseline_mae_floor": 4.943393656534285,
  "summary_1": [
    {
      "Solver Status": "Normal",
      "Model Status": "OptimalGlobal",
      "Objective": 16.2010088826898,
      "Num of Equations": 6194,
      "Num of Variables": 4645,
      "Model Type": "MIP",
      "Solver": "GUROBI",
      "Solver Time": 0.062
    }
  ],
  "summary_2": [
    {
      "Solver Status": "Normal",
      "Model Status": "OptimalGlobal",
      "Objective": 4.94339365653429,
      "Num of Equations": 7875,
      "Num of Variables": 5495,
      "Model Type": "MIP",
      "Solver": "GUROBI",
      "Solver Time": 0.251
    }
  ],
  "selection_df": [
    {
      "w": "1",
      "level": 0.0,
      "marginal": -0.0,
      "lower": 0.0,
      "upper": 1.0,
      "scale": 1.0
    },
    {
      "w": "2",
      "level": 1.0,
      "marginal": -0.0,
      "lower": 0.0,
      "upper": 1.0,
      "scale": 1.0
    }
  ],
  "selected_original": [
    1
  ],
  "selection_vector": [
    0,
    1,
    0,
    0,
    0,
    0,
    0,
    0,
    0,
    0,
    0,
    0,
    0,
    0,
    0,
    0,
    0,
    0,
    0,
    0,
    0,
    0,
    0,
    0,
    0,
    0,
    0,
    0,
    0,
    0
  ],
  "importance_vector": [
    0.0,
    38.693880911572776,
    0.0,
    0.0,
    0.0,
    0.0,
    0.0,
    0.0,
    0.0,
    0.0,
    0.0,
    0.0,
    0.0,
    0.0,
    0.0,
    0.0,
    0.0,
    0.0,
    0.0,
    0.0,
    0.0,
    0.0,
    0.0,
    0.0,
    0.0,
    0.0,
    0.0,
    0.0,
    0.0,
    0.0
  ],
  "importance_vector_norm": [
    0.0,
    1.0,
    0.0,
    0.0,
    0.0,
    0.0,
    0.0,
    0.0,
    0.0,
    0.0,
    0.0,
    0.0,
    0.0,
    0.0,
    0.0,
    0.0,
    0.0,
    0.0,
    0.0,
    0.0,
    0.0,
    0.0,
    0.0,
    0.0,
    0.0,
    0.0,
    0.0,
    0.0,
    0.0,
    0.0
  ],
  "selected_sensors": [
    1,
    2,
    3,
    4,
    5,
    6,
    7,
    8,
    9,
    10,
    11,
    12,
    13,
    14,
    15,
    16,
    17,
    18,
    19,
    20,
    21
  ],
  "selected_windows": [
    2
  ],
  "X_train_shape_next": [
    100,
    21,
    1
  ],
  "X_val_shape_next": [
    100,
    21,
    1
  ],
  "M_curr": 21,
  "W_curr": 2,
  "input_dim": 42,
  "orig_indices": [
    0,
    1,
    30,
    31,
    60,
    61,
    90,
    91,
    120,
    121,
    150,
    151,
    180,
    181,
    210,
    211,
    240,
    241,
    270,
    271,
    300,
    301,
    330,
    331,
    360,
    361,
    390,
    391,
    420,
    421,
    450,
    451,
    480,
    481,
    510,
    511,
    540,
    541,
    570,
    571,
    600,
    601
  ],
  "surrogate_from_baseline": false,
  "hidden_sizes": [
    10,
    10,
    10
  ],
  "mlp_mode": "mlp_transfer",
  "mlp_metrics": {
    "train_mse": 220.55885314941406,
    "val_mse": 334.6277770996094,
    "train_rmse": 14.851223961324335,
    "val_rmse": 18.29283403684649,
    "train_mae": 12.446829795837402,
    "val_mae": 15.607144355773926,
    "train_r2": -2.272852659225464,
    "val_r2": -3.0993285179138184
  },
  "mlp_train_time": 3.467153711942956
}