{
  "iter_idx": 30,
  "n0_value": 0,
  "mode": "windows",
  "is_final_mlp": true,
  "orig_indices": [
    1,
    31,
    61,
    91,
    121,
    151,
    181,
    211,
    241,
    271,
    301,
    331,
    361,
    391,
    421,
    451,
    481,
    511,
    541,
    571,
    601
  ],
  "input_dim": 21,
  "hidden_sizes": [
    10,
    10,
    10
  ],
  "mlp_mode": "mlp_transfer",
  "mlp_metrics": {
    "train_mse": 386.71136474609375,
    "val_mse": 521.4386596679688,
    "train_rmse": 19.664978127272192,
    "val_rmse": 22.83503141377232,
    "train_mae": 17.304664611816406,
    "val_mae": 20.379140853881836,
    "train_r2": -4.738374710083008,
    "val_r2": -5.387839317321777
  },
  "mlp_train_time": 3.480215060058981
}