{
  "iter_idx": 27,
  "n0_value": 3,
  "mode": "windows",
  "baseline_mode": "capped",
  "baseline_slack": 0.0,
  "baseline_mae_clusters": 4.943393656534285,
  "baseline_mae_floor": 4.943393656534285,
  "summary_1": [
    {
      "Solver Status": "Normal",
      "Model Status": "OptimalGlobal",
      "Objective": 14.0449456648697,
      "Num of Equations": 6236,
      "Num of Variables": 4689,
      "Model Type": "MIP",
      "Solver": "GUROBI",
      "Solver Time": 1.354
    }
  ],
  "summary_2": [
    {
      "Solver Status": "Normal",
      "Model Status": "OptimalGlobal",
      "Objective": 4.94339365653429,
      "Num of Equations": 9597,
      "Num of Variables": 6379,
      "Model Type": "MIP",
      "Solver": "GUROBI",
      "Solver Time": 0.397
    }
  ],
  "selection_df": [
    {
      "w": "1",
      "level": 1.0,
      "marginal": -0.0,
      "lower": 0.0,
      "upper": 1.0,
      "scale": 1.0
    },
    {
      "w": "2",
      "level": 1.0,
      "marginal": -0.0,
      "lower": 0.0,
      "upper": 1.0,
      "scale": 1.0
    },
    {
      "w": "3",
      "level": 1.0,
      "marginal": -0.0,
      "lower": 0.0,
      "upper": 1.0,
      "scale": 1.0
    },
    {
      "w": "4",
      "level": 0.0,
      "marginal": -0.0,
      "lower": 0.0,
      "upper": 1.0,
      "scale": 1.0
    }
  ],
  "selected_original": [
    0,
    1,
    2
  ],
  "selection_vector": [
    1,
    1,
    1,
    0,
    0,
    0,
    0,
    0,
    0,
    0,
    0,
    0,
    0,
    0,
    0,
    0,
    0,
    0,
    0,
    0,
    0,
    0,
    0,
    0,
    0,
    0,
    0,
    0,
    0,
    0
  ],
  "importance_vector": [
    39.161062489879136,
    37.44891030328056,
    35.691895666746916,
    0.0,
    0.0,
    0.0,
    0.0,
    0.0,
    0.0,
    0.0,
    0.0,
    0.0,
    0.0,
    0.0,
    0.0,
    0.0,
    0.0,
    0.0,
    0.0,
    0.0,
    0.0,
    0.0,
    0.0,
    0.0,
    0.0,
    0.0,
    0.0,
    0.0,
    0.0,
    0.0
  ],
  "importance_vector_norm": [
    0.3487124749296598,
    0.3334664936287357,
    0.3178210314416045,
    0.0,
    0.0,
    0.0,
    0.0,
    0.0,
    0.0,
    0.0,
    0.0,
    0.0,
    0.0,
    0.0,
    0.0,
    0.0,
    0.0,
    0.0,
    0.0,
    0.0,
    0.0,
    0.0,
    0.0,
    0.0,
    0.0,
    0.0,
    0.0,
    0.0,
    0.0,
    0.0
  ],
  "selected_sensors": [
    1,
    2,
    3,
    4,
    5,
    6,
    7,
    8,
    9,
    10,
    11,
    12,
    13,
    14,
    15,
    16,
    17,
    18,
    19,
    20,
    21
  ],
  "selected_windows": [
    1,
    2,
    3
  ],
  "X_train_shape_next": [
    100,
    21,
    3
  ],
  "X_val_shape_next": [
    100,
    21,
    3
  ],
  "M_curr": 21,
  "W_curr": 4,
  "input_dim": 84,
  "orig_indices": [
    0,
    1,
    2,
    3,
    30,
    31,
    32,
    33,
    60,
    61,
    62,
    63,
    90,
    91,
    92,
    93,
    120,
    121,
    122,
    123,
    150,
    151,
    152,
    153,
    180,
    181,
    182,
    183,
    210,
    211,
    212,
    213,
    240,
    241,
    242,
    243,
    270,
    271,
    272,
    273,
    300,
    301,
    302,
    303,
    330,
    331,
    332,
    333,
    360,
    361,
    362,
    363,
    390,
    391,
    392,
    393,
    420,
    421,
    422,
    423,
    450,
    451,
    452,
    453,
    480,
    481,
    482,
    483,
    510,
    511,
    512,
    513,
    540,
    541,
    542,
    543,
    570,
    571,
    572,
    573,
    600,
    601,
    602,
    603
  ],
  "surrogate_from_baseline": false,
  "hidden_sizes": [
    10,
    10,
    10
  ],
  "mlp_mode": "mlp_transfer",
  "mlp_metrics": {
    "train_mse": 238.91810607910156,
    "val_mse": 361.86004638671875,
    "train_rmse": 15.456975968122016,
    "val_rmse": 19.02261933558885,
    "train_mae": 12.985063552856445,
    "val_mae": 16.304325103759766,
    "train_r2": -2.5452840328216553,
    "val_r2": -3.4329352378845215
  },
  "mlp_train_time": 3.5458998871035874
}