{
  "iter_idx": 29,
  "n0_value": 1,
  "mode": "windows",
  "baseline_mode": "capped",
  "baseline_slack": 0.0,
  "baseline_mae_clusters": 8.174947764343164,
  "baseline_mae_floor": 8.174947764343164,
  "summary_1": [
    {
      "Solver Status": "Normal",
      "Model Status": "OptimalGlobal",
      "Objective": 9.61403745655171,
      "Num of Equations": 4184,
      "Num of Variables": 3135,
      "Model Type": "MIP",
      "Solver": "GUROBI",
      "Solver Time": 0.039
    }
  ],
  "summary_2": [
    {
      "Solver Status": "Normal",
      "Model Status": "OptimalGlobal",
      "Objective": 8.17494776434317,
      "Num of Equations": 5465,
      "Num of Variables": 3785,
      "Model Type": "MIP",
      "Solver": "GUROBI",
      "Solver Time": 42.503
    }
  ],
  "selection_df": [
    {
      "w": "1",
      "level": 0.0,
      "marginal": -0.0,
      "lower": 0.0,
      "upper": 1.0,
      "scale": 1.0
    },
    {
      "w": "2",
      "level": 1.0,
      "marginal": -0.0,
      "lower": 0.0,
      "upper": 1.0,
      "scale": 1.0
    }
  ],
  "selected_original": [
    28
  ],
  "selection_vector": [
    0,
    0,
    0,
    0,
    0,
    0,
    0,
    0,
    0,
    0,
    0,
    0,
    0,
    0,
    0,
    0,
    0,
    0,
    0,
    0,
    0,
    0,
    0,
    0,
    0,
    0,
    0,
    0,
    1,
    0
  ],
  "importance_vector": [
    0.0,
    0.0,
    0.0,
    0.0,
    0.0,
    0.0,
    0.0,
    0.0,
    0.0,
    0.0,
    0.0,
    0.0,
    0.0,
    0.0,
    0.0,
    0.0,
    0.0,
    0.0,
    0.0,
    0.0,
    0.0,
    0.0,
    0.0,
    0.0,
    0.0,
    0.0,
    0.0,
    0.0,
    46.70686373437851,
    0.0
  ],
  "importance_vector_norm": [
    0.0,
    0.0,
    0.0,
    0.0,
    0.0,
    0.0,
    0.0,
    0.0,
    0.0,
    0.0,
    0.0,
    0.0,
    0.0,
    0.0,
    0.0,
    0.0,
    0.0,
    0.0,
    0.0,
    0.0,
    0.0,
    0.0,
    0.0,
    0.0,
    0.0,
    0.0,
    0.0,
    0.0,
    1.0,
    0.0
  ],
  "selected_sensors": [
    1,
    2,
    3,
    4,
    5,
    6,
    7,
    8,
    9,
    10,
    11,
    12,
    13,
    14,
    15,
    16
  ],
  "selected_windows": [
    29
  ],
  "X_train_shape_next": [
    100,
    16,
    1
  ],
  "X_val_shape_next": [
    100,
    16,
    1
  ],
  "M_curr": 16,
  "W_curr": 2,
  "input_dim": 32,
  "orig_indices": [
    18,
    28,
    48,
    58,
    78,
    88,
    108,
    118,
    138,
    148,
    168,
    178,
    198,
    208,
    228,
    238,
    258,
    268,
    288,
    298,
    318,
    328,
    348,
    358,
    378,
    388,
    408,
    418,
    438,
    448,
    468,
    478
  ],
  "surrogate_from_baseline": false,
  "hidden_sizes": [
    10,
    10
  ],
  "mlp_mode": "mlp_transfer",
  "mlp_metrics": {
    "train_mse": 53.568912506103516,
    "val_mse": 54.03008270263672,
    "train_rmse": 7.3190786651124,
    "val_rmse": 7.350515812011883,
    "train_mae": 5.98554801940918,
    "val_mae": 6.3389892578125,
    "train_r2": 0.23428797721862793,
    "val_r2": 0.2796863317489624
  },
  "mlp_train_time": 3.459664140129462
}