{
  "iter_idx": 30,
  "n0_value": 0,
  "mode": "windows",
  "is_final_mlp": true,
  "orig_indices": [
    28,
    58,
    88,
    118,
    148,
    178,
    208,
    238,
    268,
    298,
    328,
    358,
    388,
    418,
    448,
    478
  ],
  "input_dim": 16,
  "hidden_sizes": [
    10,
    10
  ],
  "mlp_mode": "mlp_transfer",
  "mlp_metrics": {
    "train_mse": 166.9174346923828,
    "val_mse": 133.68907165527344,
    "train_rmse": 12.919653040712154,
    "val_rmse": 11.562399044111626,
    "train_mae": 10.544597625732422,
    "val_mae": 9.251566886901855,
    "train_r2": -1.3859117031097412,
    "val_r2": -0.7823046445846558
  },
  "mlp_train_time": 3.462456244044006
}