{
  "iter_idx": 27,
  "n0_value": 3,
  "mode": "windows",
  "baseline_mode": "capped",
  "baseline_slack": 0.0,
  "baseline_mae_clusters": 8.174947764343164,
  "baseline_mae_floor": 8.174947764343164,
  "summary_1": [
    {
      "Solver Status": "Normal",
      "Model Status": "OptimalGlobal",
      "Objective": 9.59664719776856,
      "Num of Equations": 4216,
      "Num of Variables": 3169,
      "Model Type": "MIP",
      "Solver": "GUROBI",
      "Solver Time": 0.369
    }
  ],
  "summary_2": [
    {
      "Solver Status": "Normal",
      "Model Status": "OptimalGlobal",
      "Objective": 8.17494776434316,
      "Num of Equations": 6777,
      "Num of Variables": 4459,
      "Model Type": "MIP",
      "Solver": "GUROBI",
      "Solver Time": 15.166
    }
  ],
  "selection_df": [
    {
      "w": "1",
      "level": 1.0,
      "marginal": -0.0,
      "lower": 0.0,
      "upper": 1.0,
      "scale": 1.0
    },
    {
      "w": "2",
      "level": 1.0,
      "marginal": -0.0,
      "lower": 0.0,
      "upper": 1.0,
      "scale": 1.0
    },
    {
      "w": "3",
      "level": 1.0,
      "marginal": -0.0,
      "lower": 0.0,
      "upper": 1.0,
      "scale": 1.0
    },
    {
      "w": "4",
      "level": 0.0,
      "marginal": -0.0,
      "lower": 0.0,
      "upper": 1.0,
      "scale": 1.0
    }
  ],
  "selected_original": [
    18,
    22,
    28
  ],
  "selection_vector": [
    0,
    0,
    0,
    0,
    0,
    0,
    0,
    0,
    0,
    0,
    0,
    0,
    0,
    0,
    0,
    0,
    0,
    0,
    1,
    0,
    0,
    0,
    1,
    0,
    0,
    0,
    0,
    0,
    1,
    0
  ],
  "importance_vector": [
    0.0,
    0.0,
    0.0,
    0.0,
    0.0,
    0.0,
    0.0,
    0.0,
    0.0,
    0.0,
    0.0,
    0.0,
    0.0,
    0.0,
    0.0,
    0.0,
    0.0,
    0.0,
    47.89680349832578,
    0.0,
    0.0,
    0.0,
    46.59800891944494,
    0.0,
    0.0,
    0.0,
    0.0,
    0.0,
    61.28830650243038,
    0.0
  ],
  "importance_vector_norm": [
    0.0,
    0.0,
    0.0,
    0.0,
    0.0,
    0.0,
    0.0,
    0.0,
    0.0,
    0.0,
    0.0,
    0.0,
    0.0,
    0.0,
    0.0,
    0.0,
    0.0,
    0.0,
    0.3074582395725471,
    0.0,
    0.0,
    0.0,
    0.2991210423981463,
    0.0,
    0.0,
    0.0,
    0.0,
    0.0,
    0.3934207180293066,
    0.0
  ],
  "selected_sensors": [
    1,
    2,
    3,
    4,
    5,
    6,
    7,
    8,
    9,
    10,
    11,
    12,
    13,
    14,
    15,
    16
  ],
  "selected_windows": [
    19,
    23,
    29
  ],
  "X_train_shape_next": [
    100,
    16,
    3
  ],
  "X_val_shape_next": [
    100,
    16,
    3
  ],
  "M_curr": 16,
  "W_curr": 4,
  "input_dim": 64,
  "orig_indices": [
    18,
    22,
    28,
    29,
    48,
    52,
    58,
    59,
    78,
    82,
    88,
    89,
    108,
    112,
    118,
    119,
    138,
    142,
    148,
    149,
    168,
    172,
    178,
    179,
    198,
    202,
    208,
    209,
    228,
    232,
    238,
    239,
    258,
    262,
    268,
    269,
    288,
    292,
    298,
    299,
    318,
    322,
    328,
    329,
    348,
    352,
    358,
    359,
    378,
    382,
    388,
    389,
    408,
    412,
    418,
    419,
    438,
    442,
    448,
    449,
    468,
    472,
    478,
    479
  ],
  "surrogate_from_baseline": false,
  "hidden_sizes": [
    10,
    10
  ],
  "mlp_mode": "mlp_transfer",
  "mlp_metrics": {
    "train_mse": 38.0673828125,
    "val_mse": 43.97148513793945,
    "train_rmse": 6.169877050031062,
    "val_rmse": 6.631099843761927,
    "train_mae": 4.8849778175354,
    "val_mae": 5.516082286834717,
    "train_r2": 0.4558662176132202,
    "val_r2": 0.4137846827507019
  },
  "mlp_train_time": 3.496619728859514
}