{
  "iter_idx": 29,
  "n0_value": 1,
  "mode": "windows",
  "baseline_mode": "capped",
  "baseline_slack": 0.0,
  "baseline_mae_clusters": 10.864706769887176,
  "baseline_mae_floor": 10.864706769887176,
  "summary_1": [
    {
      "Solver Status": "Normal",
      "Model Status": "OptimalGlobal",
      "Objective": 15.1862933662309,
      "Num of Equations": 4182,
      "Num of Variables": 3133,
      "Model Type": "MIP",
      "Solver": "GUROBI",
      "Solver Time": 0.03
    }
  ],
  "summary_2": [
    {
      "Solver Status": "Normal",
      "Model Status": "OptimalGlobal",
      "Objective": 10.8647067698872,
      "Num of Equations": 5383,
      "Num of Variables": 3743,
      "Model Type": "MIP",
      "Solver": "GUROBI",
      "Solver Time": 2.388
    }
  ],
  "selection_df": [
    {
      "w": "1",
      "level": 0.0,
      "marginal": -0.0,
      "lower": 0.0,
      "upper": 1.0,
      "scale": 1.0
    },
    {
      "w": "2",
      "level": 1.0,
      "marginal": -0.0,
      "lower": 0.0,
      "upper": 1.0,
      "scale": 1.0
    }
  ],
  "selected_original": [
    28
  ],
  "selection_vector": [
    0,
    0,
    0,
    0,
    0,
    0,
    0,
    0,
    0,
    0,
    0,
    0,
    0,
    0,
    0,
    0,
    0,
    0,
    0,
    0,
    0,
    0,
    0,
    0,
    0,
    0,
    0,
    0,
    1,
    0
  ],
  "importance_vector": [
    0.0,
    0.0,
    0.0,
    0.0,
    0.0,
    0.0,
    0.0,
    0.0,
    0.0,
    0.0,
    0.0,
    0.0,
    0.0,
    0.0,
    0.0,
    0.0,
    0.0,
    0.0,
    0.0,
    0.0,
    0.0,
    0.0,
    0.0,
    0.0,
    0.0,
    0.0,
    0.0,
    0.0,
    89.8973942691616,
    0.0
  ],
  "importance_vector_norm": [
    0.0,
    0.0,
    0.0,
    0.0,
    0.0,
    0.0,
    0.0,
    0.0,
    0.0,
    0.0,
    0.0,
    0.0,
    0.0,
    0.0,
    0.0,
    0.0,
    0.0,
    0.0,
    0.0,
    0.0,
    0.0,
    0.0,
    0.0,
    0.0,
    0.0,
    0.0,
    0.0,
    0.0,
    1.0,
    0.0
  ],
  "selected_sensors": [
    1,
    2,
    3,
    4,
    5,
    6,
    7,
    8,
    9,
    10,
    11,
    12,
    13,
    14,
    15
  ],
  "selected_windows": [
    29
  ],
  "X_train_shape_next": [
    15843,
    15,
    1
  ],
  "X_val_shape_next": [
    1888,
    15,
    1
  ],
  "M_curr": 15,
  "W_curr": 2,
  "input_dim": 30,
  "orig_indices": [
    8,
    28,
    38,
    58,
    68,
    88,
    98,
    118,
    128,
    148,
    158,
    178,
    188,
    208,
    218,
    238,
    248,
    268,
    278,
    298,
    308,
    328,
    338,
    358,
    368,
    388,
    398,
    418,
    428,
    448
  ],
  "surrogate_from_baseline": false,
  "hidden_sizes": [
    10,
    10
  ],
  "mlp_mode": "mlp_rebuild",
  "mlp_metrics": {
    "train_mse": 1237.675537109375,
    "val_mse": 2066.802978515625,
    "train_rmse": 35.18061308603611,
    "val_rmse": 45.46210486235349,
    "train_mae": 24.80183219909668,
    "val_mae": 32.14581298828125,
    "train_r2": 0.6648432016372681,
    "val_r2": 0.5805124044418335
  },
  "mlp_train_time": 10.639639216999058
}