{
  "iter_idx": 30,
  "n0_value": 0,
  "mode": "windows",
  "is_final_mlp": true,
  "orig_indices": [
    28,
    58,
    88,
    118,
    148,
    178,
    208,
    238,
    268,
    298,
    328,
    358,
    388,
    418,
    448
  ],
  "input_dim": 15,
  "hidden_sizes": [
    10,
    10
  ],
  "mlp_mode": "mlp_rebuild",
  "mlp_metrics": {
    "train_mse": 1272.868408203125,
    "val_mse": 2169.044677734375,
    "train_rmse": 35.67728140151832,
    "val_rmse": 46.57300374395423,
    "train_mae": 24.988353729248047,
    "val_mae": 33.016109466552734,
    "train_r2": 0.6553131341934204,
    "val_r2": 0.5597609877586365
  },
  "mlp_train_time": 10.373648386041168
}