{
  "iter_idx": 27,
  "n0_value": 3,
  "mode": "windows",
  "baseline_mode": "capped",
  "baseline_slack": 0.0,
  "baseline_mae_clusters": 10.864706769887176,
  "baseline_mae_floor": 10.864706769887176,
  "summary_1": [
    {
      "Solver Status": "Normal",
      "Model Status": "OptimalGlobal",
      "Objective": 12.4536402960454,
      "Num of Equations": 4212,
      "Num of Variables": 3165,
      "Model Type": "MIP",
      "Solver": "GUROBI",
      "Solver Time": 0.198
    }
  ],
  "summary_2": [
    {
      "Solver Status": "Normal",
      "Model Status": "OptimalGlobal",
      "Objective": 10.8647067698872,
      "Num of Equations": 6613,
      "Num of Variables": 4375,
      "Model Type": "MIP",
      "Solver": "GUROBI",
      "Solver Time": 9.421
    }
  ],
  "selection_df": [
    {
      "w": "1",
      "level": 1.0,
      "marginal": -0.0,
      "lower": 0.0,
      "upper": 1.0,
      "scale": 1.0
    },
    {
      "w": "2",
      "level": 1.0,
      "marginal": -0.0,
      "lower": 0.0,
      "upper": 1.0,
      "scale": 1.0
    },
    {
      "w": "3",
      "level": 1.0,
      "marginal": -0.0,
      "lower": 0.0,
      "upper": 1.0,
      "scale": 1.0
    },
    {
      "w": "4",
      "level": 0.0,
      "marginal": -0.0,
      "lower": 0.0,
      "upper": 1.0,
      "scale": 1.0
    }
  ],
  "selected_original": [
    7,
    8,
    28
  ],
  "selection_vector": [
    0,
    0,
    0,
    0,
    0,
    0,
    0,
    1,
    1,
    0,
    0,
    0,
    0,
    0,
    0,
    0,
    0,
    0,
    0,
    0,
    0,
    0,
    0,
    0,
    0,
    0,
    0,
    0,
    1,
    0
  ],
  "importance_vector": [
    0.0,
    0.0,
    0.0,
    0.0,
    0.0,
    0.0,
    0.0,
    46.5449920958996,
    48.929342326717695,
    0.0,
    0.0,
    0.0,
    0.0,
    0.0,
    0.0,
    0.0,
    0.0,
    0.0,
    0.0,
    0.0,
    0.0,
    0.0,
    0.0,
    0.0,
    0.0,
    0.0,
    0.0,
    0.0,
    53.15342282746661,
    0.0
  ],
  "importance_vector_norm": [
    0.0,
    0.0,
    0.0,
    0.0,
    0.0,
    0.0,
    0.0,
    0.3131648687773853,
    0.32920729769465773,
    0.0,
    0.0,
    0.0,
    0.0,
    0.0,
    0.0,
    0.0,
    0.0,
    0.0,
    0.0,
    0.0,
    0.0,
    0.0,
    0.0,
    0.0,
    0.0,
    0.0,
    0.0,
    0.0,
    0.357627833527957,
    0.0
  ],
  "selected_sensors": [
    1,
    2,
    3,
    4,
    5,
    6,
    7,
    8,
    9,
    10,
    11,
    12,
    13,
    14,
    15
  ],
  "selected_windows": [
    8,
    9,
    29
  ],
  "X_train_shape_next": [
    15843,
    15,
    3
  ],
  "X_val_shape_next": [
    1888,
    15,
    3
  ],
  "M_curr": 15,
  "W_curr": 4,
  "input_dim": 60,
  "orig_indices": [
    7,
    8,
    28,
    29,
    37,
    38,
    58,
    59,
    67,
    68,
    88,
    89,
    97,
    98,
    118,
    119,
    127,
    128,
    148,
    149,
    157,
    158,
    178,
    179,
    187,
    188,
    208,
    209,
    217,
    218,
    238,
    239,
    247,
    248,
    268,
    269,
    277,
    278,
    298,
    299,
    307,
    308,
    328,
    329,
    337,
    338,
    358,
    359,
    367,
    368,
    388,
    389,
    397,
    398,
    418,
    419,
    427,
    428,
    448,
    449
  ],
  "surrogate_from_baseline": false,
  "hidden_sizes": [
    10,
    10
  ],
  "mlp_mode": "mlp_rebuild",
  "mlp_metrics": {
    "train_mse": 1139.5032958984375,
    "val_mse": 1931.6016845703125,
    "train_rmse": 33.756529677951754,
    "val_rmse": 43.94999072321077,
    "train_mae": 23.64540672302246,
    "val_mae": 30.671098709106445,
    "train_r2": 0.6914278268814087,
    "val_r2": 0.6079534888267517
  },
  "mlp_train_time": 11.156472605012823
}