{
  "iter_idx": 28,
  "n0_value": 2,
  "mode": "windows",
  "baseline_mode": "capped",
  "baseline_slack": 0.0,
  "baseline_mae_clusters": 9.932316682734445,
  "baseline_mae_floor": 9.932316682734445,
  "summary_1": [
    {
      "Solver Status": "Normal",
      "Model Status": "OptimalGlobal",
      "Objective": 5.56772616330516,
      "Num of Equations": 2197,
      "Num of Variables": 1649,
      "Model Type": "MIP",
      "Solver": "GUROBI",
      "Solver Time": 0.034
    }
  ],
  "summary_2": [
    {
      "Solver Status": "Normal",
      "Model Status": "OptimalGlobal",
      "Objective": 9.93231668273444,
      "Num of Equations": 3998,
      "Num of Variables": 2559,
      "Model Type": "MIP",
      "Solver": "GUROBI",
      "Solver Time": 0.447
    }
  ],
  "selection_df": [
    {
      "w": "1",
      "level": 1.0,
      "marginal": -0.0,
      "lower": 0.0,
      "upper": 1.0,
      "scale": 1.0
    },
    {
      "w": "2",
      "level": 0.0,
      "marginal": -0.0,
      "lower": 0.0,
      "upper": 1.0,
      "scale": 1.0
    },
    {
      "w": "3",
      "level": 1.0,
      "marginal": -0.0,
      "lower": 0.0,
      "upper": 1.0,
      "scale": 1.0
    }
  ],
  "selected_original": [
    0,
    29
  ],
  "selection_vector": [
    1,
    0,
    0,
    0,
    0,
    0,
    0,
    0,
    0,
    0,
    0,
    0,
    0,
    0,
    0,
    0,
    0,
    0,
    0,
    0,
    0,
    0,
    0,
    0,
    0,
    0,
    0,
    0,
    0,
    1
  ],
  "importance_vector": [
    59.45917944411239,
    0.0,
    0.0,
    0.0,
    0.0,
    0.0,
    0.0,
    0.0,
    0.0,
    0.0,
    0.0,
    0.0,
    0.0,
    0.0,
    0.0,
    0.0,
    0.0,
    0.0,
    0.0,
    0.0,
    0.0,
    0.0,
    0.0,
    0.0,
    0.0,
    0.0,
    0.0,
    0.0,
    0.0,
    68.76088958210725
  ],
  "importance_vector_norm": [
    0.4637275575943857,
    0.0,
    0.0,
    0.0,
    0.0,
    0.0,
    0.0,
    0.0,
    0.0,
    0.0,
    0.0,
    0.0,
    0.0,
    0.0,
    0.0,
    0.0,
    0.0,
    0.0,
    0.0,
    0.0,
    0.0,
    0.0,
    0.0,
    0.0,
    0.0,
    0.0,
    0.0,
    0.0,
    0.0,
    0.5362724424056142
  ],
  "selected_sensors": [
    1,
    2,
    3,
    4,
    5,
    6,
    7,
    8,
    9,
    10,
    11,
    12,
    13,
    14,
    15
  ],
  "selected_windows": [
    1,
    30
  ],
  "X_train_shape_next": [
    100,
    15,
    2
  ],
  "X_val_shape_next": [
    100,
    15,
    2
  ],
  "M_curr": 15,
  "W_curr": 3,
  "input_dim": 45,
  "orig_indices": [
    0,
    26,
    29,
    30,
    56,
    59,
    60,
    86,
    89,
    90,
    116,
    119,
    120,
    146,
    149,
    150,
    176,
    179,
    180,
    206,
    209,
    210,
    236,
    239,
    240,
    266,
    269,
    270,
    296,
    299,
    300,
    326,
    329,
    330,
    356,
    359,
    360,
    386,
    389,
    390,
    416,
    419,
    420,
    446,
    449
  ],
  "surrogate_from_baseline": false,
  "hidden_sizes": [
    10
  ],
  "mlp_mode": "mlp_transfer",
  "mlp_metrics": {
    "train_mse": 22.14663314819336,
    "val_mse": 47.1638069152832,
    "train_rmse": 4.706020946425267,
    "val_rmse": 6.867591056206186,
    "train_mae": 3.897847890853882,
    "val_mae": 5.419439792633057,
    "train_r2": 0.6786295771598816,
    "val_r2": 0.40575486421585083
  },
  "mlp_train_time": 3.444638580083847
}