{
  "iter_idx": 27,
  "n0_value": 3,
  "mode": "windows",
  "baseline_mode": "capped",
  "baseline_slack": 0.0,
  "baseline_mae_clusters": 9.932316682734445,
  "baseline_mae_floor": 9.932316682734445,
  "summary_1": [
    {
      "Solver Status": "Normal",
      "Model Status": "OptimalGlobal",
      "Objective": 4.37087630205828,
      "Num of Equations": 2212,
      "Num of Variables": 1665,
      "Model Type": "MIP",
      "Solver": "GUROBI",
      "Solver Time": 0.045
    }
  ],
  "summary_2": [
    {
      "Solver Status": "Normal",
      "Model Status": "OptimalGlobal",
      "Objective": 9.93231668273444,
      "Num of Equations": 4613,
      "Num of Variables": 2875,
      "Model Type": "MIP",
      "Solver": "GUROBI",
      "Solver Time": 0.419
    }
  ],
  "selection_df": [
    {
      "w": "1",
      "level": 1.0,
      "marginal": -0.0,
      "lower": 0.0,
      "upper": 1.0,
      "scale": 1.0
    },
    {
      "w": "2",
      "level": 0.0,
      "marginal": -0.0,
      "lower": 0.0,
      "upper": 1.0,
      "scale": 1.0
    },
    {
      "w": "3",
      "level": 1.0,
      "marginal": -0.0,
      "lower": 0.0,
      "upper": 1.0,
      "scale": 1.0
    },
    {
      "w": "4",
      "level": 1.0,
      "marginal": -0.0,
      "lower": 0.0,
      "upper": 1.0,
      "scale": 1.0
    }
  ],
  "selected_original": [
    0,
    26,
    29
  ],
  "selection_vector": [
    1,
    0,
    0,
    0,
    0,
    0,
    0,
    0,
    0,
    0,
    0,
    0,
    0,
    0,
    0,
    0,
    0,
    0,
    0,
    0,
    0,
    0,
    0,
    0,
    0,
    0,
    1,
    0,
    0,
    1
  ],
  "importance_vector": [
    63.118106661222434,
    0.0,
    0.0,
    0.0,
    0.0,
    0.0,
    0.0,
    0.0,
    0.0,
    0.0,
    0.0,
    0.0,
    0.0,
    0.0,
    0.0,
    0.0,
    0.0,
    0.0,
    0.0,
    0.0,
    0.0,
    0.0,
    0.0,
    0.0,
    0.0,
    0.0,
    63.5393907281732,
    0.0,
    0.0,
    72.17631573904546
  ],
  "importance_vector_norm": [
    0.3174415139363137,
    0.0,
    0.0,
    0.0,
    0.0,
    0.0,
    0.0,
    0.0,
    0.0,
    0.0,
    0.0,
    0.0,
    0.0,
    0.0,
    0.0,
    0.0,
    0.0,
    0.0,
    0.0,
    0.0,
    0.0,
    0.0,
    0.0,
    0.0,
    0.0,
    0.0,
    0.31956028870767833,
    0.0,
    0.0,
    0.3629981973560079
  ],
  "selected_sensors": [
    1,
    2,
    3,
    4,
    5,
    6,
    7,
    8,
    9,
    10,
    11,
    12,
    13,
    14,
    15
  ],
  "selected_windows": [
    1,
    27,
    30
  ],
  "X_train_shape_next": [
    100,
    15,
    3
  ],
  "X_val_shape_next": [
    100,
    15,
    3
  ],
  "M_curr": 15,
  "W_curr": 4,
  "input_dim": 60,
  "orig_indices": [
    0,
    19,
    26,
    29,
    30,
    49,
    56,
    59,
    60,
    79,
    86,
    89,
    90,
    109,
    116,
    119,
    120,
    139,
    146,
    149,
    150,
    169,
    176,
    179,
    180,
    199,
    206,
    209,
    210,
    229,
    236,
    239,
    240,
    259,
    266,
    269,
    270,
    289,
    296,
    299,
    300,
    319,
    326,
    329,
    330,
    349,
    356,
    359,
    360,
    379,
    386,
    389,
    390,
    409,
    416,
    419,
    420,
    439,
    446,
    449
  ],
  "surrogate_from_baseline": false,
  "hidden_sizes": [
    10
  ],
  "mlp_mode": "mlp_transfer",
  "mlp_metrics": {
    "train_mse": 19.371641159057617,
    "val_mse": 44.78117370605469,
    "train_rmse": 4.40132266018496,
    "val_rmse": 6.691873706672496,
    "train_mae": 3.4656121730804443,
    "val_mae": 5.441061496734619,
    "train_r2": 0.7188975811004639,
    "val_r2": 0.43577516078948975
  },
  "mlp_train_time": 3.5041791079565883
}