{
  "iter_idx": 30,
  "n0_value": 0,
  "mode": "windows",
  "is_final_mlp": true,
  "orig_indices": [
    13,
    43,
    73,
    103,
    133,
    163,
    193,
    223,
    253,
    283,
    313,
    343,
    373,
    403,
    433,
    463
  ],
  "input_dim": 16,
  "hidden_sizes": [
    10,
    10,
    10
  ],
  "mlp_mode": "mlp_rebuild",
  "mlp_metrics": {
    "train_mse": 3587.46337890625,
    "val_mse": 2604.2216796875,
    "train_rmse": 59.89543704579047,
    "val_rmse": 51.031575320457236,
    "train_mae": 42.53113555908203,
    "val_mae": 37.156681060791016,
    "train_r2": 0.5922549962997437,
    "val_r2": 0.6837329864501953
  },
  "mlp_train_time": 13.144374620984308
}