{
  "iter_idx": 29,
  "n0_value": 1,
  "mode": "windows",
  "baseline_mode": "capped",
  "baseline_slack": 0.0,
  "baseline_mae_clusters": 8.543162269399541,
  "baseline_mae_floor": 8.543162269399541,
  "summary_1": [
    {
      "Solver Status": "Normal",
      "Model Status": "OptimalGlobal",
      "Objective": 36.7571160359375,
      "Num of Equations": 6184,
      "Num of Variables": 4635,
      "Model Type": "MIP",
      "Solver": "GUROBI",
      "Solver Time": 0.047
    }
  ],
  "summary_2": [
    {
      "Solver Status": "Resource",
      "Model Status": "Feasible",
      "Objective": 9.66490499021864,
      "Num of Equations": 7465,
      "Num of Variables": 5285,
      "Model Type": "MIP",
      "Solver": "GUROBI",
      "Solver Time": 60.194
    }
  ],
  "selection_df": [
    {
      "w": "1",
      "level": 1.0,
      "marginal": -0.0,
      "lower": 0.0,
      "upper": 1.0,
      "scale": 1.0
    },
    {
      "w": "2",
      "level": 0.0,
      "marginal": -0.0,
      "lower": 0.0,
      "upper": 1.0,
      "scale": 1.0
    }
  ],
  "selected_original": [
    13
  ],
  "selection_vector": [
    0,
    0,
    0,
    0,
    0,
    0,
    0,
    0,
    0,
    0,
    0,
    0,
    0,
    1,
    0,
    0,
    0,
    0,
    0,
    0,
    0,
    0,
    0,
    0,
    0,
    0,
    0,
    0,
    0,
    0
  ],
  "importance_vector": [
    0.0,
    0.0,
    0.0,
    0.0,
    0.0,
    0.0,
    0.0,
    0.0,
    0.0,
    0.0,
    0.0,
    0.0,
    0.0,
    81.48178262842926,
    0.0,
    0.0,
    0.0,
    0.0,
    0.0,
    0.0,
    0.0,
    0.0,
    0.0,
    0.0,
    0.0,
    0.0,
    0.0,
    0.0,
    0.0,
    0.0
  ],
  "importance_vector_norm": [
    0.0,
    0.0,
    0.0,
    0.0,
    0.0,
    0.0,
    0.0,
    0.0,
    0.0,
    0.0,
    0.0,
    0.0,
    0.0,
    1.0,
    0.0,
    0.0,
    0.0,
    0.0,
    0.0,
    0.0,
    0.0,
    0.0,
    0.0,
    0.0,
    0.0,
    0.0,
    0.0,
    0.0,
    0.0,
    0.0
  ],
  "selected_sensors": [
    1,
    2,
    3,
    4,
    5,
    6,
    7,
    8,
    9,
    10,
    11,
    12,
    13,
    14,
    15,
    16
  ],
  "selected_windows": [
    14
  ],
  "X_train_shape_next": [
    19620,
    16,
    1
  ],
  "X_val_shape_next": [
    2200,
    16,
    1
  ],
  "M_curr": 16,
  "W_curr": 2,
  "input_dim": 32,
  "orig_indices": [
    13,
    16,
    43,
    46,
    73,
    76,
    103,
    106,
    133,
    136,
    163,
    166,
    193,
    196,
    223,
    226,
    253,
    256,
    283,
    286,
    313,
    316,
    343,
    346,
    373,
    376,
    403,
    406,
    433,
    436,
    463,
    466
  ],
  "surrogate_from_baseline": false,
  "hidden_sizes": [
    10,
    10,
    10
  ],
  "mlp_mode": "mlp_rebuild",
  "mlp_metrics": {
    "train_mse": 3364.07373046875,
    "val_mse": 2340.932373046875,
    "train_rmse": 58.00063560400653,
    "val_rmse": 48.38318275027879,
    "train_mae": 40.79840087890625,
    "val_mae": 34.54239273071289,
    "train_r2": 0.6176450848579407,
    "val_r2": 0.7157078981399536
  },
  "mlp_train_time": 13.42589993000729
}