{
  "loss": [
    9333.7109375,
    4583.25830078125,
    3718.9521484375,
    3271.203857421875,
    2933.80029296875,
    2709.58154296875,
    2562.652587890625,
    2458.58837890625,
    2377.021484375,
    2306.7841796875,
    2243.45849609375,
    2183.291259765625,
    2124.615966796875,
    2067.207763671875,
    2010.42041015625,
    1956.28759765625,
    1907.72412109375,
    1864.1302490234375,
    1826.158935546875,
    1793.2874755859375,
    1764.3577880859375,
    1739.22998046875,
    1717.7337646484375,
    1699.1959228515625,
    1683.062744140625,
    1668.787841796875,
    1655.6827392578125,
    1644.0750732421875,
    1633.3533935546875,
    1624.114501953125
  ],
  "mae": [
    76.71920013427734,
    52.849571228027344,
    48.43941116333008,
    44.94831085205078,
    42.02937316894531,
    40.102787017822266,
    38.91641616821289,
    38.1273307800293,
    37.51106262207031,
    36.963809967041016,
    36.4544792175293,
    35.95076370239258,
    35.44527053833008,
    34.93975067138672,
    34.437007904052734,
    33.943389892578125,
    33.485595703125,
    33.082969665527344,
    32.739715576171875,
    32.43878173828125,
    32.16392135620117,
    31.91767120361328,
    31.695886611938477,
    31.49763298034668,
    31.319334030151367,
    31.15702247619629,
    31.005191802978516,
    30.865758895874023,
    30.733015060424805,
    30.616334915161133
  ],
  "val_loss": [
    6818.7646484375,
    4604.22607421875,
    4025.072265625,
    3592.051025390625,
    3299.821533203125,
    3120.950927734375,
    3009.8564453125,
    2932.06591796875,
    2870.345458984375,
    2814.26953125,
    2759.586669921875,
    2702.99267578125,
    2641.36474609375,
    2578.57861328125,
    2512.660888671875,
    2447.416015625,
    2387.1669921875,
    2334.394287109375,
    2287.716796875,
    2249.32177734375,
    2215.53271484375,
    2186.643310546875,
    2164.20654296875,
    2144.40087890625,
    2126.87109375,
    2110.450439453125,
    2095.62255859375,
    2083.790283203125,
    2073.406005859375,
    2062.834716796875
  ],
  "val_mae": [
    63.08527755737305,
    53.38456726074219,
    49.428314208984375,
    45.860164642333984,
    43.358009338378906,
    41.879093170166016,
    40.977725982666016,
    40.35992431640625,
    39.853328704833984,
    39.37393569946289,
    38.87672805786133,
    38.35814666748047,
    37.78070068359375,
    37.165977478027344,
    36.53219985961914,
    35.87343215942383,
    35.249847412109375,
    34.693077087402344,
    34.19099807739258,
    33.763824462890625,
    33.38636779785156,
    33.052459716796875,
    32.77861785888672,
    32.51743698120117,
    32.28642654418945,
    32.068843841552734,
    31.880001068115234,
    31.723899841308594,
    31.588825225830078,
    31.46492576599121
  ]
}