{
  "iter_idx": 30,
  "n0_value": 0,
  "mode": "windows",
  "is_final_mlp": true,
  "orig_indices": [
    28,
    58,
    88,
    118,
    148,
    178,
    208,
    238,
    268,
    298,
    328,
    358,
    388,
    418,
    448,
    478
  ],
  "input_dim": 16,
  "hidden_sizes": [
    10,
    10
  ],
  "mlp_mode": "mlp_transfer",
  "mlp_metrics": {
    "train_mse": 81.76089477539062,
    "val_mse": 103.94015502929688,
    "train_rmse": 9.042173122396553,
    "val_rmse": 10.195104463873673,
    "train_mae": 7.330273628234863,
    "val_mae": 8.540319442749023,
    "train_r2": -0.13824927806854248,
    "val_r2": -0.4158257246017456
  },
  "mlp_train_time": 3.4302971030119807
}