{
  "iter_idx": 27,
  "n0_value": 3,
  "mode": "windows",
  "baseline_mode": "capped",
  "baseline_slack": 0.0,
  "baseline_mae_clusters": 6.4483104617882185,
  "baseline_mae_floor": 6.4483104617882185,
  "summary_1": [
    {
      "Solver Status": "Normal",
      "Model Status": "OptimalGlobal",
      "Objective": 5.19668840781195,
      "Num of Equations": 4216,
      "Num of Variables": 3169,
      "Model Type": "MIP",
      "Solver": "GUROBI",
      "Solver Time": 0.123
    }
  ],
  "summary_2": [
    {
      "Solver Status": "Normal",
      "Model Status": "OptimalGlobal",
      "Objective": 6.44831046178822,
      "Num of Equations": 6777,
      "Num of Variables": 4459,
      "Model Type": "MIP",
      "Solver": "GUROBI",
      "Solver Time": 13.632
    }
  ],
  "selection_df": [
    {
      "w": "1",
      "level": 0.0,
      "marginal": -0.0,
      "lower": 0.0,
      "upper": 1.0,
      "scale": 1.0
    },
    {
      "w": "2",
      "level": 1.0,
      "marginal": -0.0,
      "lower": 0.0,
      "upper": 1.0,
      "scale": 1.0
    },
    {
      "w": "3",
      "level": 1.0,
      "marginal": -0.0,
      "lower": 0.0,
      "upper": 1.0,
      "scale": 1.0
    },
    {
      "w": "4",
      "level": 1.0,
      "marginal": -0.0,
      "lower": 0.0,
      "upper": 1.0,
      "scale": 1.0
    }
  ],
  "selected_original": [
    24,
    27,
    28
  ],
  "selection_vector": [
    0,
    0,
    0,
    0,
    0,
    0,
    0,
    0,
    0,
    0,
    0,
    0,
    0,
    0,
    0,
    0,
    0,
    0,
    0,
    0,
    0,
    0,
    0,
    0,
    1,
    0,
    0,
    1,
    1,
    0
  ],
  "importance_vector": [
    0.0,
    0.0,
    0.0,
    0.0,
    0.0,
    0.0,
    0.0,
    0.0,
    0.0,
    0.0,
    0.0,
    0.0,
    0.0,
    0.0,
    0.0,
    0.0,
    0.0,
    0.0,
    0.0,
    0.0,
    0.0,
    0.0,
    0.0,
    0.0,
    58.328980143790375,
    0.0,
    0.0,
    60.98023133137572,
    62.2575436849409,
    0.0
  ],
  "importance_vector_norm": [
    0.0,
    0.0,
    0.0,
    0.0,
    0.0,
    0.0,
    0.0,
    0.0,
    0.0,
    0.0,
    0.0,
    0.0,
    0.0,
    0.0,
    0.0,
    0.0,
    0.0,
    0.0,
    0.0,
    0.0,
    0.0,
    0.0,
    0.0,
    0.0,
    0.32125363529438755,
    0.0,
    0.0,
    0.3358557092547194,
    0.34289065545089303,
    0.0
  ],
  "selected_sensors": [
    1,
    2,
    3,
    4,
    5,
    6,
    7,
    8,
    9,
    10,
    11,
    12,
    13,
    14,
    15,
    16
  ],
  "selected_windows": [
    25,
    28,
    29
  ],
  "X_train_shape_next": [
    100,
    16,
    3
  ],
  "X_val_shape_next": [
    100,
    16,
    3
  ],
  "M_curr": 16,
  "W_curr": 4,
  "input_dim": 64,
  "orig_indices": [
    23,
    24,
    27,
    28,
    53,
    54,
    57,
    58,
    83,
    84,
    87,
    88,
    113,
    114,
    117,
    118,
    143,
    144,
    147,
    148,
    173,
    174,
    177,
    178,
    203,
    204,
    207,
    208,
    233,
    234,
    237,
    238,
    263,
    264,
    267,
    268,
    293,
    294,
    297,
    298,
    323,
    324,
    327,
    328,
    353,
    354,
    357,
    358,
    383,
    384,
    387,
    388,
    413,
    414,
    417,
    418,
    443,
    444,
    447,
    448,
    473,
    474,
    477,
    478
  ],
  "surrogate_from_baseline": false,
  "hidden_sizes": [
    10,
    10
  ],
  "mlp_mode": "mlp_transfer",
  "mlp_metrics": {
    "train_mse": 44.99314498901367,
    "val_mse": 58.455718994140625,
    "train_rmse": 6.707692970687736,
    "val_rmse": 7.645633982485731,
    "train_mae": 5.358559608459473,
    "val_mae": 6.33741569519043,
    "train_r2": 0.3736197352409363,
    "val_r2": 0.20374268293380737
  },
  "mlp_train_time": 3.4510958071332425
}