{
  "iter_idx": 28,
  "n0_value": 2,
  "mode": "windows",
  "baseline_mode": "capped",
  "baseline_slack": 0.0,
  "baseline_mae_clusters": 6.4483104617882185,
  "baseline_mae_floor": 6.4483104617882185,
  "summary_1": [
    {
      "Solver Status": "Normal",
      "Model Status": "OptimalGlobal",
      "Objective": 5.57038793411836,
      "Num of Equations": 4200,
      "Num of Variables": 3152,
      "Model Type": "MIP",
      "Solver": "GUROBI",
      "Solver Time": 0.099
    }
  ],
  "summary_2": [
    {
      "Solver Status": "Normal",
      "Model Status": "OptimalGlobal",
      "Objective": 6.44831046178822,
      "Num of Equations": 6121,
      "Num of Variables": 4122,
      "Model Type": "MIP",
      "Solver": "GUROBI",
      "Solver Time": 17.552
    }
  ],
  "selection_df": [
    {
      "w": "1",
      "level": 0.0,
      "marginal": -0.0,
      "lower": 0.0,
      "upper": 1.0,
      "scale": 1.0
    },
    {
      "w": "2",
      "level": 1.0,
      "marginal": -0.0,
      "lower": 0.0,
      "upper": 1.0,
      "scale": 1.0
    },
    {
      "w": "3",
      "level": 1.0,
      "marginal": -0.0,
      "lower": 0.0,
      "upper": 1.0,
      "scale": 1.0
    }
  ],
  "selected_original": [
    27,
    28
  ],
  "selection_vector": [
    0,
    0,
    0,
    0,
    0,
    0,
    0,
    0,
    0,
    0,
    0,
    0,
    0,
    0,
    0,
    0,
    0,
    0,
    0,
    0,
    0,
    0,
    0,
    0,
    0,
    0,
    0,
    1,
    1,
    0
  ],
  "importance_vector": [
    0.0,
    0.0,
    0.0,
    0.0,
    0.0,
    0.0,
    0.0,
    0.0,
    0.0,
    0.0,
    0.0,
    0.0,
    0.0,
    0.0,
    0.0,
    0.0,
    0.0,
    0.0,
    0.0,
    0.0,
    0.0,
    0.0,
    0.0,
    0.0,
    0.0,
    0.0,
    0.0,
    56.34760999331653,
    58.82029296212683,
    0.0
  ],
  "importance_vector_norm": [
    0.0,
    0.0,
    0.0,
    0.0,
    0.0,
    0.0,
    0.0,
    0.0,
    0.0,
    0.0,
    0.0,
    0.0,
    0.0,
    0.0,
    0.0,
    0.0,
    0.0,
    0.0,
    0.0,
    0.0,
    0.0,
    0.0,
    0.0,
    0.0,
    0.0,
    0.0,
    0.0,
    0.4892648780373862,
    0.5107351219626137,
    0.0
  ],
  "selected_sensors": [
    1,
    2,
    3,
    4,
    5,
    6,
    7,
    8,
    9,
    10,
    11,
    12,
    13,
    14,
    15,
    16
  ],
  "selected_windows": [
    28,
    29
  ],
  "X_train_shape_next": [
    100,
    16,
    2
  ],
  "X_val_shape_next": [
    100,
    16,
    2
  ],
  "M_curr": 16,
  "W_curr": 3,
  "input_dim": 48,
  "orig_indices": [
    24,
    27,
    28,
    54,
    57,
    58,
    84,
    87,
    88,
    114,
    117,
    118,
    144,
    147,
    148,
    174,
    177,
    178,
    204,
    207,
    208,
    234,
    237,
    238,
    264,
    267,
    268,
    294,
    297,
    298,
    324,
    327,
    328,
    354,
    357,
    358,
    384,
    387,
    388,
    414,
    417,
    418,
    444,
    447,
    448,
    474,
    477,
    478
  ],
  "surrogate_from_baseline": false,
  "hidden_sizes": [
    10,
    10
  ],
  "mlp_mode": "mlp_transfer",
  "mlp_metrics": {
    "train_mse": 60.01161193847656,
    "val_mse": 77.0251235961914,
    "train_rmse": 7.746716203558548,
    "val_rmse": 8.776395820391842,
    "train_mae": 6.2075114250183105,
    "val_mae": 7.34061336517334,
    "train_r2": 0.1645374298095703,
    "val_r2": -0.049201369285583496
  },
  "mlp_train_time": 3.4061652820091695
}