{
  "iter_idx": 28,
  "n0_value": 2,
  "mode": "windows",
  "baseline_mode": "capped",
  "baseline_slack": 0.0,
  "baseline_mae_clusters": 5.892925500329553,
  "baseline_mae_floor": 5.892925500329553,
  "summary_1": [
    {
      "Solver Status": "Normal",
      "Model Status": "OptimalGlobal",
      "Objective": 6.95179089750414,
      "Num of Equations": 2200,
      "Num of Variables": 1652,
      "Model Type": "MIP",
      "Solver": "GUROBI",
      "Solver Time": 0.021
    }
  ],
  "summary_2": [
    {
      "Solver Status": "Normal",
      "Model Status": "OptimalGlobal",
      "Objective": 5.89292550032955,
      "Num of Equations": 4121,
      "Num of Variables": 2622,
      "Model Type": "MIP",
      "Solver": "GUROBI",
      "Solver Time": 1.236
    }
  ],
  "selection_df": [
    {
      "w": "1",
      "level": 1.0,
      "marginal": -0.0,
      "lower": 0.0,
      "upper": 1.0,
      "scale": 1.0
    },
    {
      "w": "2",
      "level": 1.0,
      "marginal": -0.0,
      "lower": 0.0,
      "upper": 1.0,
      "scale": 1.0
    },
    {
      "w": "3",
      "level": 0.0,
      "marginal": -0.0,
      "lower": 0.0,
      "upper": 1.0,
      "scale": 1.0
    }
  ],
  "selected_original": [
    26,
    28
  ],
  "selection_vector": [
    0,
    0,
    0,
    0,
    0,
    0,
    0,
    0,
    0,
    0,
    0,
    0,
    0,
    0,
    0,
    0,
    0,
    0,
    0,
    0,
    0,
    0,
    0,
    0,
    0,
    0,
    1,
    0,
    1,
    0
  ],
  "importance_vector": [
    0.0,
    0.0,
    0.0,
    0.0,
    0.0,
    0.0,
    0.0,
    0.0,
    0.0,
    0.0,
    0.0,
    0.0,
    0.0,
    0.0,
    0.0,
    0.0,
    0.0,
    0.0,
    0.0,
    0.0,
    0.0,
    0.0,
    0.0,
    0.0,
    0.0,
    0.0,
    109.34834980623725,
    0.0,
    128.4709923150766,
    0.0
  ],
  "importance_vector_norm": [
    0.0,
    0.0,
    0.0,
    0.0,
    0.0,
    0.0,
    0.0,
    0.0,
    0.0,
    0.0,
    0.0,
    0.0,
    0.0,
    0.0,
    0.0,
    0.0,
    0.0,
    0.0,
    0.0,
    0.0,
    0.0,
    0.0,
    0.0,
    0.0,
    0.0,
    0.0,
    0.4597958636621644,
    0.0,
    0.5402041363378356,
    0.0
  ],
  "selected_sensors": [
    1,
    2,
    3,
    4,
    5,
    6,
    7,
    8,
    9,
    10,
    11,
    12,
    13,
    14,
    15,
    16
  ],
  "selected_windows": [
    27,
    29
  ],
  "X_train_shape_next": [
    100,
    16,
    2
  ],
  "X_val_shape_next": [
    100,
    16,
    2
  ],
  "M_curr": 16,
  "W_curr": 3,
  "input_dim": 48,
  "orig_indices": [
    26,
    28,
    29,
    56,
    58,
    59,
    86,
    88,
    89,
    116,
    118,
    119,
    146,
    148,
    149,
    176,
    178,
    179,
    206,
    208,
    209,
    236,
    238,
    239,
    266,
    268,
    269,
    296,
    298,
    299,
    326,
    328,
    329,
    356,
    358,
    359,
    386,
    388,
    389,
    416,
    418,
    419,
    446,
    448,
    449,
    476,
    478,
    479
  ],
  "surrogate_from_baseline": false,
  "hidden_sizes": [
    10
  ],
  "mlp_mode": "mlp_transfer",
  "mlp_metrics": {
    "train_mse": 76.99302673339844,
    "val_mse": 95.75898742675781,
    "train_rmse": 8.774567039654917,
    "val_rmse": 9.78565212066921,
    "train_mae": 7.063837051391602,
    "val_mae": 7.84695291519165,
    "train_r2": -0.10398352146148682,
    "val_r2": -0.4000753164291382
  },
  "mlp_train_time": 3.42719972319901
}