{
  "iter_idx": 30,
  "n0_value": 0,
  "mode": "windows",
  "is_final_mlp": true,
  "orig_indices": [
    28,
    58,
    88,
    118,
    148,
    178,
    208,
    238,
    268,
    298,
    328,
    358,
    388,
    418,
    448,
    478
  ],
  "input_dim": 16,
  "hidden_sizes": [
    10
  ],
  "mlp_mode": "mlp_transfer",
  "mlp_metrics": {
    "train_mse": 106.93749237060547,
    "val_mse": 123.26408386230469,
    "train_rmse": 10.341058571084755,
    "val_rmse": 11.102435942724673,
    "train_mae": 8.278940200805664,
    "val_mae": 8.941244125366211,
    "train_r2": -0.5333495140075684,
    "val_r2": -0.802222490310669
  },
  "mlp_train_time": 3.466021375032142
}