{
  "iter_idx": 27,
  "n0_value": 3,
  "mode": "windows",
  "baseline_mode": "capped",
  "baseline_slack": 0.0,
  "baseline_mae_clusters": 7.065102633344534,
  "baseline_mae_floor": 7.065102633344534,
  "summary_1": [
    {
      "Solver Status": "Normal",
      "Model Status": "OptimalGlobal",
      "Objective": 11.3614314698107,
      "Num of Equations": 4236,
      "Num of Variables": 3189,
      "Model Type": "MIP",
      "Solver": "GUROBI",
      "Solver Time": 0.264
    }
  ],
  "summary_2": [
    {
      "Solver Status": "Normal",
      "Model Status": "OptimalGlobal",
      "Objective": 7.06510263334453,
      "Num of Equations": 7597,
      "Num of Variables": 4879,
      "Model Type": "MIP",
      "Solver": "GUROBI",
      "Solver Time": 0.392
    }
  ],
  "selection_df": [
    {
      "w": "1",
      "level": 1.0,
      "marginal": -0.0,
      "lower": 0.0,
      "upper": 1.0,
      "scale": 1.0
    },
    {
      "w": "2",
      "level": 1.0,
      "marginal": -0.0,
      "lower": 0.0,
      "upper": 1.0,
      "scale": 1.0
    },
    {
      "w": "3",
      "level": 1.0,
      "marginal": -0.0,
      "lower": 0.0,
      "upper": 1.0,
      "scale": 1.0
    },
    {
      "w": "4",
      "level": 0.0,
      "marginal": -0.0,
      "lower": 0.0,
      "upper": 1.0,
      "scale": 1.0
    }
  ],
  "selected_original": [
    0,
    1,
    2
  ],
  "selection_vector": [
    1,
    1,
    1,
    0,
    0,
    0,
    0,
    0,
    0,
    0,
    0,
    0,
    0,
    0,
    0,
    0,
    0,
    0,
    0,
    0,
    0,
    0,
    0,
    0,
    0,
    0,
    0,
    0,
    0,
    0
  ],
  "importance_vector": [
    45.814894138252185,
    43.49666616426887,
    45.60207191499333,
    0.0,
    0.0,
    0.0,
    0.0,
    0.0,
    0.0,
    0.0,
    0.0,
    0.0,
    0.0,
    0.0,
    0.0,
    0.0,
    0.0,
    0.0,
    0.0,
    0.0,
    0.0,
    0.0,
    0.0,
    0.0,
    0.0,
    0.0,
    0.0,
    0.0,
    0.0,
    0.0
  ],
  "importance_vector_norm": [
    0.33958684074554574,
    0.3224037886263518,
    0.3380093706281025,
    0.0,
    0.0,
    0.0,
    0.0,
    0.0,
    0.0,
    0.0,
    0.0,
    0.0,
    0.0,
    0.0,
    0.0,
    0.0,
    0.0,
    0.0,
    0.0,
    0.0,
    0.0,
    0.0,
    0.0,
    0.0,
    0.0,
    0.0,
    0.0,
    0.0,
    0.0,
    0.0
  ],
  "selected_sensors": [
    1,
    2,
    3,
    4,
    5,
    6,
    7,
    8,
    9,
    10,
    11,
    12,
    13,
    14,
    15,
    16,
    17,
    18,
    19,
    20,
    21
  ],
  "selected_windows": [
    1,
    2,
    3
  ],
  "X_train_shape_next": [
    100,
    21,
    3
  ],
  "X_val_shape_next": [
    100,
    21,
    3
  ],
  "M_curr": 21,
  "W_curr": 4,
  "input_dim": 84,
  "orig_indices": [
    0,
    1,
    2,
    3,
    30,
    31,
    32,
    33,
    60,
    61,
    62,
    63,
    90,
    91,
    92,
    93,
    120,
    121,
    122,
    123,
    150,
    151,
    152,
    153,
    180,
    181,
    182,
    183,
    210,
    211,
    212,
    213,
    240,
    241,
    242,
    243,
    270,
    271,
    272,
    273,
    300,
    301,
    302,
    303,
    330,
    331,
    332,
    333,
    360,
    361,
    362,
    363,
    390,
    391,
    392,
    393,
    420,
    421,
    422,
    423,
    450,
    451,
    452,
    453,
    480,
    481,
    482,
    483,
    510,
    511,
    512,
    513,
    540,
    541,
    542,
    543,
    570,
    571,
    572,
    573,
    600,
    601,
    602,
    603
  ],
  "surrogate_from_baseline": false,
  "hidden_sizes": [
    10,
    10
  ],
  "mlp_mode": "mlp_transfer",
  "mlp_metrics": {
    "train_mse": 113.98617553710938,
    "val_mse": 171.30628967285156,
    "train_rmse": 10.676430842613527,
    "val_rmse": 13.088402869443298,
    "train_mae": 8.727448463439941,
    "val_mae": 10.071948051452637,
    "train_r2": -0.6914304494857788,
    "val_r2": -1.0985729694366455
  },
  "mlp_train_time": 3.4370575910434127
}