{
  "iter_idx": 30,
  "n0_value": 0,
  "mode": "windows",
  "is_final_mlp": true,
  "orig_indices": [
    1,
    31,
    61,
    91,
    121,
    151,
    181,
    211,
    241,
    271,
    301,
    331,
    361,
    391,
    421,
    451,
    481,
    511,
    541,
    571,
    601
  ],
  "input_dim": 21,
  "hidden_sizes": [
    10,
    10
  ],
  "mlp_mode": "mlp_transfer",
  "mlp_metrics": {
    "train_mse": 369.258056640625,
    "val_mse": 497.3713684082031,
    "train_rmse": 19.216088484408708,
    "val_rmse": 22.30182432914857,
    "train_mae": 17.029661178588867,
    "val_mae": 19.73126983642578,
    "train_r2": -4.479386329650879,
    "val_r2": -5.0930047035217285
  },
  "mlp_train_time": 3.53973585809581
}