{
  "iter_idx": 15,
  "n0_value": 0,
  "mode": "sensors",
  "is_final_mlp": true,
  "orig_indices": [
    150,
    151,
    152,
    153,
    154,
    155,
    156,
    157,
    158,
    159,
    160,
    161,
    162,
    163,
    164,
    165,
    166,
    167,
    168,
    169,
    170,
    171,
    172,
    173,
    174,
    175,
    176,
    177,
    178,
    179
  ],
  "input_dim": 30,
  "hidden_sizes": [
    10
  ],
  "mlp_mode": "mlp_transfer",
  "mlp_metrics": {
    "train_mse": 101.36388397216797,
    "val_mse": 123.8617935180664,
    "train_rmse": 10.067963248451395,
    "val_rmse": 11.129321341306774,
    "train_mae": 7.6426544189453125,
    "val_mae": 7.98130989074707,
    "train_r2": -0.4534311294555664,
    "val_r2": -0.7516103982925415
  },
  "mlp_train_time": 3.505821076920256
}