{
  "iter_idx": 4,
  "n0_value": 1,
  "mode": "sensors",
  "baseline_mode": "capped",
  "baseline_slack": 0.0,
  "baseline_mae_clusters": 5.068696772086887,
  "baseline_mae_floor": 5.068696772086887,
  "summary_1": [
    {
      "Solver Status": "Normal",
      "Model Status": "OptimalGlobal",
      "Objective": 8.45622442085843,
      "Num of Equations": 2172,
      "Num of Variables": 1623,
      "Model Type": "MIP",
      "Solver": "GUROBI",
      "Solver Time": 0.025
    }
  ],
  "summary_2": [
    {
      "Solver Status": "Resource",
      "Model Status": "Feasible",
      "Objective": 6.57688523692151,
      "Num of Equations": 2973,
      "Num of Variables": 2033,
      "Model Type": "MIP",
      "Solver": "GUROBI",
      "Solver Time": 60.09
    }
  ],
  "selection_df": [
    {
      "s": "1",
      "level": 0.0,
      "marginal": -0.0,
      "lower": 0.0,
      "upper": 1.0,
      "scale": 1.0
    },
    {
      "s": "2",
      "level": 1.0,
      "marginal": -0.0,
      "lower": 0.0,
      "upper": 1.0,
      "scale": 1.0
    }
  ],
  "selected_original": [
    3
  ],
  "selection_vector": [
    0,
    0,
    0,
    1,
    0
  ],
  "importance_vector": [
    0.0,
    0.0,
    0.0,
    61.96707151627669,
    0.0
  ],
  "importance_vector_norm": [
    0.0,
    0.0,
    0.0,
    1.0,
    0.0
  ],
  "selected_sensors": [
    4
  ],
  "selected_windows": [
    1,
    2,
    3,
    4,
    5,
    6,
    7,
    8,
    9,
    10
  ],
  "X_train_shape_next": [
    3014,
    1,
    10
  ],
  "X_val_shape_next": [
    319,
    1,
    10
  ],
  "M_curr": 2,
  "W_curr": 10,
  "input_dim": 20,
  "orig_indices": [
    20,
    21,
    22,
    23,
    24,
    25,
    26,
    27,
    28,
    29,
    30,
    31,
    32,
    33,
    34,
    35,
    36,
    37,
    38,
    39
  ],
  "surrogate_from_baseline": false,
  "hidden_sizes": [
    10
  ],
  "mlp_mode": "mlp_rebuild",
  "mlp_metrics": {
    "train_mse": 200.84645080566406,
    "val_mse": 155.8820343017578,
    "train_rmse": 14.172030581595005,
    "val_rmse": 12.485272696331378,
    "train_mae": 11.344890594482422,
    "val_mae": 10.019692420959473,
    "train_r2": -0.3695284128189087,
    "val_r2": -0.14258825778961182
  },
  "mlp_train_time": 4.833033744012937
}