{
  "iter_idx": 5,
  "n0_value": 0,
  "mode": "sensors",
  "is_final_mlp": true,
  "orig_indices": [
    30,
    31,
    32,
    33,
    34,
    35,
    36,
    37,
    38,
    39
  ],
  "input_dim": 10,
  "hidden_sizes": [
    10
  ],
  "mlp_mode": "mlp_rebuild",
  "mlp_metrics": {
    "train_mse": 241.4822540283203,
    "val_mse": 244.79281616210938,
    "train_rmse": 15.539699290151026,
    "val_rmse": 15.645856197795933,
    "train_mae": 12.370040893554688,
    "val_mae": 12.540727615356445,
    "train_r2": -0.6466151475906372,
    "val_r2": -0.7942887544631958
  },
  "mlp_train_time": 4.88461243303027
}