{
  "iter_idx": [
    0,
    1,
    2,
    3,
    4
  ],
  "n0_value": [
    5,
    4,
    3,
    2,
    1
  ],
  "selection_vector": [
    [
      1,
      1,
      1,
      1,
      1
    ],
    [
      1,
      0,
      1,
      1,
      1
    ],
    [
      1,
      0,
      1,
      1,
      0
    ],
    [
      0,
      0,
      1,
      1,
      0
    ],
    [
      0,
      0,
      0,
      1,
      0
    ]
  ],
  "importance_vector": [
    [
      25.238420486450195,
      22.072595596313477,
      32.855037689208984,
      24.07794189453125,
      25.632320404052734
    ],
    [
      47.64986038208008,
      0.0,
      61.48551940917969,
      45.62830352783203,
      48.708251953125
    ],
    [
      52.84783935546875,
      0.0,
      44.2099723815918,
      48.4457893371582,
      0.0
    ],
    [
      0.0,
      0.0,
      61.6596565246582,
      58.30493927001953,
      0.0
    ],
    [
      0.0,
      0.0,
      0.0,
      61.967071533203125,
      0.0
    ]
  ]
}